-- phpMyAdmin SQL Dump
-- version 4.8.1
-- https://www.phpmyadmin.net/
--
-- Host: 127.0.0.1
-- Generation Time: Nov 22, 2019 at 07:28 PM
-- Server version: 10.1.33-MariaDB
-- PHP Version: 7.2.6

SET SQL_MODE = "NO_AUTO_VALUE_ON_ZERO";
SET AUTOCOMMIT = 0;
START TRANSACTION;
SET time_zone = "+00:00";


/*!40101 SET @OLD_CHARACTER_SET_CLIENT=@@CHARACTER_SET_CLIENT */;
/*!40101 SET @OLD_CHARACTER_SET_RESULTS=@@CHARACTER_SET_RESULTS */;
/*!40101 SET @OLD_COLLATION_CONNECTION=@@COLLATION_CONNECTION */;
/*!40101 SET NAMES utf8mb4 */;

--
-- Database: `tokasdraft`
--

-- --------------------------------------------------------

--
-- Table structure for table `addresses`
--

CREATE TABLE `addresses` (
  `id` int(10) UNSIGNED NOT NULL,
  `entity_type` varchar(191) COLLATE utf8mb4_unicode_ci DEFAULT NULL,
  `entity_id` int(10) DEFAULT NULL,
  `office_id` int(11) NOT NULL,
  `address_type` int(11) NOT NULL,
  `street_address` varchar(191) COLLATE utf8mb4_unicode_ci NOT NULL,
  `PO_box` varchar(191) COLLATE utf8mb4_unicode_ci DEFAULT NULL,
  `postal_code` varchar(191) COLLATE utf8mb4_unicode_ci DEFAULT NULL,
  `city` varchar(191) COLLATE utf8mb4_unicode_ci DEFAULT NULL,
  `state` varchar(191) COLLATE utf8mb4_unicode_ci DEFAULT NULL,
  `country` varchar(191) COLLATE utf8mb4_unicode_ci DEFAULT NULL,
  `created_at` timestamp NULL DEFAULT NULL,
  `updated_at` timestamp NULL DEFAULT NULL
) ENGINE=InnoDB DEFAULT CHARSET=utf8mb4 COLLATE=utf8mb4_unicode_ci;

--
-- Dumping data for table `addresses`
--

INSERT INTO `addresses` (`id`, `entity_type`, `entity_id`, `office_id`, `address_type`, `street_address`, `PO_box`, `postal_code`, `city`, `state`, `country`, `created_at`, `updated_at`) VALUES
(1, 'Provider', 1, 0, 1, 'Oppelnerstr', '703', '70372', 'Stuttgart', 'Deutschland', 'US', '2018-10-05 19:14:04', '2018-10-12 18:44:12'),
(2, 'Provider', 2, 0, 1, 'Oppelnerstr', '111', '70372', 'Stuttgart', 'Baden', 'US', '2018-10-05 19:35:01', '2018-10-12 17:54:51'),
(3, 'Provider', 3, 0, 1, 'Oppelnerstr 1', '1', '70372', 'Stuttgart', 'Deutschland', 'DE', '2018-10-05 19:43:21', '2018-10-12 18:40:20'),
(63, 'Dealer', 73, 1, 2, 'g123999', '7300033449', '33449', '123', '1g23', 'DE', '2018-10-29 21:39:10', '2019-11-06 09:21:10'),
(64, 'Dealer', 73, 3, 1, '0123111kkk', '12311', '123', '123', '0123111', 'DE', '2018-10-29 22:25:36', '2019-11-06 09:21:10'),
(66, 'Dealer', 73, 5, 2, 'Lorem address', '123', '123', '123', '123', 'DE', '2018-10-29 22:29:08', '2019-11-06 10:23:06'),
(67, 'Dealer', 74, 6, 1, '123üj', '123', '33378', '123', '123ü', 'DE', '2018-10-30 10:04:11', '2018-10-30 15:39:14'),
(68, 'Dealer', 75, 7, 1, '12399', '123', '26871', '123', '12399999', 'DE', '2018-10-30 10:17:52', '2018-10-30 15:19:59'),
(69, 'Dealer', 74, 9, 2, '123s', '123s', '123', '123', '123s', 'DE', '2018-10-30 10:56:06', '2018-10-30 10:56:06'),
(70, 'Dealer', 76, 10, 1, 'j123', 'j123', '33179', '123', '123', 'DE', '2018-10-31 09:51:06', '2018-10-31 09:51:06'),
(71, 'Dealer', 73, 11, 2, '444123', '444123', '444123', '123', '123', 'DE', '2018-11-07 08:49:27', '2018-11-07 08:49:27'),
(75, 'Dealer', 91, 15, 2, '12334', '34123', '12334', '12334', '12343', 'DE', '2018-11-19 14:17:26', '2018-11-20 14:10:47'),
(76, 'Dealer', 91, 16, 1, '1123', '123', '33442', '123', '123', 'DE', '2018-11-20 14:08:42', '2018-11-20 14:10:47'),
(77, 'Dealer', 92, 17, 1, '123', '123', '26871', '123', '123', 'DE', '2018-12-20 08:06:25', '2018-12-20 08:06:25'),
(78, 'Dealer', 93, 18, 1, '123', '123', '26871', '123', '123', 'DE', '2018-12-20 08:17:39', '2018-12-20 08:17:39'),
(88, 'Dealer', 73, 36, 2, '123', '123', '33378', '123', '123', 'DE', '2019-01-02 06:55:39', '2019-01-02 06:55:39'),
(89, 'Dealer', 101, 44, 1, '123', '123', '123', '123', '123', 'DE', '2019-10-30 15:04:16', '2019-10-30 15:04:16'),
(90, 'Dealer', 102, 45, 1, '123', '123', '123', '123', '123', 'DE', '2019-10-30 15:07:03', '2019-10-30 15:07:03'),
(91, 'Dealer', 103, 46, 1, '123', '123', '123', '123', '123', 'DE', '2019-10-30 15:07:49', '2019-10-30 15:07:49'),
(92, 'Dealer', 104, 47, 1, '123', '123', '123', '123', '123', 'DE', '2019-10-30 15:09:22', '2019-10-30 15:09:22'),
(93, 'Dealer', 105, 48, 1, '123', '123', '123', '123', '123', 'DE', '2019-10-31 09:13:30', '2019-10-31 09:13:30'),
(94, 'Dealer', 106, 49, 1, '123', '123', '123', '123', '123', 'DE', '2019-10-31 09:15:11', '2019-10-31 09:15:11'),
(95, 'Dealer', 107, 50, 1, '123', '123', '123', '123', '123', 'DE', '2019-10-31 09:37:27', '2019-10-31 09:37:27'),
(96, 'Dealer', 108, 51, 1, '123', '123', '123', '123', '123', 'DE', '2019-10-31 09:38:01', '2019-10-31 09:38:01'),
(97, 'Dealer', 109, 52, 1, '123', '123', '123', '123', '123', 'DE', '2019-10-31 09:38:34', '2019-10-31 09:38:34'),
(98, 'Dealer', 73, 53, 2, 'Street', 'PObox', '170329', 'Stuttgart', 'Baden Würtemberg', 'DE', '2019-11-06 07:59:40', '2019-11-06 07:59:40'),
(99, 'Dealer', 73, 54, 2, 'Street', 'PObox', '170329', 'Stuttgart', 'Baden Würtemberg', 'DE', '2019-11-06 08:02:18', '2019-11-06 08:02:18');

-- --------------------------------------------------------

--
-- Table structure for table `bank_accounts`
--

CREATE TABLE `bank_accounts` (
  `id` int(10) UNSIGNED NOT NULL,
  `entity_type` varchar(191) COLLATE utf8mb4_unicode_ci DEFAULT NULL,
  `entity_id` int(11) DEFAULT NULL,
  `IBAN` varchar(191) COLLATE utf8mb4_unicode_ci DEFAULT NULL,
  `cash_deposit` varchar(191) COLLATE utf8mb4_unicode_ci DEFAULT NULL,
  `created_at` timestamp NULL DEFAULT NULL,
  `updated_at` timestamp NULL DEFAULT NULL
) ENGINE=InnoDB DEFAULT CHARSET=utf8mb4 COLLATE=utf8mb4_unicode_ci;

--
-- Dumping data for table `bank_accounts`
--

INSERT INTO `bank_accounts` (`id`, `entity_type`, `entity_id`, `IBAN`, `cash_deposit`, `created_at`, `updated_at`) VALUES
(15, 'Dealer', 73, 'DE999', 'on', '2018-10-29 21:39:10', '2018-11-07 08:45:28'),
(16, 'Dealer', 74, 'aDE000012345', 'on', '2018-10-30 10:04:11', '2018-10-30 15:42:22'),
(17, 'Dealer', 75, 'DE1111', 'on', '2018-10-30 10:17:52', '2018-10-30 10:17:52'),
(18, 'Dealer', 76, 'JE1222', 'on', '2018-10-31 09:51:06', '2018-10-31 09:51:06'),
(23, 'Dealer', 91, 'DEduman', 'on', '2018-11-19 14:17:26', '2018-11-20 11:19:29'),
(24, 'Dealer', 92, 'DE26871', 'on', '2018-12-20 08:06:25', '2018-12-20 08:06:25'),
(25, 'Dealer', 93, 'DE2222', 'on', '2018-12-20 08:17:39', '2018-12-20 08:17:39'),
(26, 'Dealer', 101, 'DE123434343434', NULL, '2019-10-30 15:04:17', '2019-10-30 15:04:17'),
(27, 'Dealer', 102, 'DE123434343434', NULL, '2019-10-30 15:07:03', '2019-10-30 15:07:03'),
(28, 'Dealer', 103, 'DE123434343434', NULL, '2019-10-30 15:07:49', '2019-10-30 15:07:49'),
(29, 'Dealer', 104, 'DE123434343434', NULL, '2019-10-30 15:09:22', '2019-10-30 15:09:22'),
(30, 'Dealer', 105, 'DE123', NULL, '2019-10-31 09:13:30', '2019-10-31 11:10:40'),
(31, 'Dealer', 106, 'DE123', NULL, '2019-10-31 09:15:11', '2019-10-31 09:15:11'),
(32, 'Dealer', 107, 'DE3333', NULL, '2019-10-31 09:37:27', '2019-10-31 09:37:27'),
(33, 'Dealer', 108, 'DE3333', NULL, '2019-10-31 09:38:01', '2019-10-31 09:38:01'),
(34, 'Dealer', 109, 'DE3333', NULL, '2019-10-31 09:38:34', '2019-10-31 09:38:34');

-- --------------------------------------------------------

--
-- Table structure for table `contracts`
--

CREATE TABLE `contracts` (
  `id` int(10) UNSIGNED NOT NULL,
  `contract_type` smallint(6) NOT NULL,
  `provider_id` int(11) NOT NULL,
  `customer_id` int(11) NOT NULL,
  `salesperson_id` int(11) NOT NULL,
  `office_id` int(11) NOT NULL,
  `dealer_id` int(11) NOT NULL,
  `VO_id` int(11) NOT NULL,
  `status` smallint(6) NOT NULL,
  `created_at` timestamp NULL DEFAULT NULL,
  `updated_at` timestamp NULL DEFAULT NULL
) ENGINE=InnoDB DEFAULT CHARSET=utf8mb4 COLLATE=utf8mb4_unicode_ci;

--
-- Dumping data for table `contracts`
--

INSERT INTO `contracts` (`id`, `contract_type`, `provider_id`, `customer_id`, `salesperson_id`, `office_id`, `dealer_id`, `VO_id`, `status`, `created_at`, `updated_at`) VALUES
(1, 1, 1, 10007, 26, 9, 74, 123000, 1, '2019-04-30 12:51:53', '2019-04-30 12:51:53'),
(2, 1, 1, 10077, 26, 9, 74, 123000, 1, '2019-04-30 13:34:19', '2019-04-30 13:34:19'),
(3, 1, 1, 10077, 26, 9, 74, 123000, 1, '2019-04-30 13:35:39', '2019-04-30 13:35:39'),
(4, 1, 1, 10077, 26, 9, 74, 123000, 1, '2019-04-30 13:36:48', '2019-04-30 13:36:48'),
(5, 1, 1, 10077, 26, 9, 74, 123000, 1, '2019-04-30 13:38:18', '2019-04-30 13:38:18'),
(6, 1, 1, 10077, 26, 9, 74, 123000, 1, '2019-04-30 13:46:58', '2019-04-30 13:46:58'),
(7, 1, 1, 10077, 26, 9, 74, 123000, 1, '2019-04-30 13:50:47', '2019-04-30 13:50:47'),
(8, 1, 1, 1234, 26, 9, 74, 123000, 1, '2019-05-03 06:10:12', '2019-05-03 06:10:12'),
(9, 1, 1, 1234, 26, 9, 74, 123000, 1, '2019-05-03 06:11:27', '2019-05-03 06:11:27'),
(10, 1, 1, 123, 26, 9, 74, 123000, 1, '2019-05-06 11:32:55', '2019-05-06 11:32:55'),
(11, 1, 1, 123, 26, 9, 74, 123000, 1, '2019-05-10 15:33:50', '2019-05-10 15:33:50'),
(12, 1, 1, 12, 26, 9, 74, 123000, 1, '2019-05-13 07:14:54', '2019-05-13 07:14:54'),
(13, 1, 1, 12, 26, 9, 74, 123000, 1, '2019-05-13 07:16:16', '2019-05-13 07:16:16'),
(14, 1, 1, 12, 26, 9, 74, 123000, 1, '2019-05-13 07:22:19', '2019-05-13 07:22:19'),
(15, 1, 1, 12, 26, 9, 74, 123000, 1, '2019-05-13 07:25:01', '2019-05-13 07:25:01'),
(16, 1, 1, 12, 26, 9, 74, 123000, 1, '2019-05-13 07:31:29', '2019-05-13 07:31:29'),
(17, 1, 1, 12, 26, 9, 74, 123000, 1, '2019-05-13 07:40:28', '2019-05-13 07:40:28'),
(18, 1, 1, 12, 26, 9, 74, 123000, 1, '2019-05-13 07:41:42', '2019-05-13 07:41:42'),
(19, 1, 1, 12, 26, 9, 74, 123000, 1, '2019-05-13 07:45:40', '2019-05-13 07:45:40'),
(20, 1, 1, 12, 26, 9, 74, 123000, 1, '2019-05-13 07:48:04', '2019-05-13 07:48:04'),
(21, 1, 1, 12, 26, 9, 74, 123000, 1, '2019-05-13 07:50:48', '2019-05-13 07:50:48'),
(22, 1, 1, 12, 26, 9, 74, 123000, 1, '2019-05-13 07:54:26', '2019-05-13 07:54:26'),
(23, 1, 1, 12, 26, 9, 74, 123000, 1, '2019-05-13 08:00:27', '2019-05-13 08:00:27'),
(24, 1, 1, 12, 26, 9, 74, 123000, 1, '2019-05-13 08:01:33', '2019-05-13 08:01:33'),
(25, 1, 1, 12, 26, 9, 74, 123000, 1, '2019-05-13 08:02:07', '2019-05-13 08:02:07'),
(26, 1, 1, 12, 26, 9, 74, 123000, 1, '2019-05-13 08:03:22', '2019-05-13 08:03:22'),
(27, 1, 1, 12, 26, 9, 74, 123000, 1, '2019-05-13 08:06:01', '2019-05-13 08:06:01'),
(28, 1, 1, 12, 26, 9, 74, 123000, 1, '2019-05-13 08:06:34', '2019-05-13 08:06:34'),
(29, 1, 1, 12, 26, 9, 74, 123000, 1, '2019-05-13 08:07:18', '2019-05-13 08:07:18'),
(30, 1, 1, 12, 26, 9, 74, 123000, 1, '2019-05-13 08:11:04', '2019-05-13 08:11:04'),
(31, 1, 1, 12, 26, 9, 74, 123000, 1, '2019-05-13 08:13:02', '2019-05-13 08:13:02'),
(32, 1, 1, 12, 26, 9, 74, 123000, 1, '2019-05-13 08:14:21', '2019-05-13 08:14:21'),
(33, 1, 1, 12, 26, 9, 74, 123000, 1, '2019-05-13 08:41:46', '2019-05-13 08:41:46'),
(34, 1, 1, 12, 26, 9, 74, 123000, 1, '2019-05-13 08:45:04', '2019-05-13 08:45:04'),
(35, 1, 1, 12, 26, 9, 74, 123000, 1, '2019-05-13 08:51:25', '2019-05-13 08:51:25'),
(36, 1, 1, 12, 26, 9, 74, 123000, 1, '2019-05-13 08:59:22', '2019-05-13 08:59:22'),
(37, 1, 1, 12, 26, 9, 74, 123000, 1, '2019-05-13 09:02:54', '2019-05-13 09:02:54'),
(38, 1, 1, 12, 26, 9, 74, 123000, 1, '2019-05-13 09:11:18', '2019-05-13 09:11:18'),
(39, 1, 1, 12, 26, 9, 74, 123000, 1, '2019-05-13 09:20:45', '2019-05-13 09:20:45'),
(40, 1, 1, 12, 26, 9, 74, 123000, 1, '2019-05-13 09:21:58', '2019-05-13 09:21:58'),
(41, 1, 1, 12, 26, 9, 74, 123000, 1, '2019-05-13 09:23:28', '2019-05-13 09:23:28'),
(42, 1, 1, 12, 26, 9, 74, 123000, 1, '2019-05-13 09:25:34', '2019-05-13 09:25:34'),
(43, 1, 1, 12, 26, 9, 74, 123000, 1, '2019-05-13 09:27:08', '2019-05-13 09:27:08'),
(44, 1, 1, 12, 26, 9, 74, 123000, 1, '2019-05-13 09:30:04', '2019-05-13 09:30:04'),
(45, 1, 1, 12, 26, 9, 74, 123000, 1, '2019-05-13 09:33:30', '2019-05-13 09:33:30'),
(46, 1, 1, 12, 26, 9, 74, 123000, 1, '2019-05-13 10:14:39', '2019-05-13 10:14:39'),
(47, 1, 1, 12, 26, 9, 74, 123000, 1, '2019-05-13 10:17:31', '2019-05-13 10:17:31'),
(48, 1, 1, 12, 26, 9, 74, 123000, 1, '2019-05-13 10:18:47', '2019-05-13 10:18:47'),
(49, 1, 1, 12, 26, 9, 74, 123000, 1, '2019-05-13 10:21:16', '2019-05-13 10:21:16'),
(50, 1, 1, 12, 26, 9, 74, 123000, 1, '2019-05-13 10:22:37', '2019-05-13 10:22:37'),
(51, 1, 1, 12, 26, 9, 74, 123000, 1, '2019-05-13 10:23:32', '2019-05-13 10:23:32'),
(52, 1, 1, 12, 26, 9, 74, 123000, 1, '2019-05-13 10:24:41', '2019-05-13 10:24:41'),
(53, 1, 1, 12, 26, 9, 74, 123000, 1, '2019-05-13 10:25:08', '2019-05-13 10:25:08'),
(54, 1, 1, 12, 26, 9, 74, 123000, 1, '2019-05-13 10:25:59', '2019-05-13 10:25:59'),
(55, 1, 1, 12, 26, 9, 74, 123000, 1, '2019-05-13 10:26:30', '2019-05-13 10:26:30'),
(56, 1, 1, 12, 26, 9, 74, 123000, 1, '2019-05-13 10:26:44', '2019-05-13 10:26:44'),
(57, 1, 1, 12, 26, 9, 74, 123000, 1, '2019-05-13 10:27:06', '2019-05-13 10:27:06'),
(58, 1, 1, 12, 26, 9, 74, 123000, 1, '2019-05-13 10:28:34', '2019-05-13 10:28:34'),
(59, 1, 1, 12, 26, 9, 74, 123000, 1, '2019-05-13 10:29:42', '2019-05-13 10:29:42'),
(60, 1, 1, 12, 26, 9, 74, 123000, 1, '2019-05-13 10:31:17', '2019-05-13 10:31:17'),
(61, 1, 1, 12, 26, 9, 74, 123000, 1, '2019-05-13 10:34:29', '2019-05-13 10:34:29'),
(62, 1, 1, 444, 26, 9, 74, 123000, 1, '2019-05-13 11:08:46', '2019-05-13 11:08:46'),
(63, 1, 1, 444, 26, 9, 74, 123000, 1, '2019-05-13 11:12:11', '2019-05-13 11:12:11'),
(64, 1, 1, 444, 26, 9, 74, 123000, 1, '2019-05-13 11:14:40', '2019-05-13 11:14:40'),
(65, 1, 1, 444, 26, 9, 74, 123000, 1, '2019-05-13 11:19:02', '2019-05-13 11:19:02'),
(66, 1, 1, 444, 26, 9, 74, 123000, 1, '2019-05-13 11:20:27', '2019-05-13 11:20:27'),
(67, 1, 1, 444, 26, 9, 74, 123000, 1, '2019-05-13 11:22:48', '2019-05-13 11:22:48'),
(68, 1, 1, 444, 26, 9, 74, 123000, 1, '2019-05-13 11:23:52', '2019-05-13 11:23:52'),
(69, 1, 1, 444, 26, 9, 74, 123000, 1, '2019-05-13 11:25:16', '2019-05-13 11:25:16'),
(70, 1, 1, 444, 26, 9, 74, 123000, 1, '2019-05-13 11:26:06', '2019-05-13 11:26:06'),
(71, 1, 1, 444, 26, 9, 74, 123000, 1, '2019-05-13 11:38:47', '2019-05-13 11:38:47'),
(72, 1, 1, 6666, 26, 9, 74, 123000, 1, '2019-05-13 12:23:25', '2019-05-13 12:23:25'),
(73, 1, 1, 6666, 26, 9, 74, 123000, 1, '2019-05-13 12:25:42', '2019-05-13 12:25:42'),
(74, 1, 1, 6666, 26, 9, 74, 123000, 1, '2019-05-13 12:28:11', '2019-05-13 12:28:11'),
(75, 1, 1, 6666, 26, 9, 74, 123000, 1, '2019-05-13 12:30:17', '2019-05-13 12:30:17'),
(76, 1, 1, 6666, 26, 9, 74, 123000, 1, '2019-05-13 12:31:46', '2019-05-13 12:31:46'),
(77, 1, 1, 6666, 26, 9, 74, 123000, 1, '2019-05-13 13:11:35', '2019-05-13 13:11:35'),
(78, 1, 1, 6666, 26, 9, 74, 123000, 1, '2019-05-13 13:26:16', '2019-05-13 13:26:16'),
(79, 1, 1, 6666, 26, 9, 74, 123000, 1, '2019-05-13 13:27:28', '2019-05-13 13:27:28'),
(80, 1, 1, 6666, 26, 9, 74, 123000, 1, '2019-05-13 13:29:37', '2019-05-13 13:29:37'),
(81, 1, 1, 6666, 26, 9, 74, 123000, 1, '2019-05-13 13:31:37', '2019-05-13 13:31:37'),
(82, 1, 1, 111, 26, 9, 74, 123000, 1, '2019-05-15 09:26:19', '2019-05-15 09:26:19'),
(83, 1, 1, 111, 26, 9, 74, 123000, 1, '2019-05-15 11:22:53', '2019-05-15 11:22:53'),
(84, 1, 1, 111, 26, 9, 74, 123000, 1, '2019-05-15 11:27:48', '2019-05-15 11:27:48'),
(85, 1, 1, 111, 26, 9, 74, 123000, 1, '2019-05-15 11:42:33', '2019-05-15 11:42:33'),
(86, 1, 1, 111, 26, 9, 74, 123000, 1, '2019-05-15 12:20:46', '2019-05-15 12:20:46'),
(87, 1, 1, 111, 26, 9, 74, 123000, 1, '2019-05-15 12:35:14', '2019-05-15 12:35:14'),
(88, 1, 1, 111, 26, 9, 74, 123000, 1, '2019-05-15 12:37:53', '2019-05-15 12:37:53'),
(89, 1, 1, 111, 26, 9, 74, 123000, 1, '2019-05-15 12:39:55', '2019-05-15 12:39:55'),
(90, 1, 1, 111, 26, 9, 74, 123000, 1, '2019-05-15 12:49:31', '2019-05-15 12:49:31'),
(91, 1, 1, 111, 26, 9, 74, 123000, 1, '2019-05-15 12:51:25', '2019-05-15 12:51:25'),
(92, 1, 1, 111, 26, 9, 74, 123000, 1, '2019-05-15 12:51:52', '2019-05-15 12:51:52'),
(93, 1, 1, 111, 26, 9, 74, 123000, 1, '2019-05-15 12:55:26', '2019-05-15 12:55:26'),
(94, 1, 1, 111, 26, 9, 74, 123000, 1, '2019-05-15 13:00:12', '2019-05-15 13:00:12'),
(95, 1, 1, 111, 26, 9, 74, 123000, 1, '2019-05-15 13:01:05', '2019-05-15 13:01:05'),
(96, 1, 1, 111, 26, 9, 74, 123000, 1, '2019-05-15 14:16:47', '2019-05-15 14:16:47'),
(97, 1, 1, 111, 26, 9, 74, 123000, 1, '2019-05-15 14:17:12', '2019-05-15 14:17:12'),
(98, 1, 1, 111, 26, 9, 74, 123000, 1, '2019-05-15 14:27:03', '2019-05-15 14:27:03'),
(99, 1, 1, 111, 26, 9, 74, 123000, 1, '2019-05-15 14:31:11', '2019-05-15 14:31:11'),
(100, 1, 1, 2, 26, 9, 74, 123000, 1, '2019-05-15 14:50:19', '2019-05-15 14:50:19'),
(101, 1, 1, 2, 26, 9, 74, 123000, 1, '2019-05-15 14:51:28', '2019-05-15 14:51:28'),
(102, 1, 1, 1, 26, 9, 74, 123000, 1, '2019-05-15 14:52:45', '2019-05-15 14:52:45'),
(103, 1, 1, 1, 26, 9, 74, 123000, 1, '2019-05-15 14:53:03', '2019-05-15 14:53:03'),
(104, 1, 1, 1, 26, 9, 74, 123000, 1, '2019-05-15 14:53:23', '2019-05-15 14:53:23'),
(105, 1, 1, 1, 26, 9, 74, 123000, 1, '2019-05-15 14:53:43', '2019-05-15 14:53:43'),
(106, 1, 1, 1, 26, 9, 74, 123000, 1, '2019-05-15 14:54:33', '2019-05-15 14:54:33'),
(107, 1, 1, 1, 26, 9, 74, 123000, 1, '2019-05-15 14:54:54', '2019-05-15 14:54:54'),
(108, 1, 1, 33, 26, 9, 74, 123000, 1, '2019-05-15 15:08:23', '2019-05-15 15:08:23'),
(109, 1, 1, 111, 26, 9, 74, 123000, 1, '2019-05-15 15:10:44', '2019-05-15 15:10:44'),
(110, 1, 1, 111, 26, 9, 74, 123000, 1, '2019-05-15 15:12:33', '2019-05-15 15:12:33'),
(111, 1, 1, 111, 26, 9, 74, 123000, 1, '2019-05-15 15:14:12', '2019-05-15 15:14:12'),
(112, 1, 1, 111, 26, 9, 74, 123000, 1, '2019-05-15 15:15:48', '2019-05-15 15:15:48'),
(113, 1, 1, 111, 26, 9, 74, 123000, 1, '2019-05-15 15:21:14', '2019-05-15 15:21:14'),
(114, 1, 1, 111, 26, 9, 74, 123000, 1, '2019-05-15 15:21:54', '2019-05-15 15:21:54'),
(115, 1, 1, 111, 26, 9, 74, 123000, 1, '2019-05-15 15:22:13', '2019-05-15 15:22:13'),
(116, 1, 1, 111, 26, 9, 74, 123000, 1, '2019-05-15 15:23:21', '2019-05-15 15:23:21'),
(117, 1, 1, 111, 26, 9, 74, 123000, 1, '2019-05-15 15:25:25', '2019-05-15 15:25:25'),
(118, 1, 1, 111, 26, 9, 74, 123000, 1, '2019-05-15 15:26:19', '2019-05-15 15:26:19'),
(119, 1, 1, 1, 26, 9, 74, 123000, 1, '2019-05-16 09:15:48', '2019-05-16 09:15:48'),
(120, 1, 1, 1, 26, 9, 74, 123000, 1, '2019-05-16 09:17:31', '2019-05-16 09:17:31'),
(121, 1, 1, 1, 26, 9, 74, 123000, 1, '2019-05-16 09:20:12', '2019-05-16 09:20:12'),
(122, 1, 1, 1, 26, 9, 74, 123000, 1, '2019-05-16 09:23:43', '2019-05-16 09:23:43'),
(123, 1, 1, 1, 26, 9, 74, 123000, 1, '2019-05-16 09:31:07', '2019-05-16 09:31:07'),
(124, 1, 1, 345, 26, 9, 74, 123000, 1, '2019-05-22 13:27:32', '2019-05-22 13:27:32'),
(125, 1, 1, 149, 26, 9, 74, 123000, 1, '2019-05-22 13:35:26', '2019-05-22 13:35:26'),
(126, 1, 1, 151, 26, 9, 74, 123000, 1, '2019-05-22 13:38:28', '2019-05-22 13:38:28'),
(127, 1, 1, 151, 26, 9, 74, 123000, 1, '2019-05-22 13:42:03', '2019-05-22 13:42:03'),
(128, 1, 1, 149, 26, 9, 74, 123000, 3, '2019-05-22 14:05:49', '2019-05-22 14:09:32'),
(129, 1, 1, 155, 26, 9, 74, 123000, 0, '2019-05-23 07:15:07', '2019-05-23 07:15:07'),
(130, 1, 1, 121, 26, 9, 74, 123000, 0, '2019-07-01 12:05:44', '2019-07-01 12:05:44'),
(131, 1, 1, 121, 26, 9, 74, 123000, 0, '2019-07-01 12:21:30', '2019-07-01 12:21:30'),
(132, 1, 1, 176, 26, 9, 74, 123000, 1, '2019-07-01 12:43:04', '2019-07-01 12:44:07'),
(133, 1, 1, 177, 26, 9, 74, 123000, 1, '2019-07-01 13:16:14', '2019-07-01 13:16:29'),
(134, 1, 1, 101, 26, 9, 74, 123000, 1, '2019-07-02 12:41:02', '2019-07-02 12:42:43'),
(135, 1, 1, 180, 26, 9, 74, 123000, 1, '2019-07-03 07:09:40', '2019-07-03 07:09:48'),
(136, 1, 1, 29, 26, 9, 74, 123000, 1, '2019-07-03 07:21:54', '2019-07-03 07:21:59'),
(137, 1, 1, 101, 26, 9, 74, 123000, 1, '2019-07-03 11:32:12', '2019-07-03 11:32:16'),
(138, 1, 1, 206, 26, 6, 74, 123000, 0, '2019-10-07 13:32:47', '2019-10-07 13:32:47'),
(139, 1, 1, 206, 26, 6, 74, 123000, 0, '2019-10-07 13:34:06', '2019-10-07 13:34:06'),
(140, 1, 1, 209, 26, 6, 74, 123000, 0, '2019-10-07 14:12:58', '2019-10-07 14:12:58'),
(141, 1, 1, 209, 26, 6, 74, 123000, 0, '2019-10-07 14:34:04', '2019-10-07 14:34:04'),
(142, 1, 1, 209, 26, 6, 74, 123000, 0, '2019-10-07 14:34:27', '2019-10-07 14:34:27'),
(143, 1, 1, 209, 26, 6, 74, 123000, 0, '2019-10-07 14:34:55', '2019-10-07 14:34:55'),
(144, 1, 1, 209, 26, 6, 74, 123000, 0, '2019-10-07 14:35:33', '2019-10-07 14:35:33'),
(145, 1, 1, 209, 26, 6, 74, 123000, 0, '2019-10-07 14:35:53', '2019-10-07 14:35:53'),
(146, 1, 1, 209, 26, 6, 74, 123000, 0, '2019-10-07 14:37:11', '2019-10-07 14:37:11'),
(147, 1, 1, 209, 26, 6, 74, 123000, 0, '2019-10-07 14:37:22', '2019-10-07 14:37:22'),
(148, 1, 1, 209, 26, 6, 74, 123000, 0, '2019-10-07 14:39:07', '2019-10-07 14:39:07'),
(149, 1, 1, 218, 26, 6, 74, 123000, 0, '2019-10-08 07:02:18', '2019-10-08 07:02:18'),
(150, 1, 1, 218, 26, 6, 74, 123000, 0, '2019-10-08 07:06:05', '2019-10-08 07:06:05'),
(151, 1, 1, 218, 26, 6, 74, 123000, 0, '2019-10-08 07:08:17', '2019-10-08 07:08:17'),
(152, 1, 1, 218, 26, 6, 74, 123000, 0, '2019-10-08 07:08:42', '2019-10-08 07:08:42'),
(153, 1, 1, 222, 26, 6, 74, 123000, 0, '2019-10-08 07:12:49', '2019-10-08 07:12:49'),
(154, 1, 1, 222, 26, 6, 74, 123000, 1, '2019-10-08 07:13:02', '2019-10-08 07:28:05'),
(155, 1, 1, 101, 26, 6, 74, 123000, 0, '2019-10-09 07:06:29', '2019-10-09 07:06:29'),
(156, 1, 1, 101, 26, 6, 74, 123000, 0, '2019-10-09 07:08:23', '2019-10-09 07:08:23'),
(157, 1, 1, 101, 26, 6, 74, 123000, 0, '2019-10-09 07:13:08', '2019-10-09 07:13:08'),
(158, 1, 1, 101, 26, 6, 74, 123000, 0, '2019-10-09 07:21:55', '2019-10-09 07:21:55'),
(159, 1, 1, 101, 26, 6, 74, 123000, 0, '2019-10-09 07:27:35', '2019-10-09 07:27:35'),
(160, 1, 1, 101, 26, 6, 74, 123000, 1, '2019-10-09 07:34:54', '2019-10-09 07:35:01'),
(161, 1, 1, 127, 26, 6, 74, 123000, 1, '2019-10-09 07:38:45', '2019-10-09 07:38:59'),
(162, 1, 1, 231, 26, 6, 74, 123000, 1, '2019-10-09 07:41:24', '2019-10-09 07:41:32'),
(163, 1, 1, 232, 26, 6, 74, 123000, 0, '2019-10-09 07:48:22', '2019-10-09 07:48:22'),
(164, 1, 1, 234, 26, 6, 74, 123000, 1, '2019-10-09 07:50:11', '2019-10-09 07:50:16'),
(165, 1, 1, 231, 26, 6, 74, 123000, 1, '2019-10-09 08:10:06', '2019-10-09 08:10:15'),
(166, 1, 1, 231, 26, 6, 74, 123000, 0, '2019-10-16 08:09:09', '2019-10-16 08:09:09'),
(167, 1, 1, 231, 26, 6, 74, 123000, 0, '2019-10-17 06:18:38', '2019-10-17 06:18:38'),
(168, 1, 1, 231, 26, 6, 74, 123000, 0, '2019-10-17 17:30:44', '2019-10-17 17:30:44'),
(169, 1, 1, 234, 26, 6, 74, 123000, 0, '2019-10-17 17:35:39', '2019-10-17 17:35:39');

-- --------------------------------------------------------

--
-- Table structure for table `contract_related_addresses`
--

CREATE TABLE `contract_related_addresses` (
  `id` int(10) UNSIGNED NOT NULL,
  `related_id` int(11) NOT NULL,
  `contract_id` int(11) NOT NULL,
  `street` varchar(191) COLLATE utf8mb4_unicode_ci NOT NULL,
  `house_number` smallint(6) NOT NULL,
  `city` varchar(191) COLLATE utf8mb4_unicode_ci NOT NULL,
  `postal_code` int(11) NOT NULL,
  `country` varchar(191) COLLATE utf8mb4_unicode_ci NOT NULL,
  `created_at` timestamp NULL DEFAULT NULL,
  `updated_at` timestamp NULL DEFAULT NULL
) ENGINE=InnoDB DEFAULT CHARSET=utf8mb4 COLLATE=utf8mb4_unicode_ci;

-- --------------------------------------------------------

--
-- Table structure for table `customers`
--

CREATE TABLE `customers` (
  `id` int(10) UNSIGNED NOT NULL,
  `customer_type` smallint(6) NOT NULL,
  `salutation` varchar(191) COLLATE utf8mb4_unicode_ci DEFAULT NULL,
  `name` varchar(191) COLLATE utf8mb4_unicode_ci DEFAULT NULL,
  `surname` varchar(191) COLLATE utf8mb4_unicode_ci DEFAULT NULL,
  `birth_date` date DEFAULT NULL,
  `identity_type` smallint(6) DEFAULT NULL,
  `identity_card_number` varchar(191) COLLATE utf8mb4_unicode_ci DEFAULT NULL,
  `password` varchar(191) COLLATE utf8mb4_unicode_ci DEFAULT NULL,
  `contact_person` varchar(191) COLLATE utf8mb4_unicode_ci DEFAULT NULL,
  `company_name` varchar(191) COLLATE utf8mb4_unicode_ci DEFAULT NULL,
  `company_registration_number` varchar(191) COLLATE utf8mb4_unicode_ci DEFAULT NULL,
  `district_court` varchar(191) COLLATE utf8mb4_unicode_ci DEFAULT NULL,
  `created_at` timestamp NULL DEFAULT NULL,
  `updated_at` timestamp NULL DEFAULT NULL
) ENGINE=InnoDB DEFAULT CHARSET=utf8mb4 COLLATE=utf8mb4_unicode_ci;

--
-- Dumping data for table `customers`
--

INSERT INTO `customers` (`id`, `customer_type`, `salutation`, `name`, `surname`, `birth_date`, `identity_type`, `identity_card_number`, `password`, `contact_person`, `company_name`, `company_registration_number`, `district_court`, `created_at`, `updated_at`) VALUES
(1, 1, '1', 'asdf', 'asdf', '2019-04-30', 1, '1234', '123', 'sdfg', NULL, NULL, NULL, '2019-04-30 11:24:29', '2019-04-30 11:24:29'),
(7, 3, '2', NULL, NULL, '2019-04-24', 0, '12345', NULL, NULL, NULL, NULL, NULL, '2019-04-30 11:50:44', '2019-04-30 11:50:44'),
(10, 2, NULL, NULL, NULL, NULL, NULL, NULL, NULL, NULL, NULL, '123', '1111', '2019-04-30 12:23:09', '2019-04-30 12:23:09'),
(11, 1, '2', NULL, NULL, '2019-04-24', 0, '123459', NULL, NULL, NULL, NULL, NULL, '2019-04-30 12:45:03', '2019-04-30 12:45:03'),
(12, 1, '2', NULL, NULL, '2019-04-24', 0, '12345999', NULL, NULL, NULL, NULL, NULL, '2019-04-30 12:46:47', '2019-04-30 12:46:47'),
(13, 1, '2', NULL, NULL, '2019-04-24', 0, '1234577', NULL, NULL, NULL, NULL, NULL, '2019-04-30 12:49:52', '2019-04-30 12:49:52'),
(14, 1, '2', NULL, NULL, '2019-04-24', 0, '10007', NULL, NULL, NULL, NULL, NULL, '2019-04-30 12:51:53', '2019-04-30 12:51:53'),
(15, 1, '2', NULL, NULL, '2019-04-24', 0, '10077', NULL, NULL, NULL, NULL, NULL, '2019-04-30 13:17:46', '2019-04-30 13:17:46'),
(16, 1, '2', NULL, NULL, '2019-04-24', 0, '10077', NULL, NULL, NULL, NULL, NULL, '2019-04-30 13:24:01', '2019-04-30 13:24:01'),
(17, 1, '2', NULL, NULL, '2019-04-24', 0, '10077', NULL, NULL, NULL, NULL, NULL, '2019-04-30 13:34:19', '2019-04-30 13:34:19'),
(18, 1, '2', NULL, NULL, '2019-04-24', 0, '10077', NULL, NULL, NULL, NULL, NULL, '2019-04-30 13:35:39', '2019-04-30 13:35:39'),
(19, 1, '2', NULL, NULL, '2019-04-24', 0, '10077', NULL, NULL, NULL, NULL, NULL, '2019-04-30 13:36:48', '2019-04-30 13:36:48'),
(20, 1, '2', NULL, NULL, '2019-04-24', 0, '10077', NULL, 'wer', NULL, NULL, NULL, '2019-04-30 13:38:18', '2019-04-30 13:38:18'),
(21, 1, '2', NULL, NULL, '2019-04-24', 0, '10077', NULL, 'wer', NULL, NULL, NULL, '2019-04-30 13:39:37', '2019-04-30 13:39:37'),
(22, 1, '2', NULL, NULL, '2019-04-24', 0, '10077', NULL, 'wer', NULL, NULL, NULL, '2019-04-30 13:42:21', '2019-04-30 13:42:21'),
(23, 1, '2', NULL, NULL, '2019-04-24', 0, '10077', NULL, 'wer', NULL, NULL, NULL, '2019-04-30 13:43:04', '2019-04-30 13:43:04'),
(24, 1, '2', NULL, NULL, '2019-04-24', 0, '10077', NULL, 'wer', NULL, NULL, NULL, '2019-04-30 13:46:38', '2019-04-30 13:46:38'),
(25, 1, '2', NULL, NULL, '2019-04-24', 0, '10077', NULL, 'wer', NULL, NULL, NULL, '2019-04-30 13:46:58', '2019-04-30 13:46:58'),
(26, 1, '2', NULL, NULL, '2019-04-24', 0, '10077', NULL, 'wer', NULL, NULL, NULL, '2019-04-30 13:50:47', '2019-04-30 13:50:47'),
(27, 1, '2', 'qa', 'qw', '2019-05-07', 1, '1234', '123', 'qweqe', NULL, NULL, NULL, '2019-05-03 06:10:12', '2019-05-03 06:10:12'),
(28, 1, '2', 'qa', 'qw', '2019-05-07', 1, '1234', '123', 'qweqe', NULL, NULL, NULL, '2019-05-03 06:11:27', '2019-05-03 06:11:27'),
(29, 1, '2', 'aaa', 'aaa', '2019-05-17', 1, '123', '234', 'aaa', NULL, NULL, NULL, '2019-05-06 11:32:55', '2019-05-06 11:32:55'),
(30, 1, '2', 'wret', 'wert', '2019-05-10', 1, '123', 'wert', 'wret', NULL, NULL, NULL, '2019-05-10 15:33:50', '2019-05-10 15:33:50'),
(31, 1, '1', 'Deneme', 'Deneme', '2019-05-13', 1, '12', '12', 'Deneme', NULL, NULL, NULL, '2019-05-13 07:14:54', '2019-05-13 07:14:54'),
(32, 1, '1', 'Deneme', 'Deneme', '2019-05-13', 1, '12', '12', 'Deneme', NULL, NULL, NULL, '2019-05-13 07:16:16', '2019-05-13 07:16:16'),
(33, 1, '1', 'Deneme', 'Deneme', '2019-05-13', 1, '12', '12', 'Deneme', NULL, NULL, NULL, '2019-05-13 07:22:19', '2019-05-13 07:22:19'),
(34, 1, '1', 'Deneme', 'Deneme', '2019-05-13', 1, '12', '12', 'Deneme', NULL, NULL, NULL, '2019-05-13 07:25:01', '2019-05-13 07:25:01'),
(35, 1, '1', 'Deneme', 'Deneme', '2019-05-13', 1, '12', '12', 'Deneme', NULL, NULL, NULL, '2019-05-13 07:31:29', '2019-05-13 07:31:29'),
(36, 1, '1', 'Deneme', 'Deneme', '2019-05-13', 1, '12', '12', 'Deneme', NULL, NULL, NULL, '2019-05-13 07:40:28', '2019-05-13 07:40:28'),
(37, 1, '1', 'Deneme', 'Deneme', '2019-05-13', 1, '12', '12', 'Deneme', NULL, NULL, NULL, '2019-05-13 07:41:42', '2019-05-13 07:41:42'),
(38, 1, '1', 'Deneme', 'Deneme', '2019-05-13', 1, '12', '12', 'Deneme', NULL, NULL, NULL, '2019-05-13 07:45:40', '2019-05-13 07:45:40'),
(39, 1, '1', 'Deneme', 'Deneme', '2019-05-13', 1, '12', '12', 'Deneme', NULL, NULL, NULL, '2019-05-13 07:48:04', '2019-05-13 07:48:04'),
(40, 1, '1', 'Deneme', 'Deneme', '2019-05-13', 1, '12', '12', 'Deneme', NULL, NULL, NULL, '2019-05-13 07:50:48', '2019-05-13 07:50:48'),
(41, 1, '1', 'Deneme', 'Deneme', '2019-05-13', 1, '12', '12', 'Deneme', NULL, NULL, NULL, '2019-05-13 07:54:26', '2019-05-13 07:54:26'),
(42, 1, '1', 'Deneme', 'Deneme', '2019-05-13', 1, '12', '12', 'Deneme', NULL, NULL, NULL, '2019-05-13 08:00:27', '2019-05-13 08:00:27'),
(43, 1, '1', 'Deneme', 'Deneme', '2019-05-13', 1, '12', '12', 'Deneme', NULL, NULL, NULL, '2019-05-13 08:01:33', '2019-05-13 08:01:33'),
(44, 1, '1', 'Deneme', 'Deneme', '2019-05-13', 1, '12', '12', 'Deneme', NULL, NULL, NULL, '2019-05-13 08:02:07', '2019-05-13 08:02:07'),
(45, 1, '1', 'Deneme', 'Deneme', '2019-05-13', 1, '12', '12', 'Deneme', NULL, NULL, NULL, '2019-05-13 08:03:22', '2019-05-13 08:03:22'),
(46, 1, '1', 'Deneme', 'Deneme', '2019-05-13', 1, '12', '12', 'Deneme', NULL, NULL, NULL, '2019-05-13 08:06:01', '2019-05-13 08:06:01'),
(47, 1, '1', 'Deneme', 'Deneme', '2019-05-13', 1, '12', '12', 'Deneme', NULL, NULL, NULL, '2019-05-13 08:06:34', '2019-05-13 08:06:34'),
(48, 1, '1', 'Deneme', 'Deneme', '2019-05-13', 1, '12', '12', 'Deneme', NULL, NULL, NULL, '2019-05-13 08:07:18', '2019-05-13 08:07:18'),
(49, 1, '1', 'Deneme', 'Deneme', '2019-05-13', 1, '12', '12', 'Deneme', NULL, NULL, NULL, '2019-05-13 08:11:04', '2019-05-13 08:11:04'),
(50, 1, '1', 'Deneme', 'Deneme', '2019-05-13', 1, '12', '12', 'Deneme', NULL, NULL, NULL, '2019-05-13 08:13:02', '2019-05-13 08:13:02'),
(51, 1, '1', 'Deneme', 'Deneme', '2019-05-13', 1, '12', '12', 'Deneme', NULL, NULL, NULL, '2019-05-13 08:14:21', '2019-05-13 08:14:21'),
(52, 1, '1', 'Deneme', 'Deneme', '2019-05-13', 1, '12', '12', 'Deneme', NULL, NULL, NULL, '2019-05-13 08:41:46', '2019-05-13 08:41:46'),
(53, 1, '1', 'Deneme', 'Deneme', '2019-05-13', 1, '12', '12', 'Deneme', NULL, NULL, NULL, '2019-05-13 08:45:04', '2019-05-13 08:45:04'),
(54, 1, '1', 'Deneme', 'Deneme', '2019-05-13', 1, '12', '12', 'Deneme', NULL, NULL, NULL, '2019-05-13 08:51:25', '2019-05-13 08:51:25'),
(55, 1, '1', 'Deneme', 'Deneme', '2019-05-13', 1, '12', '12', 'Deneme', NULL, NULL, NULL, '2019-05-13 08:59:22', '2019-05-13 08:59:22'),
(56, 1, '1', 'Deneme', 'Deneme', '2019-05-13', 1, '12', '12', 'Deneme', NULL, NULL, NULL, '2019-05-13 09:02:54', '2019-05-13 09:02:54'),
(57, 1, '1', 'Deneme', 'Deneme', '2019-05-13', 1, '12', '12', 'Deneme', NULL, NULL, NULL, '2019-05-13 09:11:18', '2019-05-13 09:11:18'),
(58, 1, '1', 'Deneme', 'Deneme', '2019-05-13', 1, '12', '12', 'Deneme', NULL, NULL, NULL, '2019-05-13 09:20:45', '2019-05-13 09:20:45'),
(59, 1, '1', 'Deneme', 'Deneme', '2019-05-13', 1, '12', '12', 'Deneme', NULL, NULL, NULL, '2019-05-13 09:21:58', '2019-05-13 09:21:58'),
(60, 1, '1', 'Deneme', 'Deneme', '2019-05-13', 1, '12', '12', 'Deneme', NULL, NULL, NULL, '2019-05-13 09:23:28', '2019-05-13 09:23:28'),
(61, 1, '1', 'Deneme', 'Deneme', '2019-05-13', 1, '12', '12', 'Deneme', NULL, NULL, NULL, '2019-05-13 09:25:34', '2019-05-13 09:25:34'),
(62, 1, '1', 'Deneme', 'Deneme', '2019-05-13', 1, '12', '12', 'Deneme', NULL, NULL, NULL, '2019-05-13 09:27:08', '2019-05-13 09:27:08'),
(63, 1, '1', 'Deneme', 'Deneme', '2019-05-13', 1, '12', '12', 'Deneme', NULL, NULL, NULL, '2019-05-13 09:30:04', '2019-05-13 09:30:04'),
(64, 1, '1', 'Deneme', 'Deneme', '2019-05-13', 1, '12', '12', 'Deneme', NULL, NULL, NULL, '2019-05-13 09:33:30', '2019-05-13 09:33:30'),
(65, 1, '1', 'Deneme', 'Deneme', '2019-05-13', 1, '12', '12', 'Deneme', NULL, NULL, NULL, '2019-05-13 10:14:39', '2019-05-13 10:14:39'),
(66, 1, '1', 'Deneme', 'Deneme', '2019-05-13', 1, '12', '12', 'Deneme', NULL, NULL, NULL, '2019-05-13 10:17:31', '2019-05-13 10:17:31'),
(67, 1, '1', 'Deneme', 'Deneme', '2019-05-13', 1, '12', '12', 'Deneme', NULL, NULL, NULL, '2019-05-13 10:18:47', '2019-05-13 10:18:47'),
(68, 1, '1', 'Deneme', 'Deneme', '2019-05-13', 1, '12', '12', 'Deneme', NULL, NULL, NULL, '2019-05-13 10:21:16', '2019-05-13 10:21:16'),
(69, 1, '1', 'Deneme', 'Deneme', '2019-05-13', 1, '12', '12', 'Deneme', NULL, NULL, NULL, '2019-05-13 10:22:37', '2019-05-13 10:22:37'),
(70, 1, '1', 'Deneme', 'Deneme', '2019-05-13', 1, '12', '12', 'Deneme', NULL, NULL, NULL, '2019-05-13 10:23:32', '2019-05-13 10:23:32'),
(71, 1, '1', 'Deneme', 'Deneme', '2019-05-13', 1, '12', '12', 'Deneme', NULL, NULL, NULL, '2019-05-13 10:24:41', '2019-05-13 10:24:41'),
(72, 1, '1', 'Deneme', 'Deneme', '2019-05-13', 1, '12', '12', 'Deneme', NULL, NULL, NULL, '2019-05-13 10:25:08', '2019-05-13 10:25:08'),
(73, 1, '1', 'Deneme', 'Deneme', '2019-05-13', 1, '12', '12', 'Deneme', NULL, NULL, NULL, '2019-05-13 10:25:59', '2019-05-13 10:25:59'),
(74, 1, '1', 'Deneme', 'Deneme', '2019-05-13', 1, '12', '12', 'Deneme', NULL, NULL, NULL, '2019-05-13 10:26:30', '2019-05-13 10:26:30'),
(75, 1, '1', 'Deneme', 'Deneme', '2019-05-13', 1, '12', '12', 'Deneme', NULL, NULL, NULL, '2019-05-13 10:26:44', '2019-05-13 10:26:44'),
(76, 1, '1', 'Deneme', 'Deneme', '2019-05-13', 1, '12', '12', 'Deneme', NULL, NULL, NULL, '2019-05-13 10:27:06', '2019-05-13 10:27:06'),
(77, 1, '1', 'Deneme', 'Deneme', '2019-05-13', 1, '12', '12', 'Deneme', NULL, NULL, NULL, '2019-05-13 10:28:34', '2019-05-13 10:28:34'),
(78, 1, '1', 'Deneme', 'Deneme', '2019-05-13', 1, '12', '12', 'Deneme', NULL, NULL, NULL, '2019-05-13 10:29:42', '2019-05-13 10:29:42'),
(79, 1, '1', 'Deneme', 'Deneme', '2019-05-13', 1, '12', '12', 'Deneme', NULL, NULL, NULL, '2019-05-13 10:31:17', '2019-05-13 10:31:17'),
(80, 1, '1', 'Deneme', 'Deneme', '2019-05-13', 1, '12', '12', 'Deneme', NULL, NULL, NULL, '2019-05-13 10:34:29', '2019-05-13 10:34:29'),
(81, 1, '1', 'Deneme', 'Deneme', '2019-05-08', 1, '444', 'Deneme', 'Deneme', NULL, NULL, NULL, '2019-05-13 11:08:46', '2019-05-13 11:08:46'),
(82, 1, '1', 'Deneme', 'Deneme', '2019-05-08', 1, '444', 'Deneme', 'Deneme', NULL, NULL, NULL, '2019-05-13 11:12:11', '2019-05-13 11:12:11'),
(83, 1, '1', 'Deneme', 'Deneme', '2019-05-08', 1, '444', 'Deneme', 'Deneme', NULL, NULL, NULL, '2019-05-13 11:14:40', '2019-05-13 11:14:40'),
(84, 1, '1', 'Deneme', 'Deneme', '2019-05-08', 1, '444', 'Deneme', 'Deneme', NULL, NULL, NULL, '2019-05-13 11:19:02', '2019-05-13 11:19:02'),
(85, 1, '1', 'Deneme', 'Deneme', '2019-05-08', 1, '444', 'Deneme', 'Deneme', NULL, NULL, NULL, '2019-05-13 11:20:27', '2019-05-13 11:20:27'),
(86, 1, '1', 'Deneme', 'Deneme', '2019-05-08', 1, '444', 'Deneme', 'Deneme', NULL, NULL, NULL, '2019-05-13 11:22:48', '2019-05-13 11:22:48'),
(87, 1, '1', 'Deneme', 'Deneme', '2019-05-08', 1, '444', 'Deneme', 'Deneme', NULL, NULL, NULL, '2019-05-13 11:23:52', '2019-05-13 11:23:52'),
(88, 1, '1', 'Deneme', 'Deneme', '2019-05-08', 1, '444', 'Deneme', 'Deneme', NULL, NULL, NULL, '2019-05-13 11:25:16', '2019-05-13 11:25:16'),
(89, 1, '1', 'Deneme', 'Deneme', '2019-05-08', 1, '444', 'Deneme', 'Deneme', NULL, NULL, NULL, '2019-05-13 11:26:06', '2019-05-13 11:26:06'),
(90, 1, '1', 'Deneme', 'Deneme', '2019-05-08', 1, '444', 'Deneme', 'Deneme', NULL, NULL, NULL, '2019-05-13 11:38:47', '2019-05-13 11:38:47'),
(91, 1, '2', 'Deneme', 'Deneme', '2019-05-08', 2, '6666', 'Deneme', 'Deneme', NULL, NULL, NULL, '2019-05-13 12:23:25', '2019-05-13 12:23:25'),
(92, 1, '2', 'Deneme', 'Deneme', '2019-05-08', 2, '6666', 'Deneme', 'Deneme', NULL, NULL, NULL, '2019-05-13 12:25:42', '2019-05-13 12:25:42'),
(93, 1, '2', 'Deneme', 'Deneme', '2019-05-08', 2, '6666', 'Deneme', 'Deneme', NULL, NULL, NULL, '2019-05-13 12:28:11', '2019-05-13 12:28:11'),
(94, 1, '2', 'Deneme', 'Deneme', '2019-05-08', 2, '6666', 'Deneme', 'Deneme', NULL, NULL, NULL, '2019-05-13 12:30:17', '2019-05-13 12:30:17'),
(95, 1, '2', 'Deneme', 'Deneme', '2019-05-08', 2, '6666', 'Deneme', 'Deneme', NULL, NULL, NULL, '2019-05-13 12:31:46', '2019-05-13 12:31:46'),
(96, 1, '2', 'Deneme', 'Deneme', '2019-05-08', 2, '6666', 'Deneme', 'Deneme', NULL, NULL, NULL, '2019-05-13 13:11:35', '2019-05-13 13:11:35'),
(97, 1, '2', 'Deneme', 'Deneme', '2019-05-08', 2, '6666', 'Deneme', 'Deneme', NULL, NULL, NULL, '2019-05-13 13:26:16', '2019-05-13 13:26:16'),
(98, 1, '2', 'Deneme', 'Deneme', '2019-05-08', 2, '6666', 'Deneme', 'Deneme', NULL, NULL, NULL, '2019-05-13 13:27:28', '2019-05-13 13:27:28'),
(99, 1, '2', 'Deneme', 'Deneme', '2019-05-08', 2, '6666', 'Deneme', 'Deneme', NULL, NULL, NULL, '2019-05-13 13:29:37', '2019-05-13 13:29:37'),
(100, 1, '2', 'Deneme', 'Deneme', '2019-05-08', 2, '6666', 'Deneme', 'Deneme', NULL, NULL, NULL, '2019-05-13 13:31:37', '2019-05-13 13:31:37'),
(101, 1, '2', 'Deneme', 'Deneme', '2019-05-15', 2, '111', 'Deneme', 'Deneme', NULL, NULL, NULL, '2019-05-15 09:26:19', '2019-05-15 09:26:19'),
(102, 1, '2', 'Deneme', 'Deneme', '2019-05-15', 2, '111', 'Deneme', 'Deneme', NULL, NULL, NULL, '2019-05-15 11:22:53', '2019-05-15 11:22:53'),
(103, 1, '2', 'Deneme', 'Deneme', '2019-05-15', 2, '111', 'Deneme', 'Deneme', NULL, NULL, NULL, '2019-05-15 11:27:48', '2019-05-15 11:27:48'),
(104, 1, '2', 'Deneme', 'Deneme', '2019-05-15', 2, '111', 'Deneme', 'Deneme', NULL, NULL, NULL, '2019-05-15 11:42:33', '2019-05-15 11:42:33'),
(105, 1, '2', 'Deneme', 'Deneme', '2019-05-15', 2, '111', 'Deneme', 'Deneme', NULL, NULL, NULL, '2019-05-15 12:20:46', '2019-05-15 12:20:46'),
(106, 1, '2', 'Deneme', 'Deneme', '2019-05-15', 2, '111', 'Deneme', 'Deneme', NULL, NULL, NULL, '2019-05-15 12:35:14', '2019-05-15 12:35:14'),
(107, 1, '2', 'Deneme', 'Deneme', '2019-05-15', 2, '111', 'Deneme', 'Deneme', NULL, NULL, NULL, '2019-05-15 12:37:53', '2019-05-15 12:37:53'),
(108, 1, '2', 'Deneme', 'Deneme', '2019-05-15', 2, '111', 'Deneme', 'Deneme', NULL, NULL, NULL, '2019-05-15 12:39:55', '2019-05-15 12:39:55'),
(109, 1, '2', 'Deneme', 'Deneme', '2019-05-15', 2, '111', 'Deneme', 'Deneme', NULL, NULL, NULL, '2019-05-15 12:49:31', '2019-05-15 12:49:31'),
(110, 1, '2', 'Deneme', 'Deneme', '2019-05-15', 2, '111', 'Deneme', 'Deneme', NULL, NULL, NULL, '2019-05-15 12:51:25', '2019-05-15 12:51:25'),
(111, 1, '2', 'Deneme', 'Deneme', '2019-05-15', 2, '111', 'Deneme', 'Deneme', NULL, NULL, NULL, '2019-05-15 12:51:52', '2019-05-15 12:51:52'),
(112, 1, '2', 'Deneme', 'Deneme', '2019-05-15', 2, '111', 'Deneme', 'Deneme', NULL, NULL, NULL, '2019-05-15 12:55:26', '2019-05-15 12:55:26'),
(113, 1, '2', 'Deneme', 'Deneme', '2019-05-15', 2, '111', 'Deneme', 'Deneme', NULL, NULL, NULL, '2019-05-15 13:00:12', '2019-05-15 13:00:12'),
(114, 1, '2', 'Deneme', 'Deneme', '2019-05-15', 2, '111', 'Deneme', 'Deneme', NULL, NULL, NULL, '2019-05-15 13:01:05', '2019-05-15 13:01:05'),
(115, 1, '2', 'Deneme', 'Deneme', '2019-05-15', 2, '111', 'Deneme', 'Deneme', NULL, NULL, NULL, '2019-05-15 14:16:47', '2019-05-15 14:16:47'),
(116, 1, '2', 'Deneme', 'Deneme', '2019-05-15', 2, '111', 'Deneme', 'Deneme', NULL, NULL, NULL, '2019-05-15 14:17:11', '2019-05-15 14:17:11'),
(117, 1, '2', 'Deneme', 'Deneme', '2019-05-15', 2, '111', 'Deneme', 'Deneme', NULL, NULL, NULL, '2019-05-15 14:27:03', '2019-05-15 14:27:03'),
(118, 1, '2', 'Deneme', 'Deneme', '2019-05-15', 2, '111', 'Deneme', 'Deneme', NULL, NULL, NULL, '2019-05-15 14:31:11', '2019-05-15 14:31:11'),
(119, 1, '1', 'Deneme', 'Deneme', '2019-05-15', 2, '2', 'Deneme', 'Deneme', NULL, NULL, NULL, '2019-05-15 14:50:19', '2019-05-15 14:50:19'),
(120, 1, '1', 'Deneme', 'Deneme', '2019-05-15', 2, '2', 'Deneme', 'Deneme', NULL, NULL, NULL, '2019-05-15 14:51:28', '2019-05-15 14:51:28'),
(121, 1, '1', 'dene', 'dene', '2019-05-15', 0, '1', 'dene', 'dene', NULL, NULL, NULL, '2019-05-15 14:52:45', '2019-05-15 14:52:45'),
(122, 1, '1', 'dene', 'dene', '2019-05-15', 0, '1', 'dene', 'dene', NULL, NULL, NULL, '2019-05-15 14:53:03', '2019-05-15 14:53:03'),
(123, 1, '1', 'dene', 'dene', '2019-05-15', 0, '1', 'dene', 'dene', NULL, NULL, NULL, '2019-05-15 14:53:23', '2019-05-15 14:53:23'),
(124, 1, '1', 'dene', 'dene', '2019-05-15', 0, '1', 'dene', 'dene', NULL, NULL, NULL, '2019-05-15 14:53:43', '2019-05-15 14:53:43'),
(125, 1, '1', 'dene', 'dene', '2019-05-15', 0, '1', 'dene', 'dene', NULL, NULL, NULL, '2019-05-15 14:54:33', '2019-05-15 14:54:33'),
(126, 1, '1', 'dene', 'dene', '2019-05-15', 0, '1', 'dene', 'dene', NULL, NULL, NULL, '2019-05-15 14:54:54', '2019-05-15 14:54:54'),
(127, 1, '2', 'Dene', 'Dene', '2019-05-15', 2, '33', 'Dene', 'Dene', NULL, NULL, NULL, '2019-05-15 14:58:21', '2019-05-15 14:58:21'),
(128, 1, '2', 'Dene', 'Dene', '2019-05-15', 2, '33', 'Dene', 'Dene', NULL, NULL, NULL, '2019-05-15 14:59:35', '2019-05-15 14:59:35'),
(129, 1, '2', 'Dene', 'Dene', '2019-05-15', 2, '33', 'Dene', 'Dene', NULL, NULL, NULL, '2019-05-15 15:00:49', '2019-05-15 15:00:49'),
(130, 1, '2', 'Dene', 'Dene', '2019-05-15', 2, '33', 'Dene', 'Dene', NULL, NULL, NULL, '2019-05-15 15:01:13', '2019-05-15 15:01:13'),
(131, 1, '2', 'Dene', 'Dene', '2019-05-15', 2, '33', 'Dene', 'Dene', NULL, NULL, NULL, '2019-05-15 15:03:18', '2019-05-15 15:03:18'),
(132, 1, '2', 'Dene', 'Dene', '2019-05-15', 2, '33', 'Dene', 'Dene', NULL, NULL, NULL, '2019-05-15 15:06:49', '2019-05-15 15:06:49'),
(133, 1, '2', 'Dene', 'Dene', '2019-05-15', 2, '33', 'Dene', 'Dene', NULL, NULL, NULL, '2019-05-15 15:08:23', '2019-05-15 15:08:23'),
(134, 1, '2', 'Dene', 'Dene', '2019-05-15', 1, '111', 'Dene', 'Dene', NULL, NULL, NULL, '2019-05-15 15:10:44', '2019-05-15 15:10:44'),
(135, 1, '2', 'Dene', 'Dene', '2019-05-15', 1, '111', 'Dene', 'Dene', NULL, NULL, NULL, '2019-05-15 15:12:33', '2019-05-15 15:12:33'),
(136, 1, '2', 'Dene', 'Dene', '2019-05-15', 1, '111', 'Dene', 'Dene', NULL, NULL, NULL, '2019-05-15 15:14:12', '2019-05-15 15:14:12'),
(137, 1, '2', 'Dene', 'Dene', '2019-05-15', 1, '111', 'Dene', 'Dene', NULL, NULL, NULL, '2019-05-15 15:15:48', '2019-05-15 15:15:48'),
(138, 1, '2', 'Dene', 'Dene', '2019-05-15', 1, '111', 'Dene', 'Dene', NULL, NULL, NULL, '2019-05-15 15:21:14', '2019-05-15 15:21:14'),
(139, 1, '2', 'Dene', 'Dene', '2019-05-15', 1, '111', 'Dene', 'Dene', NULL, NULL, NULL, '2019-05-15 15:21:54', '2019-05-15 15:21:54'),
(140, 1, '2', 'Dene', 'Dene', '2019-05-15', 1, '111', 'Dene', 'Dene', NULL, NULL, NULL, '2019-05-15 15:22:13', '2019-05-15 15:22:13'),
(141, 1, '2', 'Dene', 'Dene', '2019-05-15', 1, '111', 'Dene', 'Dene', NULL, NULL, NULL, '2019-05-15 15:23:21', '2019-05-15 15:23:21'),
(142, 1, '2', 'Dene', 'Dene', '2019-05-15', 1, '111', 'Dene', 'Dene', NULL, NULL, NULL, '2019-05-15 15:25:25', '2019-05-15 15:25:25'),
(143, 1, '2', 'Dene', 'Dene', '2019-05-15', 1, '111', 'Dene', 'Dene', NULL, NULL, NULL, '2019-05-15 15:26:19', '2019-05-15 15:26:19'),
(144, 1, '1', 'Deneme', 'Deneme', '2019-05-16', 1, '1', 'Deneme', 'Deneme', NULL, NULL, NULL, '2019-05-16 09:15:48', '2019-05-16 09:15:48'),
(145, 1, '1', 'Deneme', 'Deneme', '2019-05-16', 1, '1', 'Deneme', 'Deneme', NULL, NULL, NULL, '2019-05-16 09:17:31', '2019-05-16 09:17:31'),
(146, 1, '1', 'Deneme', 'Deneme', '2019-05-16', 1, '1', 'Deneme', 'Deneme', NULL, NULL, NULL, '2019-05-16 09:20:12', '2019-05-16 09:20:12'),
(147, 1, '1', 'Deneme', 'Deneme', '2019-05-16', 1, '1', 'Deneme', 'Deneme', NULL, NULL, NULL, '2019-05-16 09:23:43', '2019-05-16 09:23:43'),
(148, 1, '1', 'Deneme', 'Deneme', '2019-05-16', 1, '1', 'Deneme', 'Deneme', NULL, NULL, NULL, '2019-05-16 09:31:07', '2019-05-16 09:31:07'),
(149, 1, '1', 'Deneme', 'Deneme', '2019-05-15', 2, '345', 'Deneme', 'Deneme', NULL, NULL, NULL, '2019-05-22 13:27:32', '2019-05-22 13:27:32'),
(150, 1, '1', 'Deneme', 'Deneme', '2019-05-15', 2, '345', 'Deneme', 'Deneme', NULL, NULL, NULL, '2019-05-22 13:35:26', '2019-05-22 13:35:26'),
(151, 1, '1', 'Deneme', 'Deneme', '2019-05-15', 2, '3452', 'Deneme', 'Deneme', NULL, NULL, NULL, '2019-05-22 13:38:27', '2019-05-22 13:38:27'),
(152, 1, '1', 'Deneme', 'Deneme', '2019-05-15', 2, '3452', 'Deneme', 'Deneme', NULL, NULL, NULL, '2019-05-22 13:42:03', '2019-05-22 13:42:03'),
(153, 1, '1', 'Deneme', 'Deneme', NULL, 2, '345', 'Deneme', 'Deneme', NULL, NULL, NULL, '2019-05-22 14:03:33', '2019-05-22 14:03:33'),
(154, 1, '1', 'Deneme', 'Deneme', '2019-04-04', 2, '345', 'Deneme', 'Deneme', NULL, NULL, NULL, '2019-05-22 14:05:49', '2019-05-22 14:05:49'),
(155, 1, '1', 'Deneme', 'Deneme', '2019-05-23', 1, '1233', 'Deneme', 'Deneme', NULL, NULL, NULL, '2019-05-23 07:15:07', '2019-05-23 07:15:07'),
(156, 1, '1', 'Deneme', 'Deneme', '2019-05-23', 1, '1233', 'Deneme', 'Deneme', NULL, NULL, NULL, '2019-05-23 07:15:55', '2019-05-23 07:15:55'),
(157, 1, '1', 'Deneme', 'Deneme', '2019-05-23', 1, '1233', 'Deneme', 'Deneme', NULL, NULL, NULL, '2019-05-23 07:29:36', '2019-05-23 07:29:36'),
(158, 1, '1', 'Deneme', 'Deneme', '2019-05-23', 1, '1233', 'Deneme', 'Deneme', NULL, NULL, NULL, '2019-05-23 07:32:30', '2019-05-23 07:32:30'),
(159, 1, '1', 'Deneme', 'Deneme', '2019-05-23', 1, '1233', 'Deneme', 'Deneme', NULL, NULL, NULL, '2019-05-23 07:33:39', '2019-05-23 07:33:39'),
(160, 1, '1', 'Deneme', 'Deneme', '2019-05-23', 1, '1233', 'Deneme', 'Deneme', NULL, NULL, NULL, '2019-05-23 07:36:32', '2019-05-23 07:36:32'),
(161, 1, '1', 'Deneme', 'Deneme', '2019-05-23', 1, '1233', 'Deneme', 'Deneme', NULL, NULL, NULL, '2019-05-23 07:40:30', '2019-05-23 07:40:30'),
(162, 1, '1', 'Deneme', 'Deneme', '2019-05-23', 1, '1233', 'Deneme', 'Deneme', NULL, NULL, NULL, '2019-05-23 08:09:41', '2019-05-23 08:09:41'),
(163, 1, '1', 'Deneme', 'Deneme', '2019-05-23', 1, '1233', 'Deneme', 'Deneme', NULL, NULL, NULL, '2019-05-23 08:14:28', '2019-05-23 08:14:28'),
(164, 1, '1', 'Deneme', 'Deneme', '2019-05-23', 1, '1233', 'Deneme', 'Deneme', NULL, NULL, NULL, '2019-05-23 08:15:26', '2019-05-23 08:15:26'),
(165, 1, '1', 'Deneme', 'Deneme', '2019-05-23', 1, '1233', 'Deneme', 'Deneme', NULL, NULL, NULL, '2019-05-23 08:16:19', '2019-05-23 08:16:19'),
(166, 1, '1', 'Deneme', 'Deneme', '2019-05-23', 1, '1233', 'Deneme', 'Deneme', NULL, NULL, NULL, '2019-05-23 08:17:49', '2019-05-23 08:17:49'),
(167, 1, '1', 'Deneme', 'Deneme', '2019-05-23', 1, '1233', 'Deneme', 'Deneme', NULL, NULL, NULL, '2019-05-23 08:18:54', '2019-05-23 08:18:54'),
(168, 1, '0', NULL, NULL, NULL, 0, NULL, NULL, NULL, NULL, NULL, NULL, '2019-05-28 10:59:20', '2019-05-28 10:59:20'),
(169, 1, '0', NULL, NULL, NULL, 0, NULL, NULL, NULL, NULL, NULL, NULL, '2019-06-13 12:03:00', '2019-06-13 12:03:00'),
(170, 1, '0', NULL, NULL, NULL, 0, NULL, NULL, NULL, NULL, NULL, NULL, '2019-06-18 12:15:04', '2019-06-18 12:15:04'),
(171, 1, '1', 'DenemeVor', 'Deneme', '2019-07-03', 1, '1', '1', 'Dn', NULL, NULL, NULL, '2019-07-01 11:56:21', '2019-07-01 11:56:21'),
(172, 1, '1', 'DenemeVor', 'Deneme', '2019-07-03', 1, '1', '1', 'Dn', NULL, NULL, NULL, '2019-07-01 12:04:08', '2019-07-01 12:04:08'),
(173, 1, '1', 'DenemeVor', 'Deneme', '2019-07-03', 1, '1', '1', 'Dn', NULL, NULL, NULL, '2019-07-01 12:04:30', '2019-07-01 12:04:30'),
(174, 1, '1', 'DenemeVor', 'Deneme', '2019-07-03', 1, '1', '1', 'Dn', NULL, NULL, NULL, '2019-07-01 12:05:44', '2019-07-01 12:05:44'),
(175, 1, '1', 'DenemeVor', 'DenemeName', '2019-07-03', 1, '1', '1', 'Dn', NULL, NULL, NULL, '2019-07-01 12:21:30', '2019-07-01 12:21:30'),
(176, 1, '2', 'DenemeVor', 'DenemeName', '2019-07-03', 1, '12222', '12', 'Dn', NULL, NULL, NULL, '2019-07-01 12:43:04', '2019-07-01 12:43:04'),
(177, 1, '2', 'Çelik', 'Demir', '2019-07-06', 1, '1212', 'PAss', 'Bakır', NULL, NULL, NULL, '2019-07-01 13:16:14', '2019-07-01 13:16:14'),
(178, 1, '1', 'Try', 'Try', '2019-07-02', 2, '111', 'QWSXZ', 'Try', NULL, NULL, NULL, '2019-07-02 12:40:29', '2019-07-02 12:40:29'),
(179, 1, '1', 'Try', 'Try', '2019-07-02', 2, '111', 'QWSXZ', 'Try', NULL, NULL, NULL, '2019-07-02 12:41:02', '2019-07-02 12:41:02'),
(180, 1, '2', 'Deneme', 'Deneme', '2019-07-03', 1, '11111', '12wsa', 'Deneme', NULL, NULL, NULL, '2019-07-03 07:09:40', '2019-07-03 07:09:40'),
(181, 1, '1', 'Deneme', 'Deneme', '2019-07-17', 1, '123', '12ws', 'Deneme', NULL, NULL, NULL, '2019-07-03 07:21:54', '2019-07-03 07:21:54'),
(182, 1, '1', 'Deneme', 'Deneme', '2019-07-01', 1, '111', '11w', 'Deneme', NULL, NULL, NULL, '2019-07-03 11:32:12', '2019-07-03 11:32:12'),
(183, 1, '0', NULL, NULL, NULL, 0, NULL, NULL, NULL, NULL, NULL, NULL, '2019-07-16 07:49:51', '2019-07-16 07:49:51'),
(184, 1, '0', NULL, NULL, NULL, 0, NULL, NULL, NULL, NULL, NULL, NULL, '2019-07-16 07:59:58', '2019-07-16 07:59:58'),
(185, 1, '0', NULL, NULL, NULL, 0, NULL, NULL, NULL, NULL, NULL, NULL, '2019-07-16 08:04:56', '2019-07-16 08:04:56'),
(186, 1, '0', NULL, NULL, NULL, 0, NULL, NULL, NULL, NULL, NULL, NULL, '2019-07-16 08:12:40', '2019-07-16 08:12:40'),
(187, 1, '0', NULL, NULL, NULL, 0, NULL, NULL, NULL, NULL, NULL, NULL, '2019-07-16 08:14:30', '2019-07-16 08:14:30'),
(188, 1, '0', NULL, 'j', NULL, 0, NULL, NULL, NULL, NULL, NULL, NULL, '2019-07-16 08:16:44', '2019-07-16 08:16:44'),
(189, 1, '0', NULL, NULL, NULL, 0, NULL, 'hhh', NULL, NULL, NULL, NULL, '2019-07-16 08:37:01', '2019-07-16 08:37:01'),
(190, 1, '0', NULL, NULL, NULL, 0, NULL, NULL, NULL, NULL, NULL, NULL, '2019-07-16 08:46:28', '2019-07-16 08:46:28'),
(191, 1, '0', NULL, NULL, NULL, 0, NULL, NULL, NULL, NULL, NULL, NULL, '2019-07-16 08:53:30', '2019-07-16 08:53:30'),
(192, 1, '0', NULL, NULL, NULL, 0, NULL, NULL, NULL, NULL, NULL, NULL, '2019-07-16 08:56:41', '2019-07-16 08:56:41'),
(193, 1, '0', NULL, NULL, NULL, 0, NULL, NULL, NULL, NULL, NULL, NULL, '2019-07-16 08:58:16', '2019-07-16 08:58:16'),
(194, 1, '0', NULL, NULL, NULL, 0, NULL, NULL, NULL, NULL, NULL, NULL, '2019-07-16 09:01:12', '2019-07-16 09:01:12'),
(195, 1, '0', NULL, 'gg', NULL, 0, NULL, 'gg', NULL, NULL, NULL, NULL, '2019-07-16 09:03:04', '2019-07-16 09:03:04'),
(196, 1, '0', 'ff', 'ff', NULL, 0, NULL, 'ff', NULL, NULL, NULL, NULL, '2019-07-16 09:04:43', '2019-07-16 09:04:43'),
(197, 1, '1', 'd', 'd', '2019-07-16', 1, '1111111111', 'd', 'd', NULL, NULL, NULL, '2019-07-16 11:19:54', '2019-07-16 11:19:54'),
(198, 1, '1', 'dd', 'dd', '2019-07-17', 1, '2222222222', 'd', 'dd', NULL, NULL, NULL, '2019-07-16 11:28:50', '2019-07-16 11:28:50'),
(199, 1, '1', 'ww', 'ww', '2019-07-18', 2, 'ww', 'ww', 'w', NULL, NULL, NULL, '2019-07-16 11:36:30', '2019-07-16 11:36:30'),
(200, 1, '1', 'ww', 'ww', '2019-07-18', 2, 'ww', 'ww', 'w', NULL, NULL, NULL, '2019-07-16 11:36:43', '2019-07-16 11:36:43'),
(201, 1, '1', 'd', 'd', '2019-07-17', 2, 'd', 'd', 'd', NULL, NULL, NULL, '2019-07-16 11:39:43', '2019-07-16 11:39:43'),
(202, 1, '1', 'd', 'd', '2019-07-17', 2, 'd', 'd', 'd', NULL, NULL, NULL, '2019-07-16 11:40:28', '2019-07-16 11:40:28'),
(203, 1, '1', 'Vorname', 'Name', '2019-10-25', 1, '111', 'Kennwort', 'Ansprechpartner', NULL, NULL, NULL, '2019-10-07 13:07:13', '2019-10-07 13:07:13'),
(204, 1, '1', 'Vorname', 'Name', '2019-10-25', 1, '111', 'Kennwort', 'Ansprechpartner', NULL, NULL, NULL, '2019-10-07 13:08:00', '2019-10-07 13:08:00'),
(205, 1, '1', 'Vorname', 'Name', '2019-10-24', 1, '2323', 'Kennwort', 'Ansprechpartner', NULL, NULL, NULL, '2019-10-07 13:27:23', '2019-10-07 13:27:23'),
(206, 1, '1', 'Kennwort', 'Kennwort', '2019-10-18', 1, '34', 'Kennwort', 'Kennwort', NULL, NULL, NULL, '2019-10-07 13:32:26', '2019-10-07 13:32:26'),
(207, 1, '1', 'Kennwort', 'Kennwort', '2019-10-18', 1, '34', 'Kennwort', 'Kennwort', NULL, NULL, NULL, '2019-10-07 13:32:47', '2019-10-07 13:32:47'),
(208, 1, '1', 'Kennwort', 'Kennwort', '2019-10-18', 1, '34', 'Kennwort', 'Kennwort', NULL, NULL, NULL, '2019-10-07 13:34:06', '2019-10-07 13:34:06'),
(209, 1, '1', 'Kennwort', 'Kennwort', '2019-10-16', 1, '222', 'Kennwort', 'Kennwort', NULL, NULL, NULL, '2019-10-07 14:12:58', '2019-10-07 14:12:58'),
(210, 1, '1', 'Kennwort', 'Kennwort', '2019-10-16', 1, '222', 'Kennwort', 'Kennwort', NULL, NULL, NULL, '2019-10-07 14:34:04', '2019-10-07 14:34:04'),
(211, 1, '1', 'Kennwort', 'Kennwort', '2019-10-16', 1, '222', 'Kennwort', 'Kennwort', NULL, NULL, NULL, '2019-10-07 14:34:27', '2019-10-07 14:34:27'),
(212, 1, '1', 'Kennwort', 'Kennwort', '2019-10-16', 1, '222', 'Kennwort', 'Kennwort', NULL, NULL, NULL, '2019-10-07 14:34:55', '2019-10-07 14:34:55'),
(213, 1, '1', 'Kennwort', 'Kennwort', '2019-10-16', 1, '222', 'Kennwort', 'Kennwort', NULL, NULL, NULL, '2019-10-07 14:35:33', '2019-10-07 14:35:33'),
(214, 1, '1', 'Kennwort', 'Kennwort', '2019-10-16', 1, '222', 'Kennwort', 'Kennwort', NULL, NULL, NULL, '2019-10-07 14:35:53', '2019-10-07 14:35:53'),
(215, 1, '1', 'Kennwort', 'Kennwort', '2019-10-16', 1, '222', 'Kennwort', 'Kennwort', NULL, NULL, NULL, '2019-10-07 14:37:11', '2019-10-07 14:37:11'),
(216, 1, '1', 'Kennwort', 'Kennwort', '2019-10-16', 1, '222', 'Kennwort', 'Kennwort', NULL, NULL, NULL, '2019-10-07 14:37:22', '2019-10-07 14:37:22'),
(217, 1, '1', 'Kennwort', 'Kennwort', '2019-10-16', 1, '222', 'Kennwort', 'Kennwort', NULL, NULL, NULL, '2019-10-07 14:39:07', '2019-10-07 14:39:07'),
(218, 1, '1', 'Name', 'Name', '2019-10-25', 1, '23', 'Kennwort', 'Name', NULL, NULL, NULL, '2019-10-08 07:02:17', '2019-10-08 07:02:17'),
(219, 1, '1', 'Name', 'Name', '2019-10-25', 1, '23', 'Kennwort', 'Name', NULL, NULL, NULL, '2019-10-08 07:06:05', '2019-10-08 07:06:05'),
(220, 1, '1', 'Name', 'Name', '2019-10-25', 1, '23', 'Kennwort', 'Name', NULL, NULL, NULL, '2019-10-08 07:08:17', '2019-10-08 07:08:17'),
(221, 1, '1', 'Name', 'Name', '2019-10-25', 1, '23', 'Kennwort', 'Name', NULL, NULL, NULL, '2019-10-08 07:08:42', '2019-10-08 07:08:42'),
(222, 1, '2', 'Kennwort', 'Kennwort', '2019-10-25', 1, '233', 'Kennwort', 'Kennwort', NULL, NULL, NULL, '2019-10-08 07:12:49', '2019-10-08 07:12:49'),
(223, 1, '2', 'Kennwort', 'Kennwort', '2019-10-25', 1, '233', 'Kennwort', 'Kennwort', NULL, NULL, NULL, '2019-10-08 07:13:02', '2019-10-08 07:13:02'),
(224, 1, '1', 'Lorem', 'Lorem', '2019-10-16', 1, '111', 'Lorem Ipsum', 'Lorem', NULL, NULL, NULL, '2019-10-09 07:06:28', '2019-10-09 07:06:28'),
(225, 1, '1', 'Lorem', 'Lorem', '2019-10-16', 1, '111', 'Lorem Ipsum', 'Lorem', NULL, NULL, NULL, '2019-10-09 07:08:23', '2019-10-09 07:08:23'),
(226, 1, '1', 'Lorem', 'Lorem', '2019-10-16', 1, '111', 'Lorem Ipsum', 'Lorem', NULL, NULL, NULL, '2019-10-09 07:13:08', '2019-10-09 07:13:08'),
(227, 1, '1', 'Lorem', 'Lorem', '2019-10-16', 1, '111', 'Lorem Ipsum', 'Lorem', NULL, NULL, NULL, '2019-10-09 07:21:55', '2019-10-09 07:21:55'),
(228, 1, '1', 'Lorem', 'Lorem', '2019-10-16', 1, '111', 'Lorem Ipsum', 'Lorem', NULL, NULL, NULL, '2019-10-09 07:27:35', '2019-10-09 07:27:35'),
(229, 1, '1', 'Lorem', 'Lorem', '2019-10-16', 1, '111', 'Lorem Ipsum', 'Lorem', NULL, NULL, NULL, '2019-10-09 07:34:54', '2019-10-09 07:34:54'),
(230, 1, '1', 'Lorem', 'Lorem', '2019-10-02', 1, '33', 'Lorem', 'Lorem', NULL, NULL, NULL, '2019-10-09 07:38:45', '2019-10-09 07:38:45'),
(231, 1, '2', 'Kennwort', 'Kennwort', '2019-10-03', 1, '333', 'Kennwort', 'Kennwort', NULL, NULL, NULL, '2019-10-09 07:41:24', '2019-10-09 07:41:24'),
(232, 1, '1', 'Kennwort', 'Kennwort', '2019-10-09', 1, '4444444', 'Kennwort', 'Kennwort', NULL, NULL, NULL, '2019-10-09 07:47:59', '2019-10-09 07:47:59'),
(233, 1, '1', 'Kennwort', 'Kennwort', '2019-10-09', 1, '4444444', 'Kennwort', 'Kennwort', NULL, NULL, NULL, '2019-10-09 07:48:22', '2019-10-09 07:48:22'),
(234, 1, '1', 'Lorem', 'İpsum', '2000-10-04', 1, '4444', 'Kennwort@', 'Lorem İpsum Contact', NULL, NULL, NULL, '2019-10-09 07:50:11', '2019-10-09 07:50:11'),
(235, 1, '1', 'Anrede', 'Anrede', '2019-10-02', 1, '333', 'Anrede', 'Anrede', NULL, NULL, NULL, '2019-10-09 08:10:06', '2019-10-09 08:10:06'),
(236, 1, '2', 'Kennwort', 'Kennwort', '2019-10-19', 1, '333', 'Kennwort', 'Kennwort', NULL, NULL, NULL, '2019-10-16 08:09:09', '2019-10-16 08:09:09'),
(237, 1, '1', 'Kennwort', 'Kennwort', '2019-10-18', 1, '333', 'Kennwort', 'Kennwort', NULL, NULL, NULL, '2019-10-17 06:18:19', '2019-10-17 06:18:19'),
(238, 1, '1', 'Kennwort', 'Kennwort', '2019-10-18', 1, '333', 'Kennwort', 'Kennwort', NULL, NULL, NULL, '2019-10-17 06:18:37', '2019-10-17 06:18:37'),
(239, 1, '1', 'Kennwort', 'Kennwort', '2019-10-18', 1, '333', 'Kennwort', 'Kennwort', NULL, NULL, NULL, '2019-10-17 17:30:44', '2019-10-17 17:30:44'),
(240, 1, '2', 'Kennwort', 'Kennwort', '2019-10-18', 1, '4444', 'Kennwort', 'Kennwort', NULL, NULL, NULL, '2019-10-17 17:35:39', '2019-10-17 17:35:39');

-- --------------------------------------------------------

--
-- Table structure for table `customer_contacts`
--

CREATE TABLE `customer_contacts` (
  `id` int(10) UNSIGNED NOT NULL,
  `customer_id` varchar(191) COLLATE utf8mb4_unicode_ci NOT NULL,
  `street` varchar(191) COLLATE utf8mb4_unicode_ci NOT NULL,
  `house_number` smallint(6) NOT NULL,
  `city` varchar(191) COLLATE utf8mb4_unicode_ci NOT NULL,
  `country` varchar(191) COLLATE utf8mb4_unicode_ci NOT NULL,
  `postal_code` int(11) NOT NULL,
  `country_code` varchar(5) COLLATE utf8mb4_unicode_ci NOT NULL,
  `area_code` varchar(6) COLLATE utf8mb4_unicode_ci DEFAULT NULL,
  `phone_number` varchar(191) COLLATE utf8mb4_unicode_ci NOT NULL,
  `contact_person` varchar(191) COLLATE utf8mb4_unicode_ci NOT NULL,
  `email` varchar(191) COLLATE utf8mb4_unicode_ci NOT NULL,
  `created_at` timestamp NULL DEFAULT NULL,
  `updated_at` timestamp NULL DEFAULT NULL
) ENGINE=InnoDB DEFAULT CHARSET=utf8mb4 COLLATE=utf8mb4_unicode_ci;

--
-- Dumping data for table `customer_contacts`
--

INSERT INTO `customer_contacts` (`id`, `customer_id`, `street`, `house_number`, `city`, `country`, `postal_code`, `country_code`, `area_code`, `phone_number`, `contact_person`, `email`, `created_at`, `updated_at`) VALUES
(1, '10077', 'wer', 33, 'asdf', 'Germany', 11111, '49', '0', '222', 'wer', 'sdf', '2019-04-30 13:46:58', '2019-04-30 13:46:58'),
(2, '10077', 'wer', 33, 'asdf', 'Germany', 11111, '49', '0', '222', 'wer', 'sdf', '2019-04-30 13:50:47', '2019-04-30 13:50:47'),
(3, '1234', 'wqeqe', 33, 'asdf', 'Germany', 11111, '49', '0', '123456', 'qweqe', 'adsf', '2019-05-03 06:10:12', '2019-05-03 06:10:12'),
(4, '1234', 'wqeqe', 11, 'asdf', 'Germany', 11111, '49', '0', '123456', 'qweqe', 'adsf', '2019-05-03 06:11:27', '2019-05-03 06:11:27'),
(5, '123', 'aaa', 1233, 'aaa', 'Germany', 12332, '49', '0', '12344', 'aaa', 'aaa', '2019-05-06 11:32:55', '2019-05-06 11:32:55'),
(6, '123', '2345', 1, 'wret', 'Germany', 11111, '49', '0', '111', 'wret', 'ret', '2019-05-10 15:33:50', '2019-05-10 15:33:50'),
(7, '12', 'Deneme', 1, 'Deneme', 'Germany', 1111, '49', '0', '1', 'Deneme', 'Deneme', '2019-05-13 07:14:54', '2019-05-13 07:14:54'),
(8, '12', 'Deneme', 1, 'Deneme', 'Germany', 1111, '49', '0', '1', 'Deneme', 'Deneme', '2019-05-13 07:16:16', '2019-05-13 07:16:16'),
(9, '12', 'Deneme', 1, 'Deneme', 'Germany', 1111, '49', '0', '1', 'Deneme', 'Deneme', '2019-05-13 07:22:19', '2019-05-13 07:22:19'),
(10, '12', 'Deneme', 1, 'Deneme', 'Germany', 1111, '49', '0', '1', 'Deneme', 'Deneme', '2019-05-13 07:25:01', '2019-05-13 07:25:01'),
(11, '12', 'Deneme', 1, 'Deneme', 'Germany', 1111, '49', '0', '1', 'Deneme', 'Deneme', '2019-05-13 07:31:29', '2019-05-13 07:31:29'),
(12, '12', 'Deneme', 1, 'Deneme', 'Germany', 1111, '49', '0', '1', 'Deneme', 'Deneme', '2019-05-13 07:40:28', '2019-05-13 07:40:28'),
(13, '12', 'Deneme', 1, 'Deneme', 'Germany', 1111, '49', '0', '1', 'Deneme', 'Deneme', '2019-05-13 07:41:42', '2019-05-13 07:41:42'),
(14, '12', 'Deneme', 1, 'Deneme', 'Germany', 1111, '49', '0', '1', 'Deneme', 'Deneme', '2019-05-13 07:45:40', '2019-05-13 07:45:40'),
(15, '12', 'Deneme', 1, 'Deneme', 'Germany', 1111, '49', '0', '1', 'Deneme', 'Deneme', '2019-05-13 07:48:04', '2019-05-13 07:48:04'),
(16, '12', 'Deneme', 1, 'Deneme', 'Germany', 1111, '49', '0', '1', 'Deneme', 'Deneme', '2019-05-13 07:50:48', '2019-05-13 07:50:48'),
(17, '12', 'Deneme', 1, 'Deneme', 'Germany', 1111, '49', '0', '1', 'Deneme', 'Deneme', '2019-05-13 07:54:26', '2019-05-13 07:54:26'),
(18, '12', 'Deneme', 1, 'Deneme', 'Germany', 1111, '49', '0', '1', 'Deneme', 'Deneme', '2019-05-13 08:00:27', '2019-05-13 08:00:27'),
(19, '12', 'Deneme', 1, 'Deneme', 'Germany', 1111, '49', '0', '1', 'Deneme', 'Deneme', '2019-05-13 08:01:33', '2019-05-13 08:01:33'),
(20, '12', 'Deneme', 1, 'Deneme', 'Germany', 1111, '49', '0', '1', 'Deneme', 'Deneme', '2019-05-13 08:02:07', '2019-05-13 08:02:07'),
(21, '12', 'Deneme', 1, 'Deneme', 'Germany', 1111, '49', '0', '1', 'Deneme', 'Deneme', '2019-05-13 08:03:22', '2019-05-13 08:03:22'),
(22, '12', 'Deneme', 1, 'Deneme', 'Germany', 1111, '49', '0', '1', 'Deneme', 'Deneme', '2019-05-13 08:06:01', '2019-05-13 08:06:01'),
(23, '12', 'Deneme', 1, 'Deneme', 'Germany', 1111, '49', '0', '1', 'Deneme', 'Deneme', '2019-05-13 08:06:34', '2019-05-13 08:06:34'),
(24, '12', 'Deneme', 1, 'Deneme', 'Germany', 1111, '49', '0', '1', 'Deneme', 'Deneme', '2019-05-13 08:07:18', '2019-05-13 08:07:18'),
(25, '12', 'Deneme', 1, 'Deneme', 'Germany', 1111, '49', '0', '1', 'Deneme', 'Deneme', '2019-05-13 08:11:04', '2019-05-13 08:11:04'),
(26, '12', 'Deneme', 1, 'Deneme', 'Germany', 1111, '49', '0', '1', 'Deneme', 'Deneme', '2019-05-13 08:13:02', '2019-05-13 08:13:02'),
(27, '12', 'Deneme', 1, 'Deneme', 'Germany', 1111, '49', '0', '1', 'Deneme', 'Deneme', '2019-05-13 08:14:21', '2019-05-13 08:14:21'),
(28, '12', 'Deneme', 1, 'Deneme', 'Germany', 1111, '49', '0', '1', 'Deneme', 'Deneme', '2019-05-13 08:41:46', '2019-05-13 08:41:46'),
(29, '12', 'Deneme', 1, 'Deneme', 'Germany', 1111, '49', '0', '1', 'Deneme', 'Deneme', '2019-05-13 08:45:04', '2019-05-13 08:45:04'),
(30, '12', 'Deneme', 1, 'Deneme', 'Germany', 1111, '49', '0', '1', 'Deneme', 'Deneme', '2019-05-13 08:51:25', '2019-05-13 08:51:25'),
(31, '12', 'Deneme', 1, 'Deneme', 'Germany', 1111, '49', '0', '1', 'Deneme', 'Deneme', '2019-05-13 08:59:22', '2019-05-13 08:59:22'),
(32, '12', 'Deneme', 1, 'Deneme', 'Germany', 1111, '49', '0', '1', 'Deneme', 'Deneme', '2019-05-13 09:02:54', '2019-05-13 09:02:54'),
(33, '12', 'Deneme', 1, 'Deneme', 'Germany', 1111, '49', '0', '1', 'Deneme', 'Deneme', '2019-05-13 09:11:18', '2019-05-13 09:11:18'),
(34, '12', 'Deneme', 1, 'Deneme', 'Germany', 1111, '49', '0', '1', 'Deneme', 'Deneme', '2019-05-13 09:20:45', '2019-05-13 09:20:45'),
(35, '12', 'Deneme', 1, 'Deneme', 'Germany', 1111, '49', '0', '1', 'Deneme', 'Deneme', '2019-05-13 09:21:58', '2019-05-13 09:21:58'),
(36, '12', 'Deneme', 1, 'Deneme', 'Germany', 1111, '49', '0', '1', 'Deneme', 'Deneme', '2019-05-13 09:23:28', '2019-05-13 09:23:28'),
(37, '12', 'Deneme', 1, 'Deneme', 'Germany', 1111, '49', '0', '1', 'Deneme', 'Deneme', '2019-05-13 09:25:34', '2019-05-13 09:25:34'),
(38, '12', 'Deneme', 1, 'Deneme', 'Germany', 1111, '49', '0', '1', 'Deneme', 'Deneme', '2019-05-13 09:27:08', '2019-05-13 09:27:08'),
(39, '12', 'Deneme', 1, 'Deneme', 'Germany', 1111, '49', '0', '1', 'Deneme', 'Deneme', '2019-05-13 09:30:04', '2019-05-13 09:30:04'),
(40, '12', 'Deneme', 1, 'Deneme', 'Germany', 1111, '49', '0', '1', 'Deneme', 'Deneme', '2019-05-13 09:33:30', '2019-05-13 09:33:30'),
(41, '12', 'Deneme', 1, 'Deneme', 'Germany', 1111, '49', '0', '1', 'Deneme', 'Deneme', '2019-05-13 10:14:39', '2019-05-13 10:14:39'),
(42, '12', 'Deneme', 1, 'Deneme', 'Germany', 1111, '49', '0', '1', 'Deneme', 'Deneme', '2019-05-13 10:17:31', '2019-05-13 10:17:31'),
(43, '12', 'Deneme', 1, 'Deneme', 'Germany', 1111, '49', '0', '1', 'Deneme', 'Deneme', '2019-05-13 10:18:47', '2019-05-13 10:18:47'),
(44, '12', 'Deneme', 1, 'Deneme', 'Germany', 1111, '49', '0', '1', 'Deneme', 'Deneme', '2019-05-13 10:21:16', '2019-05-13 10:21:16'),
(45, '12', 'Deneme', 1, 'Deneme', 'Germany', 1111, '49', '0', '1', 'Deneme', 'Deneme', '2019-05-13 10:22:37', '2019-05-13 10:22:37'),
(46, '12', 'Deneme', 1, 'Deneme', 'Germany', 1111, '49', '0', '1', 'Deneme', 'Deneme', '2019-05-13 10:23:32', '2019-05-13 10:23:32'),
(47, '12', 'Deneme', 1, 'Deneme', 'Germany', 1111, '49', '0', '1', 'Deneme', 'Deneme', '2019-05-13 10:24:41', '2019-05-13 10:24:41'),
(48, '12', 'Deneme', 1, 'Deneme', 'Germany', 1111, '49', '0', '1', 'Deneme', 'Deneme', '2019-05-13 10:25:08', '2019-05-13 10:25:08'),
(49, '12', 'Deneme', 1, 'Deneme', 'Germany', 1111, '49', '0', '1', 'Deneme', 'Deneme', '2019-05-13 10:25:59', '2019-05-13 10:25:59'),
(50, '12', 'Deneme', 1, 'Deneme', 'Germany', 1111, '49', '0', '1', 'Deneme', 'Deneme', '2019-05-13 10:26:30', '2019-05-13 10:26:30'),
(51, '12', 'Deneme', 1, 'Deneme', 'Germany', 1111, '49', '0', '1', 'Deneme', 'Deneme', '2019-05-13 10:26:44', '2019-05-13 10:26:44'),
(52, '12', 'Deneme', 1, 'Deneme', 'Germany', 1111, '49', '0', '1', 'Deneme', 'Deneme', '2019-05-13 10:27:06', '2019-05-13 10:27:06'),
(53, '12', 'Deneme', 1, 'Deneme', 'Germany', 1111, '49', '0', '1', 'Deneme', 'Deneme', '2019-05-13 10:28:34', '2019-05-13 10:28:34'),
(54, '12', 'Deneme', 1, 'Deneme', 'Germany', 1111, '49', '0', '1', 'Deneme', 'Deneme', '2019-05-13 10:29:42', '2019-05-13 10:29:42'),
(55, '12', 'Deneme', 1, 'Deneme', 'Germany', 1111, '49', '0', '1', 'Deneme', 'Deneme', '2019-05-13 10:31:17', '2019-05-13 10:31:17'),
(56, '12', 'Deneme', 1, 'Deneme', 'Germany', 1111, '49', '0', '1', 'Deneme', 'Deneme', '2019-05-13 10:34:29', '2019-05-13 10:34:29'),
(57, '444', 'Deneme', 5, 'Deneme', 'Germany', 55555, '49', '0', '666', 'Deneme', 'Deneme', '2019-05-13 11:08:46', '2019-05-13 11:08:46'),
(58, '444', 'Deneme', 5, 'Deneme', 'Germany', 55555, '49', '0', '666', 'Deneme', 'Deneme', '2019-05-13 11:12:11', '2019-05-13 11:12:11'),
(59, '444', 'Deneme', 5, 'Deneme', 'Germany', 55555, '49', '0', '666', 'Deneme', 'Deneme', '2019-05-13 11:14:40', '2019-05-13 11:14:40'),
(60, '444', 'Deneme', 5, 'Deneme', 'Germany', 55555, '49', '0', '666', 'Deneme', 'Deneme', '2019-05-13 11:19:02', '2019-05-13 11:19:02'),
(61, '444', 'Deneme', 5, 'Deneme', 'Germany', 55555, '49', '0', '666', 'Deneme', 'Deneme', '2019-05-13 11:20:27', '2019-05-13 11:20:27'),
(62, '444', 'Deneme', 5, 'Deneme', 'Germany', 55555, '49', '0', '666', 'Deneme', 'Deneme', '2019-05-13 11:22:48', '2019-05-13 11:22:48'),
(63, '444', 'Deneme', 5, 'Deneme', 'Germany', 55555, '49', '0', '666', 'Deneme', 'Deneme', '2019-05-13 11:23:52', '2019-05-13 11:23:52'),
(64, '444', 'Deneme', 5, 'Deneme', 'Germany', 55555, '49', '0', '666', 'Deneme', 'Deneme', '2019-05-13 11:25:16', '2019-05-13 11:25:16'),
(65, '444', 'Deneme', 5, 'Deneme', 'Germany', 55555, '49', '0', '666', 'Deneme', 'Deneme', '2019-05-13 11:26:06', '2019-05-13 11:26:06'),
(66, '444', 'Deneme', 5, 'Deneme', 'Germany', 55555, '49', '0', '666', 'Deneme', 'Deneme', '2019-05-13 11:38:47', '2019-05-13 11:38:47'),
(67, '6666', 'Deneme', 3, 'Deneme', 'Germany', 77777, '49', '0', '666', 'Deneme', 'Deneme', '2019-05-13 12:23:25', '2019-05-13 12:23:25'),
(68, '6666', 'Deneme', 3, 'Deneme', 'Germany', 77777, '49', '0', '666', 'Deneme', 'Deneme', '2019-05-13 12:25:42', '2019-05-13 12:25:42'),
(69, '6666', 'Deneme', 3, 'Deneme', 'Germany', 77777, '49', '0', '666', 'Deneme', 'Deneme', '2019-05-13 12:28:11', '2019-05-13 12:28:11'),
(70, '6666', 'Deneme', 3, 'Deneme', 'Germany', 77777, '49', '0', '666', 'Deneme', 'Deneme', '2019-05-13 12:30:17', '2019-05-13 12:30:17'),
(71, '6666', 'Deneme', 3, 'Deneme', 'Germany', 77777, '49', '0', '666', 'Deneme', 'Deneme', '2019-05-13 12:31:46', '2019-05-13 12:31:46'),
(72, '6666', 'Deneme', 3, 'Deneme', 'Germany', 77777, '49', '0', '666', 'Deneme', 'Deneme', '2019-05-13 13:11:35', '2019-05-13 13:11:35'),
(73, '6666', 'Deneme', 3, 'Deneme', 'Germany', 77777, '49', '0', '666', 'Deneme', 'Deneme', '2019-05-13 13:26:16', '2019-05-13 13:26:16'),
(74, '6666', 'Deneme', 3, 'Deneme', 'Germany', 77777, '49', '0', '666', 'Deneme', 'Deneme', '2019-05-13 13:27:28', '2019-05-13 13:27:28'),
(75, '6666', 'Deneme', 3, 'Deneme', 'Germany', 77777, '49', '0', '666', 'Deneme', 'Deneme', '2019-05-13 13:29:37', '2019-05-13 13:29:37'),
(76, '6666', 'Deneme', 3, 'Deneme', 'Germany', 77777, '49', '0', '666', 'Deneme', 'Deneme', '2019-05-13 13:31:37', '2019-05-13 13:31:37'),
(77, '111', 'Deneme', 3, 'Deneme', 'Germany', 44444, '49', '0', '777', 'Deneme', 'Deneme', '2019-05-15 09:26:19', '2019-05-15 09:26:19'),
(78, '111', 'Deneme', 3, 'Deneme', 'Germany', 44444, '49', '0', '777', 'Deneme', 'Deneme', '2019-05-15 11:22:53', '2019-05-15 11:22:53'),
(79, '111', 'Deneme', 3, 'Deneme', 'Germany', 44444, '49', '0', '777', 'Deneme', 'Deneme', '2019-05-15 11:27:48', '2019-05-15 11:27:48'),
(80, '111', 'Deneme', 3, 'Deneme', 'Germany', 44444, '49', '0', '777', 'Deneme', 'Deneme', '2019-05-15 11:42:33', '2019-05-15 11:42:33'),
(81, '111', 'Deneme', 3, 'Deneme', 'Germany', 44444, '49', '0', '777', 'Deneme', 'Deneme', '2019-05-15 12:20:46', '2019-05-15 12:20:46'),
(82, '111', 'Deneme', 3, 'Deneme', 'Germany', 44444, '49', '0', '777', 'Deneme', 'Deneme', '2019-05-15 12:35:14', '2019-05-15 12:35:14'),
(83, '111', 'Deneme', 3, 'Deneme', 'Germany', 44444, '49', '0', '777', 'Deneme', 'Deneme', '2019-05-15 12:37:53', '2019-05-15 12:37:53'),
(84, '111', 'Deneme', 3, 'Deneme', 'Germany', 44444, '49', '0', '777', 'Deneme', 'Deneme', '2019-05-15 12:39:55', '2019-05-15 12:39:55'),
(85, '111', 'Deneme', 3, 'Deneme', 'Germany', 44444, '49', '0', '777', 'Deneme', 'Deneme', '2019-05-15 12:49:31', '2019-05-15 12:49:31'),
(86, '111', 'Deneme', 3, 'Deneme', 'Germany', 44444, '49', '0', '777', 'Deneme', 'Deneme', '2019-05-15 12:51:25', '2019-05-15 12:51:25'),
(87, '111', 'Deneme', 3, 'Deneme', 'Germany', 44444, '49', '0', '777', 'Deneme', 'Deneme', '2019-05-15 12:51:52', '2019-05-15 12:51:52'),
(88, '111', 'Deneme', 3, 'Deneme', 'Germany', 44444, '49', '0', '777', 'Deneme', 'Deneme', '2019-05-15 12:55:26', '2019-05-15 12:55:26'),
(89, '111', 'Deneme', 3, 'Deneme', 'Germany', 44444, '49', '0', '777', 'Deneme', 'Deneme', '2019-05-15 13:00:12', '2019-05-15 13:00:12'),
(90, '111', 'Deneme', 3, 'Deneme', 'Germany', 44444, '49', '0', '777', 'Deneme', 'Deneme', '2019-05-15 13:01:05', '2019-05-15 13:01:05'),
(91, '111', 'Deneme', 3, 'Deneme', 'Germany', 44444, '49', '0', '777', 'Deneme', 'Deneme', '2019-05-15 14:16:47', '2019-05-15 14:16:47'),
(92, '111', 'Deneme', 3, 'Deneme', 'Germany', 44444, '49', '0', '777', 'Deneme', 'Deneme', '2019-05-15 14:17:11', '2019-05-15 14:17:11'),
(93, '111', 'Deneme', 3, 'Deneme', 'Germany', 44444, '49', '0', '777', 'Deneme', 'Deneme', '2019-05-15 14:27:03', '2019-05-15 14:27:03'),
(94, '111', 'Deneme', 3, 'Deneme', 'Germany', 44444, '49', '0', '777', 'Deneme', 'Deneme', '2019-05-15 14:31:11', '2019-05-15 14:31:11'),
(95, '2', 'Deneme', 2, 'Deneme', 'Germany', 2, '49', '0', '1', 'Deneme', 'Deneme', '2019-05-15 14:50:19', '2019-05-15 14:50:19'),
(96, '2', 'Deneme', 2, 'Deneme', 'Germany', 2, '49', '0', '1', 'Deneme', 'Deneme', '2019-05-15 14:51:28', '2019-05-15 14:51:28'),
(97, '1', 'dene', 1, 'dene', 'Germany', 1, '49', '0', '2', 'dene', 'dene', '2019-05-15 14:52:45', '2019-05-15 14:52:45'),
(98, '1', 'dene', 1, 'dene', 'Germany', 1, '49', '0', '2', 'dene', 'dene', '2019-05-15 14:53:03', '2019-05-15 14:53:03'),
(99, '1', 'dene', 1, 'dene', 'Germany', 1, '49', '0', '2', 'dene', 'dene', '2019-05-15 14:53:23', '2019-05-15 14:53:23'),
(100, '1', 'dene', 1, 'dene', 'Germany', 1, '49', '0', '2', 'dene', 'dene', '2019-05-15 14:53:43', '2019-05-15 14:53:43'),
(101, '1', 'dene', 1, 'dene', 'Germany', 1, '49', '0', '2', 'dene', 'dene', '2019-05-15 14:54:33', '2019-05-15 14:54:33'),
(102, '1', 'dene', 1, 'dene', 'Germany', 1, '49', '0', '2', 'dene', 'dene', '2019-05-15 14:54:54', '2019-05-15 14:54:54'),
(103, '33', 'Dene', 3, 'Dene', 'Germany', 3, '49', '0', '22', 'Dene', 'Dene', '2019-05-15 14:58:21', '2019-05-15 14:58:21'),
(104, '33', 'Dene', 3, 'Dene', 'Germany', 3, '49', '0', '22', 'Dene', 'Dene', '2019-05-15 14:59:35', '2019-05-15 14:59:35'),
(105, '33', 'Dene', 3, 'Dene', 'Germany', 3, '49', '0', '22', 'Dene', 'Dene', '2019-05-15 15:00:49', '2019-05-15 15:00:49'),
(106, '33', 'Dene', 3, 'Dene', 'Germany', 3, '49', '0', '22', 'Dene', 'Dene', '2019-05-15 15:01:13', '2019-05-15 15:01:13'),
(107, '33', 'Dene', 3, 'Dene', 'Germany', 3, '49', '0', '22', 'Dene', 'Dene', '2019-05-15 15:03:18', '2019-05-15 15:03:18'),
(108, '33', 'Dene', 3, 'Dene', 'Germany', 3, '49', '0', '22', 'Dene', 'Dene', '2019-05-15 15:06:49', '2019-05-15 15:06:49'),
(109, '33', 'Dene', 3, 'Dene', 'Germany', 32222, '49', '0', '22', 'Dene', 'Dene', '2019-05-15 15:08:23', '2019-05-15 15:08:23'),
(110, '111', 'Dene', 11, 'Dene', 'Germany', 11, '49', '0', '11111', 'Dene', 'Dene', '2019-05-15 15:10:44', '2019-05-15 15:10:44'),
(111, '111', 'Dene', 11, 'Dene', 'Germany', 11, '49', '0', '11111', 'Dene', 'Dene', '2019-05-15 15:12:33', '2019-05-15 15:12:33'),
(112, '111', 'Dene', 11, 'Dene', 'Germany', 11, '49', '0', '11111', 'Dene', 'Dene', '2019-05-15 15:14:12', '2019-05-15 15:14:12'),
(113, '111', 'Dene', 11, 'Dene', 'Germany', 11, '49', '0', '11111', 'Dene', 'Dene', '2019-05-15 15:15:48', '2019-05-15 15:15:48'),
(114, '111', 'Dene', 11, 'Dene', 'Germany', 11, '49', '0', '11111', 'Dene', 'Dene', '2019-05-15 15:21:14', '2019-05-15 15:21:14'),
(115, '111', 'Dene', 11, 'Dene', 'Germany', 11, '49', '0', '11111', 'Dene', 'Dene', '2019-05-15 15:21:54', '2019-05-15 15:21:54'),
(116, '111', 'Dene', 11, 'Dene', 'Germany', 11, '49', '0', '11111', 'Dene', 'Dene', '2019-05-15 15:22:13', '2019-05-15 15:22:13'),
(117, '111', 'Dene', 11, 'Dene', 'Germany', 11, '49', '0', '11111', 'Dene', 'Dene', '2019-05-15 15:23:21', '2019-05-15 15:23:21'),
(118, '111', 'Dene', 11, 'Dene', 'Germany', 11, '49', '0', '11111', 'Dene', 'Dene', '2019-05-15 15:25:25', '2019-05-15 15:25:25'),
(119, '111', 'Dene', 11, 'Dene', 'Germany', 11, '49', '0', '11111', 'Dene', 'Dene', '2019-05-15 15:26:19', '2019-05-15 15:26:19'),
(120, '1', 'Deneme', 1, 'Deneme', 'Germany', 1, '49', '0', '1', 'Deneme', 'Deneme', '2019-05-16 09:15:48', '2019-05-16 09:15:48'),
(121, '1', 'Deneme', 1, 'Deneme', 'Germany', 1, '49', '0', '1', 'Deneme', 'Deneme', '2019-05-16 09:17:31', '2019-05-16 09:17:31'),
(122, '1', 'Deneme', 1, 'Deneme', 'Germany', 1, '49', '0', '1', 'Deneme', 'Deneme', '2019-05-16 09:20:12', '2019-05-16 09:20:12'),
(123, '1', 'Deneme', 1, 'Deneme', 'Germany', 1, '49', '0', '1', 'Deneme', 'Deneme', '2019-05-16 09:23:43', '2019-05-16 09:23:43'),
(124, '1', 'Deneme', 1, 'Deneme', 'Germany', 1, '49', '0', '1', 'Deneme', 'Deneme', '2019-05-16 09:31:07', '2019-05-16 09:31:07'),
(125, '345', 'Deneme', 2, 'Deneme', 'Germany', 2, '49', '0', '45', 'Deneme', 'Deneme', '2019-05-22 13:27:32', '2019-05-22 13:27:32'),
(126, '149', 'Deneme', 2, 'Deneme', 'Germany', 2, '49', '0', '45', 'Deneme', 'Deneme', '2019-05-22 13:35:26', '2019-05-22 13:35:26'),
(127, '151', 'Deneme', 2, 'Deneme', 'Germany', 2, '49', '0', '45', 'Deneme', 'Deneme', '2019-05-22 13:38:27', '2019-05-22 13:38:27'),
(128, '151', 'Deneme', 2, 'Deneme', 'Germany', 2, '49', '0', '45', 'Deneme', 'Deneme', '2019-05-22 13:42:03', '2019-05-22 13:42:03'),
(129, '149', 'Deneme', 345, 'Deneme', 'Germany', 4, '49', '0', 'Deneme', 'Deneme', 'Deneme', '2019-05-22 14:03:33', '2019-05-22 14:03:33'),
(130, '149', 'Deneme', 345, 'Deneme', 'Germany', 4, '49', '0', 'Deneme', 'Deneme', 'Deneme', '2019-05-22 14:05:49', '2019-05-22 14:05:49'),
(131, '155', 'Deneme', 12, 'Deneme', 'Germany', 12, '49', '0', '4564', 'Deneme', 'Deneme', '2019-05-23 07:15:07', '2019-05-23 07:15:07'),
(132, '155', 'Deneme', 12, 'Deneme', 'Germany', 12, '49', '0', '4564', 'Deneme', 'Deneme', '2019-05-23 07:15:55', '2019-05-23 07:15:55'),
(133, '155', 'Deneme', 12, 'Deneme', 'Germany', 12, '49', '0', '4564', 'Deneme', 'Deneme', '2019-05-23 07:29:36', '2019-05-23 07:29:36'),
(134, '155', 'Deneme', 12, 'Deneme', 'Germany', 12, '49', '0', '4564', 'Deneme', 'Deneme', '2019-05-23 07:32:30', '2019-05-23 07:32:30'),
(135, '155', 'Deneme', 12, 'Deneme', 'Germany', 12, '49', '0', '4564', 'Deneme', 'Deneme', '2019-05-23 07:33:39', '2019-05-23 07:33:39'),
(136, '155', 'Deneme', 12, 'Deneme', 'Germany', 12, '49', '0', '4564', 'Deneme', 'Deneme', '2019-05-23 07:36:32', '2019-05-23 07:36:32'),
(137, '155', 'Deneme', 12, 'Deneme', 'Germany', 12, '49', '0', '4564', 'Deneme', 'Deneme', '2019-05-23 07:40:30', '2019-05-23 07:40:30'),
(138, '155', 'Deneme', 12, 'Deneme', 'Germany', 12, '49', '0', '4564', 'Deneme', 'Deneme', '2019-05-23 08:09:41', '2019-05-23 08:09:41'),
(139, '155', 'Deneme', 12, 'Deneme', 'Germany', 12, '49', '0', '4564', 'Deneme', 'Deneme', '2019-05-23 08:14:28', '2019-05-23 08:14:28'),
(140, '155', 'Deneme', 12, 'Deneme', 'Germany', 12, '49', '0', '4564', 'Deneme', 'Deneme', '2019-05-23 08:15:26', '2019-05-23 08:15:26'),
(141, '155', 'Deneme', 12, 'Deneme', 'Germany', 12, '49', '0', '4564', 'Deneme', 'Deneme', '2019-05-23 08:16:19', '2019-05-23 08:16:19'),
(142, '155', 'Deneme', 12, 'Deneme', 'Germany', 12, '49', '0', '4564', 'Deneme', 'Deneme', '2019-05-23 08:17:49', '2019-05-23 08:17:49'),
(143, '155', 'Deneme', 12, 'Deneme', 'Germany', 12, '49', '0', '4564', 'Deneme', 'Deneme', '2019-05-23 08:18:54', '2019-05-23 08:18:54'),
(144, '121', 'Deneme', 1, 'Deneme', 'Germany', 33333, '49', '0', '222', 'Dn', '0@d2.de', '2019-07-01 11:56:21', '2019-07-01 12:05:44'),
(145, '121', 'Deneme', 1, 'Deneme', 'Germany', 33333, '49', '0', '222', 'Dn', 'Deneme@gmail.com', '2019-07-01 12:04:08', '2019-07-01 12:04:08'),
(146, '121', 'Deneme', 1, 'Deneme', 'Germany', 33333, '49', '0', '222', 'Dn', 'Deneme@gmail.com', '2019-07-01 12:04:30', '2019-07-01 12:04:30'),
(147, '121', 'Deneme', 1, 'Deneme', 'Germany', 33333, '49', '0', '222', 'Dn', 'Deneme@gmail.com', '2019-07-01 12:05:44', '2019-07-01 12:05:44'),
(148, '121', 'Deneme', 1, 'Deneme', 'Germany', 33333, '49', '0', '222', 'Dn', 'Deneme@gmail.com', '2019-07-01 12:21:30', '2019-07-01 12:21:30'),
(149, '176', 'Deneme', 13, 'Deneme', 'Germany', 333331, '49', '0', '222111', 'Dn', '0@d2.de', '2019-07-01 12:43:04', '2019-07-01 12:43:04'),
(150, '177', 'MAden', 2, 'MAden C', 'Germany', 22, '49', '0', '333', 'Bakır', '0@d2.de', '2019-07-01 13:16:14', '2019-07-01 13:16:14'),
(151, '101', 'Try', 1, 'Try', 'Germany', 1, '49', '0', '22', 'Try', '0@d2.de', '2019-07-02 12:40:29', '2019-07-02 12:41:02'),
(152, '101', 'Try', 1, 'Try', 'Germany', 1, '49', '0', '22', 'Try', 'Try', '2019-07-02 12:41:02', '2019-07-02 12:41:02'),
(153, '180', 'Deneme', 11, 'Deneme', 'Germany', 111, '49', '0', '11', 'Deneme', '0@d2.de', '2019-07-03 07:09:40', '2019-07-03 07:09:40'),
(154, '29', 'Deneme', 11, 'Deneme', 'Germany', 123, '49', '0', '123', 'Deneme', '0@d2.de', '2019-07-03 07:21:54', '2019-07-03 07:21:55'),
(155, '101', 'Deneme', 11, 'Deneme', 'Germany', 11, '49', '0', '111', 'Deneme', 'Deneme@', '2019-07-03 11:32:12', '2019-07-03 11:32:12'),
(156, '101', 'Strasse', 12, 'Ort', 'D', 232333, '049', '222', '45455555', 'Ansprechpartner', 'g@g.com', '2019-10-07 13:07:13', '2019-10-07 13:07:13'),
(157, '101', 'Strasse', 12, 'Ort', 'D', 232333, '049', '222', '45455555', 'Ansprechpartner', 'g@g.com', '2019-10-07 13:08:00', '2019-10-07 13:08:00'),
(158, '205', 'Strasse', 23, 'Strasse', 'D', 232323, '049', '222', '22222222', 'Ansprechpartner', 'f@g.com', '2019-10-07 13:27:23', '2019-10-07 13:27:23'),
(159, '206', 'Kennwort', 2, 'Kennwort', 'D', 333, '049', '222', '22222222', 'Kennwort', '0@d2.de', '2019-10-07 13:32:26', '2019-10-07 13:32:47'),
(160, '206', 'Kennwort', 2, 'Kennwort', 'D', 333, '049', '222', '22222222', 'Kennwort', 'g@g.com', '2019-10-07 13:32:47', '2019-10-07 13:32:47'),
(161, '206', 'Kennwort', 2, 'Kennwort', 'D', 333, '049', '222', '22222222', 'Kennwort', 'g@g.com', '2019-10-07 13:34:06', '2019-10-07 13:34:06'),
(162, '209', 'Kennwort', 3, 'Kennwort', 'D', 3, '049', '333', '33333333', 'Kennwort', '0@d2.de', '2019-10-07 14:12:58', '2019-10-07 14:12:58'),
(163, '209', 'Kennwort', 3, 'Kennwort', 'D', 3, '049', '333', '33333333', 'Kennwort', 'Kennwort@g.com', '2019-10-07 14:34:04', '2019-10-07 14:34:04'),
(164, '209', 'Kennwort', 3, 'Kennwort', 'D', 3, '049', '333', '33333333', 'Kennwort', 'Kennwort@g.com', '2019-10-07 14:34:27', '2019-10-07 14:34:27'),
(165, '209', 'Kennwort', 3, 'Kennwort', 'D', 3, '049', '333', '33333333', 'Kennwort', 'Kennwort@g.com', '2019-10-07 14:34:55', '2019-10-07 14:34:55'),
(166, '209', 'Kennwort', 3, 'Kennwort', 'D', 3, '049', '333', '33333333', 'Kennwort', 'Kennwort@g.com', '2019-10-07 14:35:33', '2019-10-07 14:35:33'),
(167, '209', 'Kennwort', 3, 'Kennwort', 'D', 3, '049', '333', '33333333', 'Kennwort', 'Kennwort@g.com', '2019-10-07 14:35:53', '2019-10-07 14:35:53'),
(168, '209', 'Kennwort', 3, 'Kennwort', 'D', 3, '049', '333', '33333333', 'Kennwort', 'Kennwort@g.com', '2019-10-07 14:37:11', '2019-10-07 14:37:11'),
(169, '209', 'Kennwort', 3, 'Kennwort', 'D', 3, '049', '333', '33333333', 'Kennwort', 'Kennwort@g.com', '2019-10-07 14:37:22', '2019-10-07 14:37:22'),
(170, '209', 'Kennwort', 3, 'Kennwort', 'D', 3, '049', '333', '33333333', 'Kennwort', 'Kennwort@g.com', '2019-10-07 14:39:07', '2019-10-07 14:39:07'),
(171, '218', 'Name', 2, 'Name', 'D', 2, '049', '345', '44444444', 'Name', '0@d2.de', '2019-10-08 07:02:17', '2019-10-08 07:02:18'),
(172, '218', 'Name', 2, 'Name', 'D', 2, '049', '345', '44444444', 'Name', 'Name@g.com', '2019-10-08 07:06:05', '2019-10-08 07:06:05'),
(173, '218', 'Name', 2, 'Name', 'D', 2, '049', '345', '44444444', 'Name', 'Name@g.com', '2019-10-08 07:08:17', '2019-10-08 07:08:17'),
(174, '218', 'Name', 2, 'Name', 'D', 2, '049', '345', '44444444', 'Name', 'Name@g.com', '2019-10-08 07:08:42', '2019-10-08 07:08:42'),
(175, '222', 'Kennwort', 2, 'Kennwort', 'D', 2, '049', '333', '22222222', 'Kennwort', '0@d2.de', '2019-10-08 07:12:49', '2019-10-08 07:13:02'),
(176, '222', 'Kennwort', 2, 'Kennwort', 'D', 2, '049', '333', '22222222', 'Kennwort', 'Kennwort@g.com', '2019-10-08 07:13:02', '2019-10-08 07:13:02'),
(177, '101', 'Lorem', 2, 'Lorem', 'D', 22, '049', '333', '33333333', 'Lorem', 'Lorem@g.com', '2019-10-09 07:06:29', '2019-10-09 07:06:29'),
(178, '101', 'Lorem', 2, 'Lorem', 'D', 22, '049', '333', '33333333', 'Lorem', 'Lorem@g.com', '2019-10-09 07:08:23', '2019-10-09 07:08:23'),
(179, '101', 'Lorem', 2, 'Lorem', 'D', 22, '049', '333', '33333333', 'Lorem', 'Lorem@g.com', '2019-10-09 07:13:08', '2019-10-09 07:13:08'),
(180, '101', 'Lorem', 2, 'Lorem', 'D', 22, '049', '333', '33333333', 'Lorem', 'Lorem@g.com', '2019-10-09 07:21:55', '2019-10-09 07:21:55'),
(181, '101', 'Lorem', 2, 'Lorem', 'D', 22, '049', '333', '33333333', 'Lorem', 'Lorem@g.com', '2019-10-09 07:27:35', '2019-10-09 07:27:35'),
(182, '101', 'Lorem', 2, 'Lorem', 'D', 22, '049', '333', '33333333', 'Lorem', 'Lorem@g.com', '2019-10-09 07:34:54', '2019-10-09 07:34:54'),
(183, '127', 'Lorem', 1, 'Lorem', 'D', 1, '049', '333', '33333333', 'Lorem', '0@d2.de', '2019-10-09 07:38:45', '2019-10-09 07:38:45'),
(184, '231', 'Kennwort', 11, 'Kennwort', 'D', 1, '049', '333', '33333333', 'Kennwort', '0@d2.de', '2019-10-09 07:41:24', '2019-10-09 07:41:24'),
(185, '232', 'Kennwort', 33, 'Kennwort', 'D', 3, '049', '333', '33333333', 'Kennwort', '0@d2.de', '2019-10-09 07:47:59', '2019-10-09 07:48:22'),
(186, '232', 'Kennwort', 33, 'Kennwort', 'D', 3, '049', '333', '33333333', 'Kennwort', 'Kennwort@g.com', '2019-10-09 07:48:22', '2019-10-09 07:48:22'),
(187, '234', 'Deidesheimer', 33, 'Stuttgart', 'D', 33, '049', '444', '44444444', 'Contact Lorem', '0@d2.de', '2019-10-09 07:50:11', '2019-10-09 07:50:11'),
(188, '231', 'Anrede', 3, 'Anrede', 'D', 3, '049', '333', '33333333', 'Anrede', 'Anrede@g.com', '2019-10-09 08:10:06', '2019-10-09 08:10:06'),
(189, '231', 'Kennwort', 4, 'Kennwort', 'D', 4, '049', '333', '33333333', 'Kennwort', 'Kennwort@g.com', '2019-10-16 08:09:09', '2019-10-16 08:09:09'),
(190, '231', 'Kennwort', 3, 'Kennwort', 'D', 3, '049', '333', '33333333', 'Kennwort', 'Kennwort@g.com', '2019-10-17 06:18:19', '2019-10-17 06:18:19'),
(191, '231', 'Kennwort', 3, 'Kennwort', 'D', 3, '049', '333', '33333333', 'Kennwort', 'Kennwort@g.com', '2019-10-17 06:18:37', '2019-10-17 06:18:37'),
(192, '231', 'Kennwort', 44, 'Kennwort', 'D', 44, '049', '444', '44444444', 'Kennwort', 'Kennwort@g.com', '2019-10-17 17:30:44', '2019-10-17 17:30:44'),
(193, '234', 'Kennwort', 44, 'Kennwort', 'D', 4, '049', '333', '44444444', 'Kennwort', 'Kennwort@g.com', '2019-10-17 17:35:39', '2019-10-17 17:35:39');

-- --------------------------------------------------------

--
-- Table structure for table `customer_invoice_addresses`
--

CREATE TABLE `customer_invoice_addresses` (
  `id` int(10) UNSIGNED NOT NULL,
  `customer_id` int(11) NOT NULL,
  `salutation` varchar(191) COLLATE utf8mb4_unicode_ci NOT NULL,
  `name` varchar(191) COLLATE utf8mb4_unicode_ci DEFAULT NULL,
  `surname` varchar(191) COLLATE utf8mb4_unicode_ci DEFAULT NULL,
  `company_name_1` varchar(191) COLLATE utf8mb4_unicode_ci DEFAULT NULL,
  `street` varchar(191) COLLATE utf8mb4_unicode_ci DEFAULT NULL,
  `house_number` smallint(6) DEFAULT NULL,
  `PO_box` int(11) DEFAULT NULL,
  `country` varchar(191) COLLATE utf8mb4_unicode_ci DEFAULT NULL,
  `postal_code` int(11) DEFAULT NULL,
  `city` varchar(191) COLLATE utf8mb4_unicode_ci DEFAULT NULL,
  `contact_person` varchar(191) COLLATE utf8mb4_unicode_ci DEFAULT NULL,
  `country_code` smallint(6) DEFAULT NULL,
  `area_code` smallint(6) DEFAULT NULL,
  `phone_number` varchar(191) COLLATE utf8mb4_unicode_ci DEFAULT NULL,
  `medium_type` smallint(6) DEFAULT NULL,
  `SMS_notification_NDC` smallint(6) DEFAULT NULL,
  `SMS_notification_MSISDN` int(11) DEFAULT NULL,
  `created_at` timestamp NULL DEFAULT NULL,
  `updated_at` timestamp NULL DEFAULT NULL
) ENGINE=InnoDB DEFAULT CHARSET=utf8mb4 COLLATE=utf8mb4_unicode_ci;

--
-- Dumping data for table `customer_invoice_addresses`
--

INSERT INTO `customer_invoice_addresses` (`id`, `customer_id`, `salutation`, `name`, `surname`, `company_name_1`, `street`, `house_number`, `PO_box`, `country`, `postal_code`, `city`, `contact_person`, `country_code`, `area_code`, `phone_number`, `medium_type`, `SMS_notification_NDC`, `SMS_notification_MSISDN`, `created_at`, `updated_at`) VALUES
(1, 122, '3', NULL, NULL, 'Deneme', 'Deneme', 22, NULL, NULL, 22, 'Deneme', 'Deneme', NULL, NULL, NULL, NULL, NULL, NULL, '2019-05-16 09:23:43', '2019-05-16 09:23:43'),
(2, 1, '3', NULL, NULL, 'Deneme', 'Deneme', 22, NULL, NULL, 22, 'Deneme', 'Deneme', NULL, NULL, NULL, NULL, NULL, NULL, '2019-05-16 09:31:07', '2019-05-16 09:31:07'),
(3, 149, '1', 'Deneme', 'Deneme', NULL, 'Deneme', 2, NULL, NULL, 2, 'Deneme', 'Deneme', NULL, NULL, NULL, NULL, NULL, NULL, '2019-05-22 13:35:26', '2019-05-22 13:35:26'),
(5, 151, '1', 'Deneme', 'Deneme', NULL, 'Deneme', 2, NULL, NULL, 2, 'Deneme', 'Deneme', NULL, NULL, NULL, NULL, NULL, NULL, '2019-05-22 13:42:03', '2019-05-22 13:42:03'),
(7, 155, '1', 'Deneme', 'Deneme', NULL, 'Deneme', 12, NULL, NULL, 12, 'Deneme', 'Deneme', NULL, NULL, NULL, NULL, NULL, NULL, '2019-05-23 07:15:07', '2019-05-23 07:15:07'),
(8, 121, '1', 'dene', 'dene', NULL, 'Deneme', 1, NULL, NULL, 33333, 'Deneme', 'dene', NULL, NULL, NULL, 1, NULL, NULL, '2019-07-01 12:05:44', '2019-07-01 12:05:44'),
(9, 121, '1', 'dene', 'dene', NULL, 'Deneme', 1, NULL, NULL, 33333, 'Deneme', 'dene', NULL, NULL, NULL, 1, NULL, NULL, '2019-07-01 12:21:30', '2019-07-01 12:21:30'),
(10, 121, '1', 'dene', 'dene', NULL, 'Deneme', 1, NULL, NULL, 33333, 'Deneme', 'dene', NULL, NULL, NULL, 2, NULL, NULL, '2019-07-01 12:21:30', '2019-07-01 12:21:30'),
(11, 176, '2', 'DenemeVor', 'DenemeName', NULL, 'Deneme', 13, NULL, NULL, 333331, 'Deneme', 'Dn', NULL, NULL, NULL, 1, NULL, NULL, '2019-07-01 12:43:04', '2019-07-01 12:43:04'),
(12, 176, '2', 'DenemeVor', 'DenemeName', NULL, 'Deneme', 13, NULL, NULL, 333331, 'Deneme', 'Dn', NULL, NULL, NULL, 2, NULL, NULL, '2019-07-01 12:43:04', '2019-07-01 12:43:04'),
(13, 177, '2', 'Çelik', 'Demir', NULL, 'MAden', 2, NULL, NULL, 22, 'MAden C', 'Bakır', NULL, NULL, NULL, 2, NULL, NULL, '2019-07-01 13:16:14', '2019-07-01 13:16:14'),
(14, 177, '2', 'Çelik', 'Demir', NULL, 'MAden', 2, NULL, NULL, 22, 'MAden C', 'Bakır', NULL, NULL, NULL, 2, NULL, NULL, '2019-07-01 13:16:14', '2019-07-01 13:16:14'),
(15, 101, '2', 'Deneme', 'Deneme', NULL, 'Try', 1, NULL, NULL, 1, 'Try', 'Deneme', NULL, NULL, NULL, 1, NULL, NULL, '2019-07-02 12:41:02', '2019-07-02 12:41:02'),
(16, 101, '2', 'Deneme', 'Deneme', NULL, 'Try', 1, NULL, NULL, 1, 'Try', 'Deneme', NULL, NULL, NULL, 2, NULL, NULL, '2019-07-02 12:41:02', '2019-07-02 12:41:02'),
(17, 180, '2', 'Deneme', 'Deneme', NULL, 'Deneme', 11, NULL, NULL, 111, 'Deneme', 'Deneme', NULL, NULL, NULL, 1, NULL, NULL, '2019-07-03 07:09:40', '2019-07-03 07:09:40'),
(18, 180, '2', 'Deneme', 'Deneme', NULL, 'Deneme', 11, NULL, NULL, 111, 'Deneme', 'Deneme', NULL, NULL, NULL, 2, NULL, NULL, '2019-07-03 07:09:40', '2019-07-03 07:09:40'),
(19, 29, '2', 'aaa', 'aaa', NULL, 'Deneme', 11, NULL, NULL, 123, 'Deneme', 'aaa', NULL, NULL, NULL, 1, NULL, NULL, '2019-07-03 07:21:55', '2019-07-03 07:21:55'),
(20, 29, '2', 'aaa', 'aaa', NULL, 'Deneme', 11, NULL, NULL, 123, 'Deneme', 'aaa', NULL, NULL, NULL, 2, NULL, NULL, '2019-07-03 07:21:55', '2019-07-03 07:21:55'),
(21, 101, '2', 'Deneme', 'Deneme', NULL, 'Try', 1, NULL, NULL, 1, 'Try', 'Deneme', NULL, NULL, NULL, 1, NULL, NULL, '2019-07-03 11:32:12', '2019-07-03 11:32:12'),
(22, 101, '2', 'Deneme', 'Deneme', NULL, 'Try', 1, NULL, NULL, 1, 'Try', 'Deneme', NULL, NULL, NULL, 2, NULL, NULL, '2019-07-03 11:32:12', '2019-07-03 11:32:12'),
(23, 206, '1', 'Kennwort', 'Kennwort', NULL, 'Kennwort', 2, NULL, NULL, 333, 'Kennwort', 'Kennwort', NULL, NULL, NULL, 1, NULL, NULL, '2019-10-07 13:32:47', '2019-10-07 13:32:47'),
(24, 206, '1', 'Kennwort', 'Kennwort', NULL, 'Kennwort', 2, NULL, NULL, 333, 'Kennwort', 'Kennwort', NULL, NULL, NULL, 1, NULL, NULL, '2019-10-07 13:34:06', '2019-10-07 13:34:06'),
(25, 209, '1', 'Kennwort', 'Kennwort', NULL, 'Kennwort', 3, NULL, NULL, 3, 'Kennwort', 'Kennwort', NULL, NULL, NULL, 1, NULL, NULL, '2019-10-07 14:12:58', '2019-10-07 14:12:58'),
(26, 209, '1', 'Kennwort', 'Kennwort', NULL, 'Kennwort', 3, NULL, NULL, 3, 'Kennwort', 'Kennwort', NULL, NULL, NULL, 2, NULL, NULL, '2019-10-07 14:12:58', '2019-10-07 14:12:58'),
(27, 209, '1', 'Kennwort', 'Kennwort', NULL, 'Kennwort', 3, NULL, NULL, 3, 'Kennwort', 'Kennwort', NULL, NULL, NULL, 1, NULL, NULL, '2019-10-07 14:34:55', '2019-10-07 14:34:55'),
(28, 209, '1', 'Kennwort', 'Kennwort', NULL, 'Kennwort', 3, NULL, NULL, 3, 'Kennwort', 'Kennwort', NULL, NULL, NULL, 2, NULL, NULL, '2019-10-07 14:34:55', '2019-10-07 14:34:55'),
(29, 209, '1', 'Kennwort', 'Kennwort', NULL, 'Kennwort', 3, NULL, NULL, 3, 'Kennwort', 'Kennwort', NULL, NULL, NULL, 1, NULL, NULL, '2019-10-07 14:37:11', '2019-10-07 14:37:11'),
(30, 209, '1', 'Kennwort', 'Kennwort', NULL, 'Kennwort', 3, NULL, NULL, 3, 'Kennwort', 'Kennwort', NULL, NULL, NULL, 2, NULL, NULL, '2019-10-07 14:37:11', '2019-10-07 14:37:11'),
(31, 209, '1', 'Kennwort', 'Kennwort', NULL, 'Kennwort', 3, NULL, NULL, 3, 'Kennwort', 'Kennwort', NULL, NULL, NULL, 1, NULL, NULL, '2019-10-07 14:39:07', '2019-10-07 14:39:07'),
(32, 209, '1', 'Kennwort', 'Kennwort', NULL, 'Kennwort', 3, NULL, NULL, 3, 'Kennwort', 'Kennwort', NULL, NULL, NULL, 2, NULL, NULL, '2019-10-07 14:39:07', '2019-10-07 14:39:07'),
(33, 218, '1', 'Name', 'Name', NULL, 'Name', 2, NULL, NULL, 2, 'Name', 'Name', NULL, NULL, NULL, 1, NULL, NULL, '2019-10-08 07:02:18', '2019-10-08 07:02:18'),
(34, 218, '1', 'Name', 'Name', NULL, 'Name', 2, NULL, NULL, 2, 'Name', 'Name', NULL, NULL, NULL, 1, NULL, NULL, '2019-10-08 07:06:05', '2019-10-08 07:06:05'),
(35, 222, '2', 'Kennwort', 'Kennwort', NULL, 'Kennwort', 2, NULL, NULL, 2, 'Kennwort', 'Kennwort', NULL, NULL, NULL, 1, NULL, NULL, '2019-10-08 07:13:02', '2019-10-08 07:13:02'),
(36, 101, '2', 'Deneme', 'Deneme', NULL, 'Try', 1, NULL, NULL, 1, 'Try', 'Deneme', NULL, NULL, NULL, 1, NULL, NULL, '2019-10-09 07:08:23', '2019-10-09 07:08:23'),
(37, 101, '2', 'Deneme', 'Deneme', NULL, 'Try', 1, NULL, NULL, 1, 'Try', 'Deneme', NULL, NULL, NULL, 2, NULL, NULL, '2019-10-09 07:08:23', '2019-10-09 07:08:23'),
(38, 101, '2', 'Deneme', 'Deneme', NULL, 'Try', 1, NULL, NULL, 1, 'Try', 'Deneme', NULL, NULL, NULL, 1, NULL, NULL, '2019-10-09 07:13:08', '2019-10-09 07:13:08'),
(39, 101, '2', 'Deneme', 'Deneme', NULL, 'Try', 1, NULL, NULL, 1, 'Try', 'Deneme', NULL, NULL, NULL, 2, NULL, NULL, '2019-10-09 07:13:08', '2019-10-09 07:13:08'),
(40, 101, '2', 'Deneme', 'Deneme', NULL, 'Try', 1, NULL, NULL, 1, 'Try', 'Deneme', NULL, NULL, NULL, 1, NULL, NULL, '2019-10-09 07:21:55', '2019-10-09 07:21:55'),
(41, 101, '2', 'Deneme', 'Deneme', NULL, 'Try', 1, NULL, NULL, 1, 'Try', 'Deneme', NULL, NULL, NULL, 2, NULL, NULL, '2019-10-09 07:21:55', '2019-10-09 07:21:55'),
(42, 101, '2', 'Deneme', 'Deneme', NULL, 'Try', 1, NULL, NULL, 1, 'Try', 'Deneme', NULL, NULL, NULL, 1, NULL, NULL, '2019-10-09 07:27:35', '2019-10-09 07:27:35'),
(43, 101, '2', 'Deneme', 'Deneme', NULL, 'Try', 1, NULL, NULL, 1, 'Try', 'Deneme', NULL, NULL, NULL, 2, NULL, NULL, '2019-10-09 07:27:35', '2019-10-09 07:27:35'),
(44, 101, '2', 'Deneme', 'Deneme', NULL, 'Try', 1, NULL, NULL, 1, 'Try', 'Deneme', NULL, NULL, NULL, 1, NULL, NULL, '2019-10-09 07:34:54', '2019-10-09 07:34:54'),
(45, 101, '2', 'Deneme', 'Deneme', NULL, 'Try', 1, NULL, NULL, 1, 'Try', 'Deneme', NULL, NULL, NULL, 2, NULL, NULL, '2019-10-09 07:34:54', '2019-10-09 07:34:54'),
(46, 127, '2', 'Dene', 'Dene', NULL, 'Lorem', 1, NULL, NULL, 1, 'Lorem', 'Dene', NULL, NULL, NULL, 1, NULL, NULL, '2019-10-09 07:38:45', '2019-10-09 07:38:45'),
(47, 127, '2', 'Dene', 'Dene', NULL, 'Lorem', 1, NULL, NULL, 1, 'Lorem', 'Dene', NULL, NULL, NULL, 2, NULL, NULL, '2019-10-09 07:38:45', '2019-10-09 07:38:45'),
(48, 231, '2', 'Kennwort', 'Kennwort', NULL, 'Kennwort', 11, NULL, NULL, 1, 'Kennwort', 'Kennwort', NULL, NULL, NULL, 1, NULL, NULL, '2019-10-09 07:41:24', '2019-10-09 07:41:24'),
(49, 232, '1', 'Kennwort', 'Kennwort', NULL, 'Kennwort', 33, NULL, NULL, 3, 'Kennwort', 'Kennwort', NULL, NULL, NULL, 1, NULL, NULL, '2019-10-09 07:48:22', '2019-10-09 07:48:22'),
(50, 234, '1', 'Kennwort@g.com', 'Kennwort@g.com', NULL, 'Kennwort@g.com', 33, NULL, NULL, 33, 'Kennwort@g.com', 'Kennwort@g.com', NULL, NULL, NULL, 1, NULL, NULL, '2019-10-09 07:50:11', '2019-10-09 07:50:11'),
(51, 231, '2', 'Kennwort', 'Kennwort', NULL, 'Kennwort', 11, NULL, NULL, 1, 'Kennwort', 'Kennwort', NULL, NULL, NULL, 1, NULL, NULL, '2019-10-09 08:10:06', '2019-10-09 08:10:06'),
(52, 231, '2', 'Kennwort', 'Kennwort', NULL, 'Kennwort', 11, NULL, NULL, 1, 'Kennwort', 'Kennwort', NULL, NULL, NULL, 2, NULL, NULL, '2019-10-09 08:10:06', '2019-10-09 08:10:06'),
(53, 231, '2', 'Kennwort', 'Kennwort', NULL, 'Kennwort', 11, NULL, NULL, 1, 'Kennwort', 'Kennwort', NULL, NULL, NULL, 1, NULL, NULL, '2019-10-16 08:09:09', '2019-10-16 08:09:09'),
(54, 231, '2', 'Kennwort', 'Kennwort', NULL, 'Kennwort', 11, NULL, NULL, 1, 'Kennwort', 'Kennwort', NULL, NULL, NULL, 1, NULL, NULL, '2019-10-17 06:18:38', '2019-10-17 06:18:38'),
(55, 231, '2', 'Kennwort', 'Kennwort', NULL, 'Kennwort', 11, NULL, NULL, 1, 'Kennwort', 'Kennwort', NULL, NULL, NULL, 1, NULL, NULL, '2019-10-17 17:30:44', '2019-10-17 17:30:44'),
(56, 234, '1', 'Kennwort@g.com', 'Kennwort@g.com', NULL, 'Kennwort@g.com', 33, NULL, NULL, 33, 'Kennwort@g.com', 'Kennwort@g.com', NULL, NULL, NULL, 1, NULL, NULL, '2019-10-17 17:35:39', '2019-10-17 17:35:39');

-- --------------------------------------------------------

--
-- Table structure for table `customer_payment_tools`
--

CREATE TABLE `customer_payment_tools` (
  `id` int(10) UNSIGNED NOT NULL,
  `customer_id` int(11) NOT NULL,
  `card_number` varchar(191) COLLATE utf8mb4_unicode_ci NOT NULL,
  `valid_to_month` smallint(6) NOT NULL,
  `valid_to_year` smallint(6) NOT NULL,
  `card_credit_institution` varchar(191) COLLATE utf8mb4_unicode_ci NOT NULL,
  `different_account_owner` tinyint(1) NOT NULL,
  `account_owner` varchar(191) COLLATE utf8mb4_unicode_ci NOT NULL,
  `IBAN` varchar(191) COLLATE utf8mb4_unicode_ci NOT NULL,
  `BIC` varchar(191) COLLATE utf8mb4_unicode_ci NOT NULL,
  `different_account_owner_address` tinyint(1) DEFAULT NULL,
  `created_at` timestamp NULL DEFAULT NULL,
  `updated_at` timestamp NULL DEFAULT NULL
) ENGINE=InnoDB DEFAULT CHARSET=utf8mb4 COLLATE=utf8mb4_unicode_ci;

--
-- Dumping data for table `customer_payment_tools`
--

INSERT INTO `customer_payment_tools` (`id`, `customer_id`, `card_number`, `valid_to_month`, `valid_to_year`, `card_credit_institution`, `different_account_owner`, `account_owner`, `IBAN`, `BIC`, `different_account_owner_address`, `created_at`, `updated_at`) VALUES
(1, 123, '232323', 12, 19, '', 1, 'aaa bbb', 'DE12333', '23232323', NULL, '2019-05-06 11:32:55', '2019-05-06 11:32:55'),
(2, 123, '222', 2, 2019, 'dgh', 0, 'wret wert', '222', '222', NULL, '2019-05-10 15:33:50', '2019-05-10 15:33:50'),
(3, 12, '1', 1, 21, 'Deneme', 0, 'Deneme Deneme', 'Deneme', 'Deneme', NULL, '2019-05-13 07:14:54', '2019-05-13 07:14:54'),
(4, 12, '1', 1, 21, 'Deneme', 0, 'Deneme Deneme', 'Deneme', 'Deneme', NULL, '2019-05-13 07:16:16', '2019-05-13 07:16:16'),
(5, 12, '1', 1, 21, 'Deneme', 0, 'Deneme Deneme', 'Deneme', 'Deneme', NULL, '2019-05-13 07:22:19', '2019-05-13 07:22:19'),
(6, 12, '1', 1, 21, 'Deneme', 0, 'Deneme Deneme', 'Deneme', 'Deneme', NULL, '2019-05-13 07:25:01', '2019-05-13 07:25:01'),
(7, 12, '1', 1, 21, 'Deneme', 0, 'Deneme Deneme', 'Deneme', 'Deneme', NULL, '2019-05-13 07:31:29', '2019-05-13 07:31:29'),
(8, 12, '1', 1, 21, 'Deneme', 0, 'Deneme Deneme', 'Deneme', 'Deneme', NULL, '2019-05-13 07:40:28', '2019-05-13 07:40:28'),
(9, 12, '1', 1, 21, 'Deneme', 0, 'Deneme Deneme', 'Deneme', 'Deneme', NULL, '2019-05-13 07:41:42', '2019-05-13 07:41:42'),
(10, 12, '1', 1, 21, 'Deneme', 0, 'Deneme Deneme', 'Deneme', 'Deneme', NULL, '2019-05-13 07:45:40', '2019-05-13 07:45:40'),
(11, 12, '1', 1, 21, 'Deneme', 0, 'Deneme Deneme', 'Deneme', 'Deneme', NULL, '2019-05-13 07:48:04', '2019-05-13 07:48:04'),
(12, 12, '1', 1, 21, 'Deneme', 0, 'Deneme Deneme', 'Deneme', 'Deneme', NULL, '2019-05-13 07:50:48', '2019-05-13 07:50:48'),
(13, 12, '1', 1, 21, 'Deneme', 0, 'Deneme Deneme', 'Deneme', 'Deneme', NULL, '2019-05-13 07:54:26', '2019-05-13 07:54:26'),
(14, 12, '1', 1, 21, 'Deneme', 0, 'Deneme Deneme', 'Deneme', 'Deneme', NULL, '2019-05-13 08:00:27', '2019-05-13 08:00:27'),
(15, 12, '1', 1, 21, 'Deneme', 0, 'Deneme Deneme', 'Deneme', 'Deneme', NULL, '2019-05-13 08:01:33', '2019-05-13 08:01:33'),
(16, 12, '1', 1, 21, 'Deneme', 0, 'Deneme Deneme', 'Deneme', 'Deneme', NULL, '2019-05-13 08:02:07', '2019-05-13 08:02:07'),
(17, 12, '1', 1, 21, 'Deneme', 0, 'Deneme Deneme', 'Deneme', 'Deneme', NULL, '2019-05-13 08:03:22', '2019-05-13 08:03:22'),
(18, 12, '1', 1, 21, 'Deneme', 0, 'Deneme Deneme', 'Deneme', 'Deneme', NULL, '2019-05-13 08:06:01', '2019-05-13 08:06:01'),
(19, 12, '1', 1, 21, 'Deneme', 0, 'Deneme Deneme', 'Deneme', 'Deneme', NULL, '2019-05-13 08:06:34', '2019-05-13 08:06:34'),
(20, 12, '1', 1, 21, 'Deneme', 0, 'Deneme Deneme', 'Deneme', 'Deneme', NULL, '2019-05-13 08:07:18', '2019-05-13 08:07:18'),
(21, 12, '1', 1, 21, 'Deneme', 0, 'Deneme Deneme', 'Deneme', 'Deneme', NULL, '2019-05-13 08:11:04', '2019-05-13 08:11:04'),
(22, 12, '1', 1, 21, 'Deneme', 0, 'Deneme Deneme', 'Deneme', 'Deneme', NULL, '2019-05-13 08:13:02', '2019-05-13 08:13:02'),
(23, 12, '1', 1, 21, 'Deneme', 0, 'Deneme Deneme', 'Deneme', 'Deneme', NULL, '2019-05-13 08:14:21', '2019-05-13 08:14:21'),
(24, 12, '1', 1, 21, 'Deneme', 0, 'Deneme Deneme', 'Deneme', 'Deneme', NULL, '2019-05-13 08:41:46', '2019-05-13 08:41:46'),
(25, 12, '1', 1, 21, 'Deneme', 0, 'Deneme Deneme', 'Deneme', 'Deneme', NULL, '2019-05-13 08:45:04', '2019-05-13 08:45:04'),
(26, 12, '1', 1, 21, 'Deneme', 0, 'Deneme Deneme', 'Deneme', 'Deneme', NULL, '2019-05-13 08:51:25', '2019-05-13 08:51:25'),
(27, 12, '1', 1, 21, 'Deneme', 0, 'Deneme Deneme', 'Deneme', 'Deneme', NULL, '2019-05-13 08:59:22', '2019-05-13 08:59:22'),
(28, 12, '1', 1, 21, 'Deneme', 0, 'Deneme Deneme', 'Deneme', 'Deneme', NULL, '2019-05-13 09:02:54', '2019-05-13 09:02:54'),
(29, 12, '1', 1, 21, 'Deneme', 0, 'Deneme Deneme', 'Deneme', 'Deneme', NULL, '2019-05-13 09:11:18', '2019-05-13 09:11:18'),
(30, 12, '1', 1, 21, 'Deneme', 0, 'Deneme Deneme', 'Deneme', 'Deneme', NULL, '2019-05-13 09:20:45', '2019-05-13 09:20:45'),
(31, 12, '1', 1, 21, 'Deneme', 0, 'Deneme Deneme', 'Deneme', 'Deneme', NULL, '2019-05-13 09:21:58', '2019-05-13 09:21:58'),
(32, 12, '1', 1, 21, 'Deneme', 0, 'Deneme Deneme', 'Deneme', 'Deneme', NULL, '2019-05-13 09:23:28', '2019-05-13 09:23:28'),
(33, 12, '1', 1, 21, 'Deneme', 0, 'Deneme Deneme', 'Deneme', 'Deneme', NULL, '2019-05-13 09:25:34', '2019-05-13 09:25:34'),
(34, 12, '1', 1, 21, 'Deneme', 0, 'Deneme Deneme', 'Deneme', 'Deneme', NULL, '2019-05-13 09:27:08', '2019-05-13 09:27:08'),
(35, 12, '1', 1, 21, 'Deneme', 0, 'Deneme Deneme', 'Deneme', 'Deneme', NULL, '2019-05-13 09:30:04', '2019-05-13 09:30:04'),
(36, 12, '1', 1, 21, 'Deneme', 0, 'Deneme Deneme', 'Deneme', 'Deneme', NULL, '2019-05-13 09:33:30', '2019-05-13 09:33:30'),
(37, 12, '1', 1, 21, 'Deneme', 0, 'Deneme Deneme', 'Deneme', 'Deneme', NULL, '2019-05-13 10:14:39', '2019-05-13 10:14:39'),
(38, 12, '1', 1, 21, 'Deneme', 0, 'Deneme Deneme', 'Deneme', 'Deneme', NULL, '2019-05-13 10:17:31', '2019-05-13 10:17:31'),
(39, 12, '1', 1, 21, 'Deneme', 0, 'Deneme Deneme', 'Deneme', 'Deneme', NULL, '2019-05-13 10:18:47', '2019-05-13 10:18:47'),
(40, 12, '1', 1, 21, 'Deneme', 0, 'Deneme Deneme', 'Deneme', 'Deneme', NULL, '2019-05-13 10:21:16', '2019-05-13 10:21:16'),
(41, 12, '1', 1, 21, 'Deneme', 0, 'Deneme Deneme', 'Deneme', 'Deneme', NULL, '2019-05-13 10:22:37', '2019-05-13 10:22:37'),
(42, 12, '1', 1, 21, 'Deneme', 0, 'Deneme Deneme', 'Deneme', 'Deneme', NULL, '2019-05-13 10:23:32', '2019-05-13 10:23:32'),
(43, 12, '1', 1, 21, 'Deneme', 0, 'Deneme Deneme', 'Deneme', 'Deneme', NULL, '2019-05-13 10:24:41', '2019-05-13 10:24:41'),
(44, 12, '1', 1, 21, 'Deneme', 0, 'Deneme Deneme', 'Deneme', 'Deneme', NULL, '2019-05-13 10:25:08', '2019-05-13 10:25:08'),
(45, 12, '1', 1, 21, 'Deneme', 0, 'Deneme Deneme', 'Deneme', 'Deneme', NULL, '2019-05-13 10:25:59', '2019-05-13 10:25:59'),
(46, 12, '1', 1, 21, 'Deneme', 0, 'Deneme Deneme', 'Deneme', 'Deneme', NULL, '2019-05-13 10:26:30', '2019-05-13 10:26:30'),
(47, 12, '1', 1, 21, 'Deneme', 0, 'Deneme Deneme', 'Deneme', 'Deneme', NULL, '2019-05-13 10:26:44', '2019-05-13 10:26:44'),
(48, 12, '1', 1, 21, 'Deneme', 0, 'Deneme Deneme', 'Deneme', 'Deneme', NULL, '2019-05-13 10:27:06', '2019-05-13 10:27:06'),
(49, 12, '1', 1, 21, 'Deneme', 0, 'Deneme Deneme', 'Deneme', 'Deneme', NULL, '2019-05-13 10:28:34', '2019-05-13 10:28:34'),
(50, 12, '1', 1, 21, 'Deneme', 0, 'Deneme Deneme', 'Deneme', 'Deneme', NULL, '2019-05-13 10:29:42', '2019-05-13 10:29:42'),
(51, 12, '1', 1, 21, 'Deneme', 0, 'Deneme Deneme', 'Deneme', 'Deneme', NULL, '2019-05-13 10:31:17', '2019-05-13 10:31:17'),
(52, 12, '1', 1, 21, 'Deneme', 0, 'Deneme Deneme', 'Deneme', 'Deneme', NULL, '2019-05-13 10:34:29', '2019-05-13 10:34:29'),
(53, 444, '444', 9, 19, 'Deneme', 0, 'Deneme Deneme', 'Deneme', 'Deneme', NULL, '2019-05-13 11:08:46', '2019-05-13 11:08:46'),
(54, 444, '444', 9, 19, 'Deneme', 0, 'Deneme Deneme', 'Deneme', 'Deneme', NULL, '2019-05-13 11:12:11', '2019-05-13 11:12:11'),
(55, 444, '444', 9, 19, 'Deneme', 0, 'Deneme Deneme', 'Deneme', 'Deneme', NULL, '2019-05-13 11:14:40', '2019-05-13 11:14:40'),
(56, 444, '444', 9, 19, 'Deneme', 0, 'Deneme Deneme', 'Deneme', 'Deneme', NULL, '2019-05-13 11:19:02', '2019-05-13 11:19:02'),
(57, 444, '444', 9, 19, 'Deneme', 0, 'Deneme Deneme', 'Deneme', 'Deneme', NULL, '2019-05-13 11:20:27', '2019-05-13 11:20:27'),
(58, 444, '444', 9, 19, 'Deneme', 0, 'Deneme Deneme', 'Deneme', 'Deneme', NULL, '2019-05-13 11:22:48', '2019-05-13 11:22:48'),
(59, 444, '444', 9, 19, 'Deneme', 0, 'Deneme Deneme', 'Deneme', 'Deneme', NULL, '2019-05-13 11:23:52', '2019-05-13 11:23:52'),
(60, 444, '444', 9, 19, 'Deneme', 0, 'Deneme Deneme', 'Deneme', 'Deneme', NULL, '2019-05-13 11:25:16', '2019-05-13 11:25:16'),
(61, 444, '444', 9, 19, 'Deneme', 0, 'Deneme Deneme', 'Deneme', 'Deneme', NULL, '2019-05-13 11:26:06', '2019-05-13 11:26:06'),
(62, 444, '444', 9, 19, 'Deneme', 0, 'Deneme Deneme', 'Deneme', 'Deneme', NULL, '2019-05-13 11:38:47', '2019-05-13 11:38:47'),
(63, 6666, '666', 8, 21, 'Deneme', 0, 'Deneme Deneme', 'Deneme', 'Deneme', NULL, '2019-05-13 12:23:25', '2019-05-13 12:23:25'),
(64, 6666, '666', 8, 21, 'Deneme', 0, 'Deneme Deneme', 'Deneme', 'Deneme', NULL, '2019-05-13 12:25:42', '2019-05-13 12:25:42'),
(65, 6666, '666', 8, 21, 'Deneme', 0, 'Deneme Deneme', 'Deneme', 'Deneme', NULL, '2019-05-13 12:28:11', '2019-05-13 12:28:11'),
(66, 6666, '666', 8, 21, 'Deneme', 0, 'Deneme Deneme', 'Deneme', 'Deneme', NULL, '2019-05-13 12:30:17', '2019-05-13 12:30:17'),
(67, 6666, '666', 8, 21, 'Deneme', 0, 'Deneme Deneme', 'Deneme', 'Deneme', NULL, '2019-05-13 12:31:46', '2019-05-13 12:31:46'),
(68, 6666, '666', 8, 21, 'Deneme', 0, 'Deneme Deneme', 'Deneme', 'Deneme', NULL, '2019-05-13 13:11:35', '2019-05-13 13:11:35'),
(69, 6666, '666', 8, 21, 'Deneme', 0, 'Deneme Deneme', 'Deneme', 'Deneme', NULL, '2019-05-13 13:26:16', '2019-05-13 13:26:16'),
(70, 6666, '666', 8, 21, 'Deneme', 0, 'Deneme Deneme', 'Deneme', 'Deneme', NULL, '2019-05-13 13:27:28', '2019-05-13 13:27:28'),
(71, 6666, '666', 8, 21, 'Deneme', 0, 'Deneme Deneme', 'Deneme', 'Deneme', NULL, '2019-05-13 13:29:37', '2019-05-13 13:29:37'),
(72, 6666, '666', 8, 21, 'Deneme', 0, 'Deneme Deneme', 'Deneme', 'Deneme', NULL, '2019-05-13 13:31:37', '2019-05-13 13:31:37'),
(73, 111, '666', 1, 13, 'Deneme', 0, 'Deneme Deneme', 'Deneme', 'Deneme', NULL, '2019-05-15 09:26:19', '2019-05-15 09:26:19'),
(74, 111, '666', 1, 13, 'Deneme', 0, 'Deneme Deneme', 'Deneme', 'Deneme', NULL, '2019-05-15 11:22:53', '2019-05-15 11:22:53'),
(75, 111, '666', 1, 13, 'Deneme', 0, 'Deneme Deneme', 'Deneme', 'Deneme', NULL, '2019-05-15 11:27:48', '2019-05-15 11:27:48'),
(76, 111, '666', 1, 13, 'Deneme', 0, 'Deneme Deneme', 'Deneme', 'Deneme', NULL, '2019-05-15 11:42:33', '2019-05-15 11:42:33'),
(77, 111, '666', 1, 13, 'Deneme', 0, 'Deneme Deneme', 'Deneme', 'Deneme', NULL, '2019-05-15 12:20:46', '2019-05-15 12:20:46'),
(78, 111, '666', 1, 13, 'Deneme', 0, 'Deneme Deneme', 'Deneme', 'Deneme', NULL, '2019-05-15 12:35:14', '2019-05-15 12:35:14'),
(79, 111, '666', 1, 13, 'Deneme', 0, 'Deneme Deneme', 'Deneme', 'Deneme', NULL, '2019-05-15 12:37:53', '2019-05-15 12:37:53'),
(80, 111, '666', 1, 13, 'Deneme', 0, 'Deneme Deneme', 'Deneme', 'Deneme', NULL, '2019-05-15 12:39:55', '2019-05-15 12:39:55'),
(81, 111, '666', 1, 13, 'Deneme', 0, 'Deneme Deneme', 'Deneme', 'Deneme', NULL, '2019-05-15 12:49:31', '2019-05-15 12:49:31'),
(82, 111, '666', 1, 13, 'Deneme', 0, 'Deneme Deneme', 'Deneme', 'Deneme', NULL, '2019-05-15 12:51:25', '2019-05-15 12:51:25'),
(83, 111, '666', 1, 13, 'Deneme', 0, 'Deneme Deneme', 'Deneme', 'Deneme', NULL, '2019-05-15 12:51:52', '2019-05-15 12:51:52'),
(84, 111, '666', 1, 13, 'Deneme', 0, 'Deneme Deneme', 'Deneme', 'Deneme', NULL, '2019-05-15 12:55:26', '2019-05-15 12:55:26'),
(85, 111, '666', 1, 13, 'Deneme', 0, 'Deneme Deneme', 'Deneme', 'Deneme', NULL, '2019-05-15 13:00:12', '2019-05-15 13:00:12'),
(86, 111, '666', 1, 13, 'Deneme', 0, 'Deneme Deneme', 'Deneme', 'Deneme', NULL, '2019-05-15 13:01:05', '2019-05-15 13:01:05'),
(87, 111, '666', 1, 13, 'Deneme', 0, 'Deneme Deneme', 'Deneme', 'Deneme', NULL, '2019-05-15 14:16:47', '2019-05-15 14:16:47'),
(88, 111, '666', 1, 13, 'Deneme', 0, 'Deneme Deneme', 'Deneme', 'Deneme', NULL, '2019-05-15 14:17:12', '2019-05-15 14:17:12'),
(89, 111, '666', 1, 13, 'Deneme', 0, 'Deneme Deneme', 'Deneme', 'Deneme', NULL, '2019-05-15 14:27:03', '2019-05-15 14:27:03'),
(90, 111, '666', 1, 13, 'Deneme', 0, 'Deneme Deneme', 'Deneme', 'Deneme', NULL, '2019-05-15 14:31:11', '2019-05-15 14:31:11'),
(91, 2, '2', 2, 22, 'Deneme', 0, 'Deneme Deneme', 'Deneme', 'Deneme', NULL, '2019-05-15 14:50:19', '2019-05-15 14:50:19'),
(92, 2, '2', 2, 22, 'Deneme', 0, 'Deneme Deneme', 'Deneme', 'Deneme', NULL, '2019-05-15 14:51:28', '2019-05-15 14:51:28'),
(93, 1, '2', 2, 22, 'dene', 0, 'dene dene', 'dene', 'dene', NULL, '2019-05-15 14:52:45', '2019-05-15 14:52:45'),
(94, 1, '2', 2, 22, 'dene', 0, 'dene dene', 'dene', 'dene', NULL, '2019-05-15 14:53:03', '2019-05-15 14:53:03'),
(95, 1, '2', 2, 22, 'dene', 0, 'dene dene', 'dene', 'dene', NULL, '2019-05-15 14:53:23', '2019-05-15 14:53:23'),
(96, 1, '2', 2, 22, 'dene', 0, 'dene dene', 'dene', 'dene', NULL, '2019-05-15 14:53:43', '2019-05-15 14:53:43'),
(97, 1, '2', 2, 22, 'dene', 0, 'dene dene', 'dene', 'dene', NULL, '2019-05-15 14:54:33', '2019-05-15 14:54:33'),
(98, 1, '2', 2, 22, 'dene', 0, 'dene dene', 'dene', 'dene', NULL, '2019-05-15 14:54:54', '2019-05-15 14:54:54'),
(99, 33, '2', 2, 19, 'Dene', 0, 'Dene Dene', 'Dene', 'Dene', NULL, '2019-05-15 14:58:21', '2019-05-15 14:58:21'),
(100, 33, '2', 2, 19, 'Dene', 0, 'Dene Dene', 'Dene', 'Dene', NULL, '2019-05-15 14:59:35', '2019-05-15 14:59:35'),
(101, 33, '2', 2, 19, 'Dene', 0, 'Dene Dene', 'Dene', 'Dene', NULL, '2019-05-15 15:00:49', '2019-05-15 15:00:49'),
(102, 33, '2', 2, 19, 'Dene', 0, 'Dene Dene', 'Dene', 'Dene', NULL, '2019-05-15 15:01:13', '2019-05-15 15:01:13'),
(103, 33, '2', 2, 19, 'Dene', 0, 'Dene Dene', 'Dene', 'Dene', NULL, '2019-05-15 15:03:18', '2019-05-15 15:03:18'),
(104, 33, '2', 2, 19, 'Dene', 0, 'Dene Dene', 'Dene', 'Dene', NULL, '2019-05-15 15:06:49', '2019-05-15 15:06:49'),
(105, 33, '2', 2, 19, 'Dene', 0, 'Dene Dene', 'Dene', 'Dene', NULL, '2019-05-15 15:08:23', '2019-05-15 15:08:23'),
(106, 111, '111', 1, 19, 'Dene', 0, 'Dene Dene', 'Dene', 'Dene', NULL, '2019-05-15 15:10:44', '2019-05-15 15:10:44'),
(107, 111, '111', 1, 19, 'Dene', 0, 'Dene Dene', 'Dene', 'Dene', NULL, '2019-05-15 15:12:33', '2019-05-15 15:12:33'),
(108, 111, '111', 1, 19, 'Dene', 0, 'Dene Dene', 'Dene', 'Dene', NULL, '2019-05-15 15:14:12', '2019-05-15 15:14:12'),
(109, 111, '111', 1, 19, 'Dene', 0, 'Dene Dene', 'Dene', 'Dene', NULL, '2019-05-15 15:15:48', '2019-05-15 15:15:48'),
(110, 111, '111', 1, 19, 'Dene', 0, 'Dene Dene', 'Dene', 'Dene', NULL, '2019-05-15 15:21:14', '2019-05-15 15:21:14'),
(111, 111, '111', 1, 19, 'Dene', 0, 'Dene Dene', 'Dene', 'Dene', NULL, '2019-05-15 15:21:54', '2019-05-15 15:21:54'),
(112, 111, '111', 1, 19, 'Dene', 0, 'Dene Dene', 'Dene', 'Dene', NULL, '2019-05-15 15:22:13', '2019-05-15 15:22:13'),
(113, 111, '111', 1, 19, 'Dene', 0, 'Dene Dene', 'Dene', 'Dene', NULL, '2019-05-15 15:23:21', '2019-05-15 15:23:21'),
(114, 111, '111', 1, 19, 'Dene', 0, 'Dene Dene', 'Dene', 'Dene', NULL, '2019-05-15 15:25:25', '2019-05-15 15:25:25'),
(115, 111, '111', 1, 19, 'Dene', 0, 'Dene Dene', 'Dene', 'Dene', NULL, '2019-05-15 15:26:19', '2019-05-15 15:26:19'),
(116, 1, '1', 1, 19, 'Deneme', 0, 'Deneme Deneme', 'Deneme', 'Deneme', NULL, '2019-05-16 09:15:48', '2019-05-16 09:15:48'),
(117, 1, '1', 1, 19, 'Deneme', 0, 'Deneme Deneme', 'Deneme', 'Deneme', NULL, '2019-05-16 09:17:31', '2019-05-16 09:17:31'),
(118, 1, '1', 1, 19, 'Deneme', 0, 'Deneme Deneme', 'Deneme', 'Deneme', NULL, '2019-05-16 09:20:12', '2019-05-16 09:20:12'),
(119, 1, '1', 1, 19, 'Deneme', 0, 'Deneme Deneme', 'Deneme', 'Deneme', NULL, '2019-05-16 09:23:43', '2019-05-16 09:23:43'),
(120, 1, '1', 1, 19, 'Deneme', 0, 'Deneme Deneme', 'Deneme', 'Deneme', NULL, '2019-05-16 09:31:07', '2019-05-16 09:31:07'),
(121, 345, '456', 5, 5, 'Deneme', 0, 'Deneme Deneme', 'Deneme', 'Deneme', NULL, '2019-05-22 13:27:32', '2019-05-22 13:27:32'),
(122, 149, '456', 5, 5, 'Deneme', 0, 'Deneme Deneme', 'Deneme', 'Deneme', NULL, '2019-05-22 13:35:26', '2019-05-22 13:35:26'),
(123, 151, '456', 5, 5, 'Deneme', 0, 'Deneme Deneme', 'Deneme', 'Deneme', NULL, '2019-05-22 13:38:27', '2019-05-22 13:38:27'),
(124, 151, '456', 5, 5, 'Deneme', 0, 'Deneme Deneme', 'Deneme', 'Deneme', NULL, '2019-05-22 13:42:03', '2019-05-22 13:42:03'),
(125, 149, '45', 3, 3, 'Deneme', 0, 'Deneme Deneme', 'Deneme', 'Deneme', NULL, '2019-05-22 14:03:33', '2019-05-22 14:03:33'),
(126, 149, '45', 3, 3, 'Deneme', 0, 'Deneme Deneme', 'Deneme', 'Deneme', NULL, '2019-05-22 14:05:49', '2019-05-22 14:05:49'),
(127, 155, '34534', 4, 4, 'Deneme', 0, 'Deneme Deneme', 'Deneme', 'Deneme', NULL, '2019-05-23 07:15:07', '2019-05-23 07:15:07'),
(128, 155, '34534', 4, 4, 'Deneme', 0, 'Deneme Deneme', 'Deneme', 'Deneme', NULL, '2019-05-23 07:15:56', '2019-05-23 07:15:56'),
(129, 155, '34534', 4, 4, 'Deneme', 0, 'Deneme Deneme', 'Deneme', 'Deneme', NULL, '2019-05-23 07:29:36', '2019-05-23 07:29:36'),
(130, 155, '34534', 4, 4, 'Deneme', 0, 'Deneme Deneme', 'Deneme', 'Deneme', NULL, '2019-05-23 07:32:30', '2019-05-23 07:32:30'),
(131, 155, '34534', 4, 4, 'Deneme', 0, 'Deneme Deneme', 'Deneme', 'Deneme', NULL, '2019-05-23 07:33:39', '2019-05-23 07:33:39'),
(132, 155, '34534', 4, 4, 'Deneme', 0, 'Deneme Deneme', 'Deneme', 'Deneme', NULL, '2019-05-23 07:36:32', '2019-05-23 07:36:32'),
(133, 155, '34534', 4, 4, 'Deneme', 0, 'Deneme Deneme', 'Deneme', 'Deneme', NULL, '2019-05-23 07:40:30', '2019-05-23 07:40:30'),
(134, 155, '34534', 4, 4, 'Deneme', 0, 'Deneme Deneme', 'Deneme', 'Deneme', NULL, '2019-05-23 08:09:41', '2019-05-23 08:09:41'),
(135, 155, '34534', 4, 4, 'Deneme', 0, 'Deneme Deneme', 'Deneme', 'Deneme', NULL, '2019-05-23 08:14:28', '2019-05-23 08:14:28'),
(136, 155, '34534', 4, 4, 'Deneme', 0, 'Deneme Deneme', 'Deneme', 'Deneme', NULL, '2019-05-23 08:15:26', '2019-05-23 08:15:26'),
(137, 155, '34534', 4, 4, 'Deneme', 0, 'Deneme Deneme', 'Deneme', 'Deneme', NULL, '2019-05-23 08:16:19', '2019-05-23 08:16:19'),
(138, 155, '34534', 4, 4, 'Deneme', 0, 'Deneme Deneme', 'Deneme', 'Deneme', NULL, '2019-05-23 08:17:49', '2019-05-23 08:17:49'),
(139, 155, '34534', 4, 4, 'Deneme', 0, 'Deneme Deneme', 'Deneme', 'Deneme', NULL, '2019-05-23 08:18:54', '2019-05-23 08:18:54'),
(140, 121, 'wretwert', 4, 19, 'Deneme', 0, 'DenemeVor Deneme', 'DE23232', '23232', NULL, '2019-07-01 11:56:21', '2019-07-01 11:56:21'),
(141, 121, 'wretwert', 4, 19, 'Deneme', 0, 'DenemeVor Deneme', 'DE23232', '23232', NULL, '2019-07-01 12:04:08', '2019-07-01 12:04:08'),
(142, 121, 'wretwert', 4, 19, 'Deneme', 0, 'DenemeVor Deneme', 'DE23232', '23232', NULL, '2019-07-01 12:04:30', '2019-07-01 12:04:30'),
(143, 121, 'wretwert', 4, 19, 'Deneme', 0, 'DenemeVor Deneme', 'DE23232', '23232', NULL, '2019-07-01 12:05:44', '2019-07-01 12:05:44'),
(144, 121, 'wretwert', 4, 19, 'Deneme', 0, 'DenemeVor DenemeName', 'DE23232', '23232', NULL, '2019-07-01 12:21:30', '2019-07-01 12:21:30'),
(145, 176, 'wretwert', 4, 19, 'Deneme', 0, 'DenemeVor DenemeName', 'DE2323211', '23232', NULL, '2019-07-01 12:43:04', '2019-07-01 12:43:04'),
(146, 177, 'Kor', 4, 99, 'de', 0, 'Çelik Demir', 'DE12345', '6666666', NULL, '2019-07-01 13:16:14', '2019-07-01 13:16:14'),
(147, 101, '111', 1, 1, 'adsf', 0, 'Try Try', 'de', 'd11', NULL, '2019-07-02 12:41:02', '2019-07-02 12:41:02'),
(148, 180, '111', 1, 20, 'Deneme', 0, 'Deneme Deneme', 'DE11', '11', NULL, '2019-07-03 07:09:40', '2019-07-03 07:09:40'),
(149, 29, '234', 2, 20, 'Deneme', 0, 'Deneme Deneme', 'DE123', '2123', NULL, '2019-07-03 07:21:54', '2019-07-03 07:21:54'),
(150, 101, '222', 2, 22, 'Deneme', 0, 'Deneme Deneme', 'De111', '222', NULL, '2019-07-03 11:32:12', '2019-07-03 11:32:12'),
(151, 101, '43434', 34, 34, '33434', 0, 'Vorname Name', 'DE11 1111 1111 1111 1111 11', '2323', NULL, '2019-10-07 13:08:00', '2019-10-07 13:08:00'),
(152, 205, '222', 22, 2, '222', 0, 'Vorname Name', 'DE11 1111 1111 1111 1111 11', '111', NULL, '2019-10-07 13:27:23', '2019-10-07 13:27:23'),
(153, 206, '23323', 34, 34, '343434', 0, 'Kennwort Kennwort', 'DE22 2222 2222 2222 2222 22', '2222', NULL, '2019-10-07 13:32:47', '2019-10-07 13:32:47'),
(154, 206, '23323', 34, 34, '343434', 0, 'Kennwort Kennwort', 'DE22 2222 2222 2222 2222 22', '2222', NULL, '2019-10-07 13:34:06', '2019-10-07 13:34:06'),
(155, 209, '222', 2, 2, '222', 0, 'Kennwort Kennwort', 'DE22 2222 2222 2222 2222 22', '2222', NULL, '2019-10-07 14:12:58', '2019-10-07 14:12:58'),
(156, 209, '222', 2, 2, '222', 0, 'Kennwort Kennwort', 'DE22 2222 2222 2222 2222 22', '2222', NULL, '2019-10-07 14:34:04', '2019-10-07 14:34:04'),
(157, 209, '222', 2, 2, '222', 0, 'Kennwort Kennwort', 'DE22 2222 2222 2222 2222 22', '2222', NULL, '2019-10-07 14:34:27', '2019-10-07 14:34:27'),
(158, 209, '222', 2, 2, '222', 0, 'Kennwort Kennwort', 'DE22 2222 2222 2222 2222 22', '2222', NULL, '2019-10-07 14:34:55', '2019-10-07 14:34:55'),
(159, 209, '222', 2, 2, '222', 0, 'Kennwort Kennwort', 'DE22 2222 2222 2222 2222 22', '2222', NULL, '2019-10-07 14:35:33', '2019-10-07 14:35:33'),
(160, 209, '222', 2, 2, '222', 0, 'Kennwort Kennwort', 'DE22 2222 2222 2222 2222 22', '2222', NULL, '2019-10-07 14:35:53', '2019-10-07 14:35:53'),
(161, 209, '222', 2, 2, '222', 0, 'Kennwort Kennwort', 'DE22 2222 2222 2222 2222 22', '2222', NULL, '2019-10-07 14:37:11', '2019-10-07 14:37:11'),
(162, 209, '222', 2, 2, '222', 0, 'Kennwort Kennwort', 'DE22 2222 2222 2222 2222 22', '2222', NULL, '2019-10-07 14:37:22', '2019-10-07 14:37:22'),
(163, 209, '222', 2, 2, '222', 0, 'Kennwort Kennwort', 'DE22 2222 2222 2222 2222 22', '2222', NULL, '2019-10-07 14:39:07', '2019-10-07 14:39:07'),
(164, 218, '34', 4, 26, 'we', 0, 'Name Name', 'DE22 2222 2222 2222 2222 22', '222222', NULL, '2019-10-08 07:02:18', '2019-10-08 07:02:18'),
(165, 218, '34', 4, 26, 'we', 0, 'Name Name', 'DE22 2222 2222 2222 2222 22', '222222', NULL, '2019-10-08 07:06:05', '2019-10-08 07:06:05'),
(166, 218, '34', 4, 26, 'we', 0, 'Name Name', 'DE22 2222 2222 2222 2222 22', '222222', NULL, '2019-10-08 07:08:17', '2019-10-08 07:08:17'),
(167, 218, '34', 4, 26, 'we', 0, 'Name Name', 'DE22 2222 2222 2222 2222 22', '222222', NULL, '2019-10-08 07:08:42', '2019-10-08 07:08:42'),
(168, 222, '333333', 3, 33, '333', 0, 'Kennwort Kennwort', 'DE33 3333 3333 3333 3333 33', '333', NULL, '2019-10-08 07:12:49', '2019-10-08 07:12:49'),
(169, 222, '333333', 3, 33, '333', 0, 'Kennwort Kennwort', 'DE33 3333 3333 3333 3333 33', '333', NULL, '2019-10-08 07:13:02', '2019-10-08 07:13:02'),
(170, 101, '444', 4, 4, '444', 0, 'Lorem Lorem', 'DE44 4444 4444 4444 4444 44', '444', NULL, '2019-10-09 07:06:29', '2019-10-09 07:06:29'),
(171, 101, '444', 4, 4, '444', 0, 'Lorem Lorem', 'DE44 4444 4444 4444 4444 44', '444', NULL, '2019-10-09 07:08:23', '2019-10-09 07:08:23'),
(172, 101, '444', 4, 4, '444', 0, 'Lorem Lorem', 'DE44 4444 4444 4444 4444 44', '444', NULL, '2019-10-09 07:13:08', '2019-10-09 07:13:08'),
(173, 101, '444', 4, 4, '444', 0, 'Lorem Lorem', 'DE44 4444 4444 4444 4444 44', '444', NULL, '2019-10-09 07:21:55', '2019-10-09 07:21:55'),
(174, 101, '444', 4, 4, '444', 0, 'Lorem Lorem', 'DE44 4444 4444 4444 4444 44', '444', NULL, '2019-10-09 07:27:35', '2019-10-09 07:27:35'),
(175, 101, '444', 4, 4, '444', 0, 'Lorem Lorem', 'DE44 4444 4444 4444 4444 44', '444', NULL, '2019-10-09 07:34:54', '2019-10-09 07:34:54'),
(176, 127, '333', 3, 3, '333', 0, 'Lorem Lorem', 'DE33 3333 3333 3333 3333 33', '333', NULL, '2019-10-09 07:38:45', '2019-10-09 07:38:45'),
(177, 231, '3333333', 33, 3, '333333', 0, 'Kennwort Kennwort', 'DE33 3333 3333 3333 3333 33', '3333', NULL, '2019-10-09 07:41:24', '2019-10-09 07:41:24'),
(178, 232, '222', 22, 2, '4444', 0, 'Kennwort Kennwort', 'DE22 2222 2222 2222 2222 22', '222', NULL, '2019-10-09 07:48:22', '2019-10-09 07:48:22'),
(179, 234, '4444', 44, 44, '444', 0, 'Kennwort@g.com Kennwort@g.com', 'DE44 4444 4444 4444 4444 44', '44', NULL, '2019-10-09 07:50:11', '2019-10-09 07:50:11'),
(180, 231, '2222', 2, 2, '222', 0, 'Anrede Anrede', 'DE22 2222 2222 2222 2222 22', '222', NULL, '2019-10-09 08:10:06', '2019-10-09 08:10:06'),
(181, 231, '22', 2, 2, '222', 0, 'Kennwort Kennwort', 'DE22 2222 2222 2222 2222 22', '222', NULL, '2019-10-16 08:09:09', '2019-10-16 08:09:09'),
(182, 231, '333', 3, 3, 'sdfg', 0, 'Kennwort Kennwort', 'DE33 3333 3333 3333 3333 33', '333', NULL, '2019-10-17 06:18:38', '2019-10-17 06:18:38'),
(183, 231, '333', 3, 3333, '333', 0, 'Kennwort Kennwort', 'DE33 3333 3333 3333 3333 33', '333', NULL, '2019-10-17 17:30:44', '2019-10-17 17:30:44'),
(184, 234, '555', 33, 33, '333', 0, 'Kennwort Kennwort', 'DE33 3333 3333 3333 3333 33', '33333', NULL, '2019-10-17 17:35:39', '2019-10-17 17:35:39');

-- --------------------------------------------------------

--
-- Table structure for table `dealers`
--

CREATE TABLE `dealers` (
  `id` int(10) UNSIGNED NOT NULL,
  `name` varchar(191) COLLATE utf8mb4_unicode_ci DEFAULT NULL,
  `type` varchar(191) COLLATE utf8mb4_unicode_ci DEFAULT NULL,
  `status` varchar(191) COLLATE utf8mb4_unicode_ci DEFAULT NULL,
  `is_limited_sales` tinyint(1) NOT NULL,
  `remaining_sales_amount` int(11) DEFAULT NULL,
  `category_id` int(11) DEFAULT NULL,
  `owner_name` varchar(191) COLLATE utf8mb4_unicode_ci NOT NULL,
  `owner_surname` varchar(191) COLLATE utf8mb4_unicode_ci NOT NULL,
  `owner_mobile` varchar(25) COLLATE utf8mb4_unicode_ci NOT NULL,
  `owner_email` varchar(50) COLLATE utf8mb4_unicode_ci NOT NULL,
  `created_at` timestamp NULL DEFAULT NULL,
  `updated_at` timestamp NULL DEFAULT NULL
) ENGINE=InnoDB DEFAULT CHARSET=utf8mb4 COLLATE=utf8mb4_unicode_ci;

--
-- Dumping data for table `dealers`
--

INSERT INTO `dealers` (`id`, `name`, `type`, `status`, `is_limited_sales`, `remaining_sales_amount`, `category_id`, `owner_name`, `owner_surname`, `owner_mobile`, `owner_email`, `created_at`, `updated_at`) VALUES
(0, 'Toker', '1', 'on', 0, 0, 5, 'Mehmet', 'Toker', '', '', '2018-10-29 21:39:10', '2018-11-07 08:45:28'),
(73, 'Sancak', '1', 'on', 0, 0, 5, 'Sancak', 'Kurt', '', '', '2018-10-29 21:39:10', '2018-11-07 08:45:28'),
(74, 'Ünlü', '1', 'on', 0, 0, 5, 'Kasım', 'Ünlü', '', '', '2018-10-30 10:04:11', '2018-10-30 15:39:14'),
(75, 'Weilibdorff', '1', 'on', 0, 0, 3, 'Weil', 'Wolf', '', '', '2018-10-30 10:17:52', '2018-10-30 15:19:59');

-- --------------------------------------------------------

--
-- Table structure for table `dealers_member_codes`
--

CREATE TABLE `dealers_member_codes` (
  `id` int(10) UNSIGNED NOT NULL,
  `dealer_id` int(11) NOT NULL,
  `vodafone_UVP` varchar(191) COLLATE utf8mb4_unicode_ci NOT NULL,
  `vodafone_GVO` varchar(191) COLLATE utf8mb4_unicode_ci NOT NULL,
  `vodafone_DSL_UVP` varchar(191) COLLATE utf8mb4_unicode_ci NOT NULL,
  `mobilcom_debitel_UVP` varchar(191) COLLATE utf8mb4_unicode_ci NOT NULL,
  `energie_user` varchar(191) COLLATE utf8mb4_unicode_ci NOT NULL,
  `yourfone_UVP` varchar(191) COLLATE utf8mb4_unicode_ci NOT NULL,
  `ayyildiz_UVP` varchar(191) COLLATE utf8mb4_unicode_ci NOT NULL,
  `blau_UVP` varchar(191) COLLATE utf8mb4_unicode_ci NOT NULL,
  `otelo_neu` varchar(191) COLLATE utf8mb4_unicode_ci NOT NULL,
  `otelo_alt` varchar(191) COLLATE utf8mb4_unicode_ci NOT NULL,
  `created_at` timestamp NULL DEFAULT NULL,
  `updated_at` timestamp NULL DEFAULT NULL
) ENGINE=InnoDB DEFAULT CHARSET=utf8mb4 COLLATE=utf8mb4_unicode_ci;

--
-- Dumping data for table `dealers_member_codes`
--

INSERT INTO `dealers_member_codes` (`id`, `dealer_id`, `vodafone_UVP`, `vodafone_GVO`, `vodafone_DSL_UVP`, `mobilcom_debitel_UVP`, `energie_user`, `yourfone_UVP`, `ayyildiz_UVP`, `blau_UVP`, `otelo_neu`, `otelo_alt`, `created_at`, `updated_at`) VALUES
(47, 73, '12003', '123', '123', '123', '123', '123', '123', '123', '123', '12399999999', '2018-10-29 21:39:10', '2018-11-07 08:45:28'),
(48, 74, '123000', '123', '123', '12000003', '123', '123', '123', '123', '123', '123000', '2018-10-30 10:04:11', '2018-10-30 15:39:14'),
(49, 75, '123999999999999', '123', '123', '123', '123', '123', '123', '123', '123', '123', '2018-10-30 10:17:52', '2018-10-30 15:19:59'),
(50, 76, '1230', '123', '123', '123', '123', '123', '123', '123', '123', '123', '2018-10-31 09:51:06', '2018-10-31 09:51:06'),
(55, 91, '123', '123', '123', '123', '123ert', '123', '123', '123', '123', '123', '2018-11-19 14:17:26', '2018-11-20 11:19:29'),
(56, 92, '123', '123', '123', '123', '123', '123', '123', '123', '123', '123', '2018-12-20 08:06:25', '2018-12-20 08:06:25'),
(57, 93, '123', '123', '123', '123', '123', '123', '123', '123', '123', '123', '2018-12-20 08:17:39', '2018-12-20 08:17:39'),
(58, 101, '123', '123', '123', '123', '123', '123', '123', '123', '123', '123', '2019-10-30 15:04:17', '2019-10-30 15:04:17'),
(59, 102, '123', '123', '123', '123', '123', '123', '123', '123', '123', '123', '2019-10-30 15:07:03', '2019-10-30 15:07:03'),
(60, 103, '123', '123', '123', '123', '123', '123', '123', '123', '123', '123', '2019-10-30 15:07:49', '2019-10-30 15:07:49'),
(61, 104, '123', '123', '123', '123', '123', '123', '123', '123', '123', '123', '2019-10-30 15:09:22', '2019-10-30 15:09:22'),
(62, 105, '123', '123', '123', '123', '123', '123', '123', '123', '123', '123', '2019-10-31 09:13:30', '2019-10-31 09:13:30'),
(63, 106, '123', '123', '123', '123', '123', '123', '123', '123', '123', '123', '2019-10-31 09:15:11', '2019-10-31 09:15:11'),
(64, 107, '123', '123', '123', '123', '123', '123', '123', '123', '123', '123', '2019-10-31 09:37:27', '2019-10-31 09:37:27'),
(65, 108, '123', '123', '123', '123', '123', '123', '123', '123', '123', '123', '2019-10-31 09:38:01', '2019-10-31 09:38:01'),
(66, 109, '123', '123', '123', '123', '123', '123', '123', '123', '123', '123', '2019-10-31 09:38:34', '2019-10-31 09:38:34'),
(67, 0, '12003', '123', '123', '123', '123', '123', '123', '123', '123', '12399999999', '2018-10-29 21:39:10', '2018-11-07 08:45:28');

-- --------------------------------------------------------

--
-- Table structure for table `dealer_region_vbs`
--

CREATE TABLE `dealer_region_vbs` (
  `id` int(10) UNSIGNED NOT NULL,
  `dealer_id` int(11) NOT NULL,
  `office_id` int(11) NOT NULL,
  `office_postcode` varchar(5) COLLATE utf8mb4_unicode_ci NOT NULL,
  `provider_id` varchar(191) COLLATE utf8mb4_unicode_ci NOT NULL,
  `region_id` varchar(191) COLLATE utf8mb4_unicode_ci NOT NULL,
  `primary_VB_id` varchar(191) COLLATE utf8mb4_unicode_ci NOT NULL,
  `secondary_VB_id` varchar(191) COLLATE utf8mb4_unicode_ci NOT NULL,
  `created_at` timestamp NULL DEFAULT NULL,
  `updated_at` timestamp NULL DEFAULT NULL
) ENGINE=InnoDB DEFAULT CHARSET=utf8mb4 COLLATE=utf8mb4_unicode_ci;

--
-- Dumping data for table `dealer_region_vbs`
--

INSERT INTO `dealer_region_vbs` (`id`, `dealer_id`, `office_id`, `office_postcode`, `provider_id`, `region_id`, `primary_VB_id`, `secondary_VB_id`, `created_at`, `updated_at`) VALUES
(1, 0, 0, '26871', '1', '5', '19', '18', '2018-12-20 08:17:39', '2018-12-20 10:28:02'),
(2, 73, 1, '33449', '1', '5', '19', '18', NULL, '2018-12-26 16:40:55'),
(3, 73, 3, '33378', '1', '6', '19', '18', '2019-01-02 06:55:39', '2019-01-02 06:55:39'),
(4, 74, 6, '33378', '1', '6', '19', '18', '2019-01-02 06:55:39', '2019-01-02 06:55:39'),
(5, 75, 7, '33378', '1', '6', '19', '18', '2019-01-02 06:55:39', '2019-01-02 06:55:39'),
(6, 73, 5, '33378', '1', '6', '19', '18', '2019-01-02 06:55:39', '2019-01-02 06:55:39'),
(7, 74, 9, '33378', '1', '6', '19', '18', '2019-01-02 06:55:39', '2019-01-02 06:55:39'),
(8, 0, 0, '26871', '0', '1', '19', '18', '2018-12-20 08:17:39', '2018-12-20 10:28:02'),
(9, 73, 1, '33449', '0', '2', '19', '18', NULL, '2018-12-26 16:40:55'),
(10, 73, 3, '33378', '0', '3', '19', '18', '2019-01-02 06:55:39', '2019-01-02 06:55:39'),
(11, 73, 5, '33378', '0', '4', '19', '18', '2019-01-02 06:55:39', '2019-01-02 06:55:39'),
(12, 74, 6, '33378', '0', '4', '19', '18', '2019-01-02 06:55:39', '2019-01-02 06:55:39'),
(13, 74, 9, '33378', '0', '4', '19', '18', '2019-01-02 06:55:39', '2019-01-02 06:55:39'),
(14, 75, 7, '33378', '0', '2', '19', '18', '2019-01-02 06:55:39', '2019-01-02 06:55:39');

-- --------------------------------------------------------

--
-- Table structure for table `imeis`
--

CREATE TABLE `imeis` (
  `id` int(10) UNSIGNED NOT NULL,
  `provider_id` int(11) NOT NULL,
  `vf_gsm_id` int(11) NOT NULL,
  `IMEI` int(11) NOT NULL,
  `device` varchar(191) COLLATE utf8mb4_unicode_ci NOT NULL,
  `package` int(11) NOT NULL,
  `VO` varchar(191) COLLATE utf8mb4_unicode_ci NOT NULL,
  `status` smallint(6) NOT NULL,
  `contract_id` int(11) NOT NULL,
  `user` varchar(191) COLLATE utf8mb4_unicode_ci NOT NULL,
  `salesperson_id` int(11) NOT NULL,
  `date` date NOT NULL,
  `award_date` date NOT NULL,
  `created_at` timestamp NULL DEFAULT NULL,
  `updated_at` timestamp NULL DEFAULT NULL
) ENGINE=InnoDB DEFAULT CHARSET=utf8mb4 COLLATE=utf8mb4_unicode_ci;

--
-- Dumping data for table `imeis`
--

INSERT INTO `imeis` (`id`, `provider_id`, `vf_gsm_id`, `IMEI`, `device`, `package`, `VO`, `status`, `contract_id`, `user`, `salesperson_id`, `date`, `award_date`, `created_at`, `updated_at`) VALUES
(1, 0, 0, 2147483647, 'iPhone 7 32GB schwarz 28.02.17', 0, '', 0, 0, 'ADMIN', 0, '2007-01-01', '0000-00-00', '2019-04-14 22:00:00', '2019-04-14 22:00:00'),
(2, 0, 0, 2147483647, 'iPhone 7 32GB schwarz 28.02.17', 0, '', 0, 0, 'ADMIN', 0, '2007-01-01', '0000-00-00', '2019-04-14 22:00:00', '2019-04-14 22:00:00'),
(3, 0, 0, 2147483647, 'iPhone 7 32GB schwarz 28.02.17', 0, '', 0, 0, 'ADMIN', 0, '2007-01-01', '0000-00-00', '2019-04-14 22:00:00', '2019-04-14 22:00:00'),
(4, 0, 0, 2147483647, 'iPhone 7 32GB schwarz 28.02.17', 0, '', 0, 0, 'ADMIN', 0, '2007-01-01', '0000-00-00', '2019-04-14 22:00:00', '2019-04-14 22:00:00'),
(5, 0, 0, 2147483647, 'iPhone 7 32GB schwarz 28.02.17', 0, '', 0, 0, 'ADMIN', 0, '2007-01-01', '0000-00-00', '2019-04-14 22:00:00', '2019-04-14 22:00:00'),
(6, 0, 0, 2147483647, 'iPhone 7 32GB schwarz 28.02.17', 0, '', 0, 0, 'ADMIN', 0, '2007-01-01', '0000-00-00', '2019-04-14 22:00:00', '2019-04-14 22:00:00'),
(7, 0, 0, 2147483647, 'iPhone 7 32GB schwarz 28.02.17', 0, '', 0, 0, 'ADMIN', 0, '2007-01-01', '0000-00-00', '2019-04-14 22:00:00', '2019-04-14 22:00:00'),
(8, 0, 0, 2147483647, 'iPhone 7 32GB schwarz 28.02.17', 0, '', 0, 0, 'ADMIN', 0, '2007-01-01', '0000-00-00', '2019-04-14 22:00:00', '2019-04-14 22:00:00'),
(9, 0, 0, 2147483647, 'iPhone 7 32GB schwarz 28.02.17', 0, '', 0, 0, 'ADMIN', 0, '2007-01-01', '0000-00-00', '2019-04-14 22:00:00', '2019-04-14 22:00:00'),
(10, 0, 0, 2147483647, 'iPhone 7 32GB schwarz 28.02.17', 0, '', 0, 179056, '10469', 0, '2007-01-01', '2017-03-08', '2019-04-14 22:00:00', '2019-04-14 22:00:00'),
(11, 0, 0, 2147483647, 'iPhone 7 32GB schwarz 28.02.17', 0, '', 0, 179057, '13331', 0, '2007-01-01', '2017-03-08', '2019-04-14 22:00:00', '2019-04-14 22:00:00'),
(12, 0, 0, 2147483647, 'iPhone 7 32GB schwarz 28.02.17', 0, '', 0, 179064, '11305', 0, '2007-01-01', '2017-03-09', '2019-04-14 22:00:00', '2019-04-14 22:00:00'),
(13, 0, 0, 2147483647, 'iPhone 7 32GB schwarz 28.02.17', 0, '', 0, 179065, '11305', 0, '2007-01-01', '2017-03-09', '2019-04-14 22:00:00', '2019-04-14 22:00:00'),
(14, 0, 0, 2147483647, 'iPhone 7 32GB schwarz 28.02.17', 0, '', 0, 179067, '20125', 0, '2007-01-01', '2017-03-09', '2019-04-14 22:00:00', '2019-04-14 22:00:00'),
(15, 0, 0, 2147483647, 'iPhone 7 32GB schwarz 28.02.17', 0, '', 0, 179069, '10469', 0, '2007-01-01', '2017-03-09', '2019-04-14 22:00:00', '2019-04-14 22:00:00'),
(16, 0, 0, 2147483647, 'iPhone 7 32GB schwarz 28.02.17', 0, '', 0, 179073, '14444', 0, '2007-01-01', '2017-03-09', '2019-04-14 22:00:00', '2019-04-14 22:00:00'),
(17, 0, 0, 2147483647, 'iPhone 7 32GB schwarz 28.02.17', 0, '', 0, 179076, '10946', 0, '2007-01-01', '2017-03-09', '2019-04-14 22:00:00', '2019-04-14 22:00:00'),
(18, 0, 0, 2147483647, 'iPhone 7 32GB schwarz 28.02.17', 0, '', 0, 179077, '20016', 0, '2007-01-01', '2017-03-09', '2019-04-14 22:00:00', '2019-04-14 22:00:00'),
(19, 0, 0, 2147483647, 'iPhone 7 32GB schwarz 28.02.17', 0, '', 0, 179080, '15552', 0, '2007-01-01', '2017-03-09', '2019-04-14 22:00:00', '2019-04-14 22:00:00'),
(20, 0, 0, 2147483647, 'iPhone 7 32GB schwarz 28.02.17', 0, '', 0, 179082, '50000', 0, '2007-01-01', '2017-03-09', '2019-04-14 22:00:00', '2019-04-14 22:00:00'),
(21, 0, 0, 2147483647, 'iPhone 7 32GB schwarz 28.02.17', 0, '', 0, 179081, '10875', 0, '2007-01-01', '2017-03-09', '2019-04-14 22:00:00', '2019-04-14 22:00:00'),
(22, 0, 0, 2147483647, 'iPhone 7 32GB schwarz 28.02.17', 0, '', 0, 179084, '15552', 0, '2007-01-01', '2017-03-09', '2019-04-14 22:00:00', '2019-04-14 22:00:00'),
(23, 0, 0, 2147483647, 'iphone 7 32GB 10.03.17', 0, '', 0, 179241, '14238', 0, '2007-01-01', '2017-03-20', '2019-04-14 22:00:00', '2019-04-14 22:00:00'),
(24, 0, 0, 2147483647, 'iphone 7 32GB 10.03.17', 0, '', 0, 179241, '14238', 0, '2007-01-01', '2017-03-20', '2019-04-14 22:00:00', '2019-04-14 22:00:00'),
(25, 0, 0, 2147483647, 'iphone 7 32GB 10.03.17', 0, '', 0, 179243, '50000', 0, '2007-01-01', '2017-03-20', '2019-04-14 22:00:00', '2019-04-14 22:00:00'),
(26, 0, 0, 2147483647, 'iphone 7 32GB 10.03.17', 0, '', 0, 179245, '13902', 0, '2007-01-01', '2017-03-20', '2019-04-14 22:00:00', '2019-04-14 22:00:00'),
(27, 0, 0, 2147483647, 'iphone 7 32GB 10.03.17', 0, '', 0, 179247, '14444', 0, '2007-01-01', '2017-03-20', '2019-04-14 22:00:00', '2019-04-14 22:00:00'),
(28, 0, 0, 2147483647, 'iphone 7 32GB 10.03.17', 0, '', 0, 179252, '14238', 0, '2007-01-01', '2017-03-20', '2019-04-14 22:00:00', '2019-04-14 22:00:00'),
(29, 0, 0, 2147483647, 'iphone 7 32GB 10.03.17', 0, '', 0, 179284, '10469', 0, '2007-01-01', '2017-03-22', '2019-04-14 22:00:00', '2019-04-14 22:00:00'),
(30, 0, 0, 2147483647, 'iphone 7 32GB 10.03.17', 0, '', 0, 179257, '14238', 0, '2007-01-01', '2017-03-21', '2019-04-14 22:00:00', '2019-04-14 22:00:00'),
(31, 0, 0, 2147483647, 'iphone 7 32GB 10.03.17', 0, '', 0, 0, 'ADMIN', 0, '2007-01-01', '0000-00-00', '2019-04-14 22:00:00', '2019-04-14 22:00:00'),
(32, 0, 0, 2147483647, 'iphone 7 32GB 10.03.17', 0, '', 0, 0, 'ADMIN', 0, '2007-01-01', '0000-00-00', '2019-04-14 22:00:00', '2019-04-14 22:00:00'),
(33, 0, 0, 2147483647, 'iphone 7 32GB 10.03.17', 0, '', 0, 0, 'ADMIN', 0, '2007-01-01', '0000-00-00', '2019-04-14 22:00:00', '2019-04-14 22:00:00'),
(34, 0, 0, 2147483647, 'iphone 7 32GB 10.03.17', 0, '', 0, 0, 'ADMIN', 0, '2007-01-01', '0000-00-00', '2019-04-14 22:00:00', '2019-04-14 22:00:00'),
(35, 0, 0, 2147483647, 'iphone 7 32GB 10.03.17', 0, '', 0, 0, 'ADMIN', 0, '2007-01-01', '0000-00-00', '2019-04-14 22:00:00', '2019-04-14 22:00:00'),
(36, 0, 0, 2147483647, 'iphone 7 32GB 10.03.17', 0, '', 0, 0, 'ADMIN', 0, '2007-01-01', '0000-00-00', '2019-04-14 22:00:00', '2019-04-14 22:00:00'),
(37, 0, 0, 2147483647, 'iphone 7 32GB 10.03.17', 0, '', 0, 0, 'ADMIN', 0, '2007-01-01', '0000-00-00', '2019-04-14 22:00:00', '2019-04-14 22:00:00'),
(38, 0, 0, 2147483647, 'iphone 7 32GB 10.03.17', 0, '', 0, 0, 'ADMIN', 0, '2007-01-01', '0000-00-00', '2019-04-14 22:00:00', '2019-04-14 22:00:00'),
(39, 0, 0, 2147483647, 'iphone 7 32GB 10.03.17', 0, '', 0, 0, 'ADMIN', 0, '2007-01-01', '0000-00-00', '2019-04-14 22:00:00', '2019-04-14 22:00:00'),
(40, 0, 0, 2147483647, 'iphone 7 32GB 10.03.17', 0, '', 0, 0, 'ADMIN', 0, '2007-01-01', '0000-00-00', '2019-04-14 22:00:00', '2019-04-14 22:00:00'),
(41, 0, 0, 2147483647, 'iphone 7 32GB 10.03.17', 0, '', 0, 0, 'ADMIN', 0, '2007-01-01', '0000-00-00', '2019-04-14 22:00:00', '2019-04-14 22:00:00'),
(42, 0, 0, 2147483647, 'iphone 7 32GB 10.03.17', 0, '', 0, 0, 'ADMIN', 0, '2007-01-01', '0000-00-00', '2019-04-14 22:00:00', '2019-04-14 22:00:00'),
(43, 0, 0, 2147483647, 'iphone 7 32GB 10.03.17', 0, '', 0, 0, 'ADMIN', 0, '2007-01-01', '0000-00-00', '2019-04-14 22:00:00', '2019-04-14 22:00:00'),
(44, 0, 0, 2147483647, 'iphone 7 32GB 10.03.17', 0, '', 0, 0, 'ADMIN', 0, '2007-01-01', '0000-00-00', '2019-04-14 22:00:00', '2019-04-14 22:00:00'),
(45, 0, 0, 2147483647, 'iphone 7 32GB 10.03.17', 0, '', 0, 0, 'ADMIN', 0, '2007-01-01', '0000-00-00', '2019-04-14 22:00:00', '2019-04-14 22:00:00'),
(46, 0, 0, 2147483647, 'iphone 7 32GB 10.03.17', 0, '', 0, 0, 'ADMIN', 0, '2007-01-01', '0000-00-00', '2019-04-14 22:00:00', '2019-04-14 22:00:00'),
(47, 0, 0, 2147483647, 'iphone 7 32GB 10.03.17', 0, '', 0, 0, 'ADMIN', 0, '2007-01-01', '0000-00-00', '2019-04-14 22:00:00', '2019-04-14 22:00:00'),
(48, 0, 0, 2147483647, 'iphone 7 32GB 10.03.17', 0, '', 0, 0, 'ADMIN', 0, '2007-01-01', '0000-00-00', '2019-04-14 22:00:00', '2019-04-14 22:00:00'),
(49, 0, 0, 2147483647, 'iphone 7 32GB 10.03.17', 0, '', 0, 0, 'ADMIN', 0, '2007-01-01', '0000-00-00', '2019-04-14 22:00:00', '2019-04-14 22:00:00'),
(50, 0, 0, 2147483647, 'iphone 7 32GB 10.03.17', 0, '', 0, 0, 'ADMIN', 0, '2007-01-01', '0000-00-00', '2019-04-14 22:00:00', '2019-04-14 22:00:00'),
(51, 0, 0, 2147483647, 'iphone 7 32GB 10.03.17', 0, '', 0, 0, 'ADMIN', 0, '2007-01-01', '0000-00-00', '2019-04-14 22:00:00', '2019-04-14 22:00:00'),
(52, 0, 0, 2147483647, 'iphone 7 32GB 10.03.17', 0, '', 0, 0, 'ADMIN', 0, '2007-01-01', '0000-00-00', '2019-04-14 22:00:00', '2019-04-14 22:00:00'),
(53, 0, 0, 2147483647, 'iphone 7 32GB 10.03.17', 0, '', 0, 0, 'ADMIN', 0, '2007-01-01', '0000-00-00', '2019-04-14 22:00:00', '2019-04-14 22:00:00'),
(54, 0, 0, 2147483647, 'iphone 7 32GB 10.03.17', 0, '', 0, 0, 'ADMIN', 0, '2007-01-01', '0000-00-00', '2019-04-14 22:00:00', '2019-04-14 22:00:00'),
(55, 0, 0, 2147483647, 'iphone 7 32GB 10.03.17', 0, '', 0, 0, 'ADMIN', 0, '2007-01-01', '0000-00-00', '2019-04-14 22:00:00', '2019-04-14 22:00:00'),
(56, 0, 0, 2147483647, 'iphone 7 32GB 10.03.17', 0, '', 0, 0, 'ADMIN', 0, '2007-01-01', '0000-00-00', '2019-04-14 22:00:00', '2019-04-14 22:00:00'),
(57, 0, 0, 2147483647, 'iphone 7 32GB 10.03.17', 0, '', 0, 0, 'ADMIN', 0, '2007-01-01', '0000-00-00', '2019-04-14 22:00:00', '2019-04-14 22:00:00'),
(58, 0, 0, 2147483647, 'iphone 7 32GB 10.03.17', 0, '', 0, 0, 'ADMIN', 0, '2007-01-01', '0000-00-00', '2019-04-14 22:00:00', '2019-04-14 22:00:00'),
(59, 0, 0, 2147483647, 'iphone 7 32GB 10.03.17', 0, '', 0, 0, 'ADMIN', 0, '2007-01-01', '0000-00-00', '2019-04-14 22:00:00', '2019-04-14 22:00:00'),
(60, 0, 0, 2147483647, 'iphone 7 32GB 10.03.17', 0, '', 0, 0, 'ADMIN', 0, '2007-01-01', '0000-00-00', '2019-04-14 22:00:00', '2019-04-14 22:00:00'),
(61, 0, 0, 2147483647, 'iphone 7 32GB 10.03.17', 0, '', 0, 0, 'ADMIN', 0, '2007-01-01', '0000-00-00', '2019-04-14 22:00:00', '2019-04-14 22:00:00'),
(62, 0, 0, 2147483647, 'iphone 7 32GB 10.03.17', 0, '', 0, 0, 'ADMIN', 0, '2007-01-01', '0000-00-00', '2019-04-14 22:00:00', '2019-04-14 22:00:00'),
(63, 0, 0, 2147483647, 'iphone 7 32GB 10.03.17', 0, '', 0, 0, 'ADMIN', 0, '2007-01-01', '0000-00-00', '2019-04-14 22:00:00', '2019-04-14 22:00:00'),
(64, 0, 0, 2147483647, 'iphone 7 32GB 10.03.17', 0, '', 0, 0, 'ADMIN', 0, '2007-01-01', '0000-00-00', '2019-04-14 22:00:00', '2019-04-14 22:00:00'),
(65, 0, 0, 2147483647, 'iphone 7 32GB 10.03.17', 0, '', 0, 0, 'ADMIN', 0, '2007-01-01', '0000-00-00', '2019-04-14 22:00:00', '2019-04-14 22:00:00'),
(66, 0, 0, 2147483647, 'iphone 7 32GB 10.03.17', 0, '', 0, 0, 'ADMIN', 0, '2007-01-01', '0000-00-00', '2019-04-14 22:00:00', '2019-04-14 22:00:00'),
(67, 0, 0, 2147483647, 'iphone 7 32GB 10.03.17', 0, '', 0, 0, 'ADMIN', 0, '2007-01-01', '0000-00-00', '2019-04-14 22:00:00', '2019-04-14 22:00:00'),
(68, 0, 0, 2147483647, 'iphone 7 128GB 10.03.17', 0, '', 0, 0, 'ADMIN', 0, '2007-01-01', '0000-00-00', '2019-04-14 22:00:00', '2019-04-14 22:00:00'),
(69, 0, 0, 2147483647, 'iphone 7 128GB 10.03.17', 0, '', 0, 0, 'ADMIN', 0, '2007-01-01', '0000-00-00', '2019-04-14 22:00:00', '2019-04-14 22:00:00'),
(70, 0, 0, 2147483647, 'iphone 7 128GB 10.03.17', 0, '', 0, 0, 'ADMIN', 0, '2007-01-01', '0000-00-00', '2019-04-14 22:00:00', '2019-04-14 22:00:00'),
(71, 0, 0, 2147483647, 'iphone 7 128GB 10.03.17', 0, '', 0, 0, 'ADMIN', 0, '2007-01-01', '0000-00-00', '2019-04-14 22:00:00', '2019-04-14 22:00:00'),
(72, 0, 0, 2147483647, 'iphone 7 128GB 10.03.17', 0, '', 0, 179131, '11305', 0, '2007-01-01', '2017-03-13', '2019-04-14 22:00:00', '2019-04-14 22:00:00'),
(73, 0, 0, 2147483647, 'iphone 7 128GB 10.03.17', 0, '', 0, 179124, '13902', 0, '2007-01-01', '2017-03-13', '2019-04-14 22:00:00', '2019-04-14 22:00:00'),
(74, 0, 0, 2147483647, 'iphone 7 128GB 10.03.17', 0, '', 0, 0, 'ADMIN', 0, '2007-01-01', '2017-03-13', '2019-04-14 22:00:00', '2019-04-14 22:00:00'),
(75, 0, 0, 2147483647, 'iphone 7 128GB 10.03.17', 0, '', 0, 179120, '10469', 0, '2007-01-01', '2017-03-13', '2019-04-14 22:00:00', '2019-04-14 22:00:00'),
(76, 0, 0, 2147483647, 'iphone 7 128GB 10.03.17', 0, '', 0, 179116, '13303', 0, '2007-01-01', '2017-03-13', '2019-04-14 22:00:00', '2019-04-14 22:00:00'),
(77, 0, 0, 2147483647, 'iphone 7 128GB 10.03.17', 0, '', 0, 179117, '10795', 0, '2007-01-01', '2017-03-13', '2019-04-14 22:00:00', '2019-04-14 22:00:00'),
(78, 0, 0, 2147483647, 'iphone 7 128GB 10.03.17', 0, '', 0, 179108, '15552', 0, '2007-01-01', '2017-03-11', '2019-04-14 22:00:00', '2019-04-14 22:00:00'),
(79, 0, 0, 2147483647, 'iphone 7 128GB 10.03.17', 0, '', 0, 179104, '10875', 0, '2007-01-01', '2017-03-10', '2019-04-14 22:00:00', '2019-04-14 22:00:00'),
(80, 0, 0, 2147483647, 'iphone 7 128GB 10.03.17', 0, '', 0, 179100, '13902', 0, '2007-01-01', '2017-03-10', '2019-04-14 22:00:00', '2019-04-14 22:00:00'),
(81, 0, 0, 2147483647, 'iphone 7 128GB 10.03.17', 0, '', 0, 179097, '10721', 0, '2007-01-01', '2017-03-10', '2019-04-14 22:00:00', '2019-04-14 22:00:00'),
(82, 0, 0, 2147483647, 'iphone 7 128GB 10.03.17', 0, '', 0, 179107, '14444', 0, '2007-01-01', '2017-03-10', '2019-04-14 22:00:00', '2019-04-14 22:00:00'),
(83, 0, 0, 2147483647, 'iphone 7 128GB 10.03.17', 0, '', 0, 179114, '10827', 0, '2007-01-01', '2017-03-11', '2019-04-14 22:00:00', '2019-04-14 22:00:00'),
(84, 0, 0, 2147483647, 'iphone 7 128GB 10.03.17', 0, '', 0, 179116, '13303', 0, '2007-01-01', '2017-03-13', '2019-04-14 22:00:00', '2019-04-14 22:00:00'),
(85, 0, 0, 2147483647, 'iphone 7 128GB 10.03.17', 0, '', 0, 179119, '15552', 0, '2007-01-01', '2017-03-13', '2019-04-14 22:00:00', '2019-04-14 22:00:00'),
(86, 0, 0, 2147483647, 'iphone 7 128GB 10.03.17', 0, '', 0, 179122, '14105', 0, '2007-01-01', '2017-03-13', '2019-04-14 22:00:00', '2019-04-14 22:00:00'),
(87, 0, 0, 2147483647, 'iphone 7 128GB 10.03.17', 0, '', 0, 179124, '13902', 0, '2007-01-01', '2017-03-13', '2019-04-14 22:00:00', '2019-04-14 22:00:00'),
(88, 0, 0, 2147483647, 'iphone 7 128GB 10.03.17', 0, '', 0, 179128, '11196', 0, '2007-01-01', '2017-03-13', '2019-04-14 22:00:00', '2019-04-14 22:00:00'),
(89, 0, 0, 2147483647, 'iphone 7 32GB 10.03.17', 0, '', 0, 0, 'ADMIN', 0, '2007-01-01', '0000-00-00', '2019-04-14 22:00:00', '2019-04-14 22:00:00'),
(90, 0, 0, 2147483647, 'iphone 7 32GB 10.03.17', 0, '', 0, 0, 'ADMIN', 0, '2007-01-01', '0000-00-00', '2019-04-14 22:00:00', '2019-04-14 22:00:00'),
(91, 0, 0, 2147483647, 'iphone 7 32GB 10.03.17', 0, '', 0, 0, 'ADMIN', 0, '2007-01-01', '0000-00-00', '2019-04-14 22:00:00', '2019-04-14 22:00:00'),
(92, 0, 0, 2147483647, 'iphone 7 32GB 10.03.17', 0, '', 0, 0, 'ADMIN', 0, '2007-01-01', '0000-00-00', '2019-04-14 22:00:00', '2019-04-14 22:00:00'),
(93, 0, 0, 2147483647, 'iphone 7 32GB 10.03.17', 0, '', 0, 0, 'ADMIN', 0, '2007-01-01', '0000-00-00', '2019-04-14 22:00:00', '2019-04-14 22:00:00'),
(94, 0, 0, 2147483647, 'iphone 7 32GB 10.03.17', 0, '', 0, 0, 'ADMIN', 0, '2007-01-01', '0000-00-00', '2019-04-14 22:00:00', '2019-04-14 22:00:00'),
(95, 0, 0, 2147483647, 'iphone 7 32GB 10.03.17', 0, '', 0, 0, 'ADMIN', 0, '2007-01-01', '0000-00-00', '2019-04-14 22:00:00', '2019-04-14 22:00:00'),
(96, 0, 0, 2147483647, 'iphone 7 32GB 10.03.17', 0, '', 0, 0, 'ADMIN', 0, '2007-01-01', '0000-00-00', '2019-04-14 22:00:00', '2019-04-14 22:00:00'),
(97, 0, 0, 2147483647, 'iphone 7 32GB 10.03.17', 0, '', 0, 0, 'ADMIN', 0, '2007-01-01', '0000-00-00', '2019-04-14 22:00:00', '2019-04-14 22:00:00'),
(98, 0, 0, 2147483647, 'iphone 7 32GB 10.03.17', 0, '', 0, 0, 'ADMIN', 0, '2007-01-01', '0000-00-00', '2019-04-14 22:00:00', '2019-04-14 22:00:00'),
(99, 0, 0, 2147483647, 'iphone 7 32GB 10.03.17', 0, '', 0, 0, 'ADMIN', 0, '2007-01-01', '0000-00-00', '2019-04-14 22:00:00', '2019-04-14 22:00:00'),
(100, 0, 0, 2147483647, 'iphone 7 32GB 10.03.17', 0, '', 0, 0, 'ADMIN', 0, '2007-01-01', '0000-00-00', '2019-04-14 22:00:00', '2019-04-14 22:00:00');

-- --------------------------------------------------------

--
-- Table structure for table `imei_on_demands`
--

CREATE TABLE `imei_on_demands` (
  `id` int(10) UNSIGNED NOT NULL,
  `status` smallint(6) NOT NULL,
  `provider_id` int(11) NOT NULL,
  `contract_id` int(11) NOT NULL,
  `vf_gsm_id` int(11) NOT NULL,
  `salesperson_id` int(11) NOT NULL,
  `IMEI` int(15) NOT NULL,
  `device` varchar(191) COLLATE utf8mb4_unicode_ci NOT NULL,
  `package` int(11) NOT NULL,
  `VO` varchar(191) COLLATE utf8mb4_unicode_ci NOT NULL,
  `user` varchar(191) COLLATE utf8mb4_unicode_ci NOT NULL,
  `date` date NOT NULL,
  `award_date` date NOT NULL,
  `created_at` timestamp NULL DEFAULT NULL,
  `updated_at` timestamp NULL DEFAULT NULL
) ENGINE=InnoDB DEFAULT CHARSET=utf8mb4 COLLATE=utf8mb4_unicode_ci;

--
-- Dumping data for table `imei_on_demands`
--

INSERT INTO `imei_on_demands` (`id`, `status`, `provider_id`, `contract_id`, `vf_gsm_id`, `salesperson_id`, `IMEI`, `device`, `package`, `VO`, `user`, `date`, `award_date`, `created_at`, `updated_at`) VALUES
(1, 2, 1, 0, 0, 0, 2147483647, 'iPhone 7 32GB schwarz 28.02.17', 0, '', 'ADMIN', '2007-01-01', '0000-00-00', '2019-04-14 22:00:00', '2019-05-13 11:12:11'),
(2, 2, 1, 0, 0, 0, 2147483647, 'iPhone 7 32GB schwarz 28.02.17', 0, '', 'ADMIN', '2007-01-01', '0000-00-00', '2019-04-14 22:00:00', '2019-05-13 11:14:40'),
(3, 2, 1, 0, 0, 0, 2147483647, 'iPhone 7 32GB schwarz 28.02.17', 0, '', 'ADMIN', '2007-01-01', '0000-00-00', '2019-04-14 22:00:00', '2019-05-13 11:19:02'),
(4, 2, 1, 0, 0, 0, 2147483647, 'iPhone 7 32GB schwarz 28.02.17', 0, '', 'ADMIN', '2007-01-01', '0000-00-00', '2019-04-14 22:00:00', '2019-05-13 11:20:27'),
(5, 2, 1, 0, 0, 0, 2147483647, 'iPhone 7 32GB schwarz 28.02.17', 0, '', 'ADMIN', '2007-01-01', '0000-00-00', '2019-04-14 22:00:00', '2019-05-13 11:22:48'),
(6, 2, 1, 0, 0, 0, 2147483647, 'iPhone 7 32GB schwarz 28.02.17', 0, '', 'ADMIN', '2007-01-01', '0000-00-00', '2019-04-14 22:00:00', '2019-05-13 11:23:52'),
(7, 2, 1, 0, 0, 0, 2147483647, 'iPhone 7 32GB schwarz 28.02.17', 0, '', 'ADMIN', '2007-01-01', '0000-00-00', '2019-04-14 22:00:00', '2019-05-13 11:25:16'),
(8, 2, 1, 0, 0, 0, 2147483647, 'iPhone 7 32GB schwarz 28.02.17', 0, '', 'ADMIN', '2007-01-01', '0000-00-00', '2019-04-14 22:00:00', '2019-05-13 11:26:06'),
(9, 2, 1, 109, 0, 26, 2147483647, 'iPhone 7 32GB schwarz 28.02.17', 0, '', 'ADMIN', '2007-01-01', '0000-00-00', '2019-04-14 22:00:00', '2019-05-15 15:10:44'),
(10, 2, 1, 111, 0, 26, 2147483647, 'iPhone 7 32GB schwarz 28.02.17', 0, '', '10469', '2007-01-01', '2017-03-08', '2019-04-14 22:00:00', '2019-05-15 15:14:12'),
(11, 2, 1, 112, 0, 26, 2147483647, 'iPhone 7 32GB schwarz 28.02.17', 0, '', '13331', '2007-01-01', '2017-03-08', '2019-04-14 22:00:00', '2019-05-15 15:15:48'),
(12, 2, 1, 113, 0, 26, 2147483647, 'iPhone 7 32GB schwarz 28.02.17', 0, '', '11305', '2007-01-01', '2017-03-09', '2019-04-14 22:00:00', '2019-05-15 15:21:14'),
(13, 2, 1, 114, 0, 26, 2147483647, 'iPhone 7 32GB schwarz 28.02.17', 0, '', '11305', '2007-01-01', '2017-03-09', '2019-04-14 22:00:00', '2019-05-15 15:21:54'),
(14, 2, 1, 115, 0, 26, 2147483647, 'iPhone 7 32GB schwarz 28.02.17', 0, '', '20125', '2007-01-01', '2017-03-09', '2019-04-14 22:00:00', '2019-05-15 15:22:13'),
(15, 2, 1, 116, 0, 26, 2147483647, 'iPhone 7 32GB schwarz 28.02.17', 0, '', '10469', '2007-01-01', '2017-03-09', '2019-04-14 22:00:00', '2019-05-15 15:23:21'),
(16, 2, 1, 117, 0, 26, 2147483647, 'iPhone 7 32GB schwarz 28.02.17', 0, '', '14444', '2007-01-01', '2017-03-09', '2019-04-14 22:00:00', '2019-05-15 15:25:25'),
(17, 2, 1, 118, 0, 26, 2147483647, 'iPhone 7 32GB schwarz 28.02.17', 0, '', '10946', '2007-01-01', '2017-03-09', '2019-04-14 22:00:00', '2019-05-15 15:26:19'),
(18, 2, 1, 119, 0, 26, 2147483647, 'iPhone 7 32GB schwarz 28.02.17', 0, '', '20016', '2007-01-01', '2017-03-09', '2019-04-14 22:00:00', '2019-05-16 09:15:48'),
(19, 2, 1, 120, 0, 26, 2147483647, 'iPhone 7 32GB schwarz 28.02.17', 0, '', '15552', '2007-01-01', '2017-03-09', '2019-04-14 22:00:00', '2019-05-16 09:17:31'),
(20, 2, 1, 121, 0, 26, 2147483647, 'iPhone 7 32GB schwarz 28.02.17', 0, '', '50000', '2007-01-01', '2017-03-09', '2019-04-14 22:00:00', '2019-05-16 09:20:12'),
(21, 2, 1, 122, 0, 26, 2147483647, 'iPhone 7 32GB schwarz 28.02.17', 0, '', '10875', '2007-01-01', '2017-03-09', '2019-04-14 22:00:00', '2019-05-16 09:23:43'),
(22, 2, 1, 123, 0, 26, 2147483647, 'iPhone 7 32GB schwarz 28.02.17', 0, '', '15552', '2007-01-01', '2017-03-09', '2019-04-14 22:00:00', '2019-05-16 09:31:07'),
(23, 2, 1, 124, 0, 26, 2147483647, 'iphone 7 32GB 10.03.17', 0, '', '14238', '2007-01-01', '2017-03-20', '2019-04-14 22:00:00', '2019-05-22 13:27:32'),
(24, 2, 1, 125, 0, 26, 2147483647, 'iphone 7 32GB 10.03.17', 0, '', '14238', '2007-01-01', '2017-03-20', '2019-04-14 22:00:00', '2019-05-22 13:35:26'),
(25, 2, 1, 126, 0, 26, 2147483647, 'iphone 7 32GB 10.03.17', 0, '', '50000', '2007-01-01', '2017-03-20', '2019-04-14 22:00:00', '2019-05-22 13:38:28'),
(26, 2, 1, 127, 0, 26, 2147483647, 'iphone 7 32GB 10.03.17', 0, '', '13902', '2007-01-01', '2017-03-20', '2019-04-14 22:00:00', '2019-05-22 13:42:03'),
(27, 2, 1, 128, 0, 26, 2147483647, 'iphone 7 32GB 10.03.17', 0, '', '14444', '2007-01-01', '2017-03-20', '2019-04-14 22:00:00', '2019-05-22 14:05:49'),
(28, 2, 1, 133, 0, 26, 2147483647, 'iphone 7 32GB 10.03.17', 0, '', '14238', '2007-01-01', '2017-03-20', '2019-04-14 22:00:00', '2019-07-01 13:16:14'),
(29, 2, 1, 135, 0, 26, 2147483647, 'iphone 7 32GB 10.03.17', 0, '', '10469', '2007-01-01', '2017-03-22', '2019-04-14 22:00:00', '2019-07-03 07:09:40'),
(30, 2, 1, 137, 0, 26, 2147483647, 'iphone 7 32GB 10.03.17', 0, '', '14238', '2007-01-01', '2017-03-21', '2019-04-14 22:00:00', '2019-07-03 11:32:12'),
(31, 0, 1, 0, 0, 0, 2147483647, 'iphone 7 32GB 10.03.17', 0, '', 'ADMIN', '2007-01-01', '0000-00-00', '2019-04-14 22:00:00', '2019-04-14 22:00:00'),
(32, 0, 1, 0, 0, 0, 2147483647, 'iphone 7 32GB 10.03.17', 0, '', 'ADMIN', '2007-01-01', '0000-00-00', '2019-04-14 22:00:00', '2019-04-14 22:00:00'),
(33, 0, 1, 0, 0, 0, 2147483647, 'iphone 7 32GB 10.03.17', 0, '', 'ADMIN', '2007-01-01', '0000-00-00', '2019-04-14 22:00:00', '2019-04-14 22:00:00'),
(34, 0, 1, 0, 0, 0, 2147483647, 'iphone 7 32GB 10.03.17', 0, '', 'ADMIN', '2007-01-01', '0000-00-00', '2019-04-14 22:00:00', '2019-04-14 22:00:00'),
(35, 0, 1, 0, 0, 0, 2147483647, 'iphone 7 32GB 10.03.17', 0, '', 'ADMIN', '2007-01-01', '0000-00-00', '2019-04-14 22:00:00', '2019-04-14 22:00:00'),
(36, 0, 1, 0, 0, 0, 2147483647, 'iphone 7 32GB 10.03.17', 0, '', 'ADMIN', '2007-01-01', '0000-00-00', '2019-04-14 22:00:00', '2019-04-14 22:00:00'),
(37, 0, 1, 0, 0, 0, 2147483647, 'iphone 7 32GB 10.03.17', 0, '', 'ADMIN', '2007-01-01', '0000-00-00', '2019-04-14 22:00:00', '2019-04-14 22:00:00'),
(38, 0, 1, 0, 0, 0, 2147483647, 'iphone 7 32GB 10.03.17', 0, '', 'ADMIN', '2007-01-01', '0000-00-00', '2019-04-14 22:00:00', '2019-04-14 22:00:00'),
(39, 0, 1, 0, 0, 0, 2147483647, 'iphone 7 32GB 10.03.17', 0, '', 'ADMIN', '2007-01-01', '0000-00-00', '2019-04-14 22:00:00', '2019-04-14 22:00:00'),
(40, 0, 1, 0, 0, 0, 2147483647, 'iphone 7 32GB 10.03.17', 0, '', 'ADMIN', '2007-01-01', '0000-00-00', '2019-04-14 22:00:00', '2019-04-14 22:00:00'),
(41, 0, 1, 0, 0, 0, 2147483647, 'iphone 7 32GB 10.03.17', 0, '', 'ADMIN', '2007-01-01', '0000-00-00', '2019-04-14 22:00:00', '2019-04-14 22:00:00'),
(42, 0, 1, 0, 0, 0, 2147483647, 'iphone 7 32GB 10.03.17', 0, '', 'ADMIN', '2007-01-01', '0000-00-00', '2019-04-14 22:00:00', '2019-04-14 22:00:00'),
(43, 0, 1, 0, 0, 0, 2147483647, 'iphone 7 32GB 10.03.17', 0, '', 'ADMIN', '2007-01-01', '0000-00-00', '2019-04-14 22:00:00', '2019-04-14 22:00:00'),
(44, 0, 1, 0, 0, 0, 2147483647, 'iphone 7 32GB 10.03.17', 0, '', 'ADMIN', '2007-01-01', '0000-00-00', '2019-04-14 22:00:00', '2019-04-14 22:00:00'),
(45, 0, 1, 0, 0, 0, 2147483647, 'iphone 7 32GB 10.03.17', 0, '', 'ADMIN', '2007-01-01', '0000-00-00', '2019-04-14 22:00:00', '2019-04-14 22:00:00'),
(46, 0, 1, 0, 0, 0, 2147483647, 'iphone 7 32GB 10.03.17', 0, '', 'ADMIN', '2007-01-01', '0000-00-00', '2019-04-14 22:00:00', '2019-04-14 22:00:00'),
(47, 0, 1, 0, 0, 0, 2147483647, 'iphone 7 32GB 10.03.17', 0, '', 'ADMIN', '2007-01-01', '0000-00-00', '2019-04-14 22:00:00', '2019-04-14 22:00:00'),
(48, 0, 1, 0, 0, 0, 2147483647, 'iphone 7 32GB 10.03.17', 0, '', 'ADMIN', '2007-01-01', '0000-00-00', '2019-04-14 22:00:00', '2019-04-14 22:00:00'),
(49, 0, 1, 0, 0, 0, 2147483647, 'iphone 7 32GB 10.03.17', 0, '', 'ADMIN', '2007-01-01', '0000-00-00', '2019-04-14 22:00:00', '2019-04-14 22:00:00'),
(50, 0, 1, 0, 0, 0, 2147483647, 'iphone 7 32GB 10.03.17', 0, '', 'ADMIN', '2007-01-01', '0000-00-00', '2019-04-14 22:00:00', '2019-04-14 22:00:00'),
(51, 0, 1, 0, 0, 0, 2147483647, 'iphone 7 32GB 10.03.17', 0, '', 'ADMIN', '2007-01-01', '0000-00-00', '2019-04-14 22:00:00', '2019-04-14 22:00:00'),
(52, 0, 1, 0, 0, 0, 2147483647, 'iphone 7 32GB 10.03.17', 0, '', 'ADMIN', '2007-01-01', '0000-00-00', '2019-04-14 22:00:00', '2019-04-14 22:00:00'),
(53, 0, 1, 0, 0, 0, 2147483647, 'iphone 7 32GB 10.03.17', 0, '', 'ADMIN', '2007-01-01', '0000-00-00', '2019-04-14 22:00:00', '2019-04-14 22:00:00'),
(54, 0, 1, 0, 0, 0, 2147483647, 'iphone 7 32GB 10.03.17', 0, '', 'ADMIN', '2007-01-01', '0000-00-00', '2019-04-14 22:00:00', '2019-04-14 22:00:00'),
(55, 0, 1, 0, 0, 0, 2147483647, 'iphone 7 32GB 10.03.17', 0, '', 'ADMIN', '2007-01-01', '0000-00-00', '2019-04-14 22:00:00', '2019-04-14 22:00:00'),
(56, 0, 1, 0, 0, 0, 2147483647, 'iphone 7 32GB 10.03.17', 0, '', 'ADMIN', '2007-01-01', '0000-00-00', '2019-04-14 22:00:00', '2019-04-14 22:00:00'),
(57, 0, 1, 0, 0, 0, 2147483647, 'iphone 7 32GB 10.03.17', 0, '', 'ADMIN', '2007-01-01', '0000-00-00', '2019-04-14 22:00:00', '2019-04-14 22:00:00'),
(58, 0, 1, 0, 0, 0, 2147483647, 'iphone 7 32GB 10.03.17', 0, '', 'ADMIN', '2007-01-01', '0000-00-00', '2019-04-14 22:00:00', '2019-04-14 22:00:00'),
(59, 0, 1, 0, 0, 0, 2147483647, 'iphone 7 32GB 10.03.17', 0, '', 'ADMIN', '2007-01-01', '0000-00-00', '2019-04-14 22:00:00', '2019-04-14 22:00:00'),
(60, 0, 1, 0, 0, 0, 2147483647, 'iphone 7 32GB 10.03.17', 0, '', 'ADMIN', '2007-01-01', '0000-00-00', '2019-04-14 22:00:00', '2019-04-14 22:00:00'),
(61, 0, 1, 0, 0, 0, 2147483647, 'iphone 7 32GB 10.03.17', 0, '', 'ADMIN', '2007-01-01', '0000-00-00', '2019-04-14 22:00:00', '2019-04-14 22:00:00'),
(62, 0, 1, 0, 0, 0, 2147483647, 'iphone 7 32GB 10.03.17', 0, '', 'ADMIN', '2007-01-01', '0000-00-00', '2019-04-14 22:00:00', '2019-04-14 22:00:00'),
(63, 0, 1, 0, 0, 0, 2147483647, 'iphone 7 32GB 10.03.17', 0, '', 'ADMIN', '2007-01-01', '0000-00-00', '2019-04-14 22:00:00', '2019-04-14 22:00:00'),
(64, 0, 1, 0, 0, 0, 2147483647, 'iphone 7 32GB 10.03.17', 0, '', 'ADMIN', '2007-01-01', '0000-00-00', '2019-04-14 22:00:00', '2019-04-14 22:00:00'),
(65, 0, 1, 0, 0, 0, 2147483647, 'iphone 7 32GB 10.03.17', 0, '', 'ADMIN', '2007-01-01', '0000-00-00', '2019-04-14 22:00:00', '2019-04-14 22:00:00'),
(66, 0, 1, 0, 0, 0, 2147483647, 'iphone 7 32GB 10.03.17', 0, '', 'ADMIN', '2007-01-01', '0000-00-00', '2019-04-14 22:00:00', '2019-04-14 22:00:00'),
(67, 0, 1, 0, 0, 0, 2147483647, 'iphone 7 32GB 10.03.17', 0, '', 'ADMIN', '2007-01-01', '0000-00-00', '2019-04-14 22:00:00', '2019-04-14 22:00:00'),
(68, 0, 1, 0, 0, 0, 2147483647, 'iphone 7 128GB 10.03.17', 0, '', 'ADMIN', '2007-01-01', '0000-00-00', '2019-04-14 22:00:00', '2019-04-14 22:00:00'),
(69, 0, 1, 0, 0, 0, 2147483647, 'iphone 7 128GB 10.03.17', 0, '', 'ADMIN', '2007-01-01', '0000-00-00', '2019-04-14 22:00:00', '2019-04-14 22:00:00'),
(70, 0, 1, 0, 0, 0, 2147483647, 'iphone 7 128GB 10.03.17', 0, '', 'ADMIN', '2007-01-01', '0000-00-00', '2019-04-14 22:00:00', '2019-04-14 22:00:00'),
(71, 0, 1, 0, 0, 0, 2147483647, 'iphone 7 128GB 10.03.17', 0, '', 'ADMIN', '2007-01-01', '0000-00-00', '2019-04-14 22:00:00', '2019-04-14 22:00:00'),
(72, 0, 1, 179131, 0, 0, 2147483647, 'iphone 7 128GB 10.03.17', 0, '', '11305', '2007-01-01', '2017-03-13', '2019-04-14 22:00:00', '2019-04-14 22:00:00'),
(73, 0, 1, 179124, 0, 0, 2147483647, 'iphone 7 128GB 10.03.17', 0, '', '13902', '2007-01-01', '2017-03-13', '2019-04-14 22:00:00', '2019-04-14 22:00:00'),
(74, 0, 1, 0, 0, 0, 2147483647, 'iphone 7 128GB 10.03.17', 0, '', 'ADMIN', '2007-01-01', '2017-03-13', '2019-04-14 22:00:00', '2019-04-14 22:00:00'),
(75, 0, 1, 179120, 0, 0, 2147483647, 'iphone 7 128GB 10.03.17', 0, '', '10469', '2007-01-01', '2017-03-13', '2019-04-14 22:00:00', '2019-04-14 22:00:00'),
(76, 0, 1, 179116, 0, 0, 2147483647, 'iphone 7 128GB 10.03.17', 0, '', '13303', '2007-01-01', '2017-03-13', '2019-04-14 22:00:00', '2019-04-14 22:00:00'),
(77, 0, 1, 179117, 0, 0, 2147483647, 'iphone 7 128GB 10.03.17', 0, '', '10795', '2007-01-01', '2017-03-13', '2019-04-14 22:00:00', '2019-04-14 22:00:00'),
(78, 0, 1, 179108, 0, 0, 2147483647, 'iphone 7 128GB 10.03.17', 0, '', '15552', '2007-01-01', '2017-03-11', '2019-04-14 22:00:00', '2019-04-14 22:00:00'),
(79, 0, 1, 179104, 0, 0, 2147483647, 'iphone 7 128GB 10.03.17', 0, '', '10875', '2007-01-01', '2017-03-10', '2019-04-14 22:00:00', '2019-04-14 22:00:00'),
(80, 0, 1, 179100, 0, 0, 2147483647, 'iphone 7 128GB 10.03.17', 0, '', '13902', '2007-01-01', '2017-03-10', '2019-04-14 22:00:00', '2019-04-14 22:00:00'),
(81, 0, 1, 179097, 0, 0, 2147483647, 'iphone 7 128GB 10.03.17', 0, '', '10721', '2007-01-01', '2017-03-10', '2019-04-14 22:00:00', '2019-04-14 22:00:00'),
(82, 0, 1, 179107, 0, 0, 2147483647, 'iphone 7 128GB 10.03.17', 0, '', '14444', '2007-01-01', '2017-03-10', '2019-04-14 22:00:00', '2019-04-14 22:00:00'),
(83, 0, 1, 179114, 0, 0, 2147483647, 'iphone 7 128GB 10.03.17', 0, '', '10827', '2007-01-01', '2017-03-11', '2019-04-14 22:00:00', '2019-04-14 22:00:00'),
(84, 0, 1, 179116, 0, 0, 2147483647, 'iphone 7 128GB 10.03.17', 0, '', '13303', '2007-01-01', '2017-03-13', '2019-04-14 22:00:00', '2019-04-14 22:00:00'),
(85, 0, 1, 179119, 0, 0, 2147483647, 'iphone 7 128GB 10.03.17', 0, '', '15552', '2007-01-01', '2017-03-13', '2019-04-14 22:00:00', '2019-04-14 22:00:00'),
(86, 0, 1, 179122, 0, 0, 2147483647, 'iphone 7 128GB 10.03.17', 0, '', '14105', '2007-01-01', '2017-03-13', '2019-04-14 22:00:00', '2019-04-14 22:00:00'),
(87, 0, 1, 179124, 0, 0, 2147483647, 'iphone 7 128GB 10.03.17', 0, '', '13902', '2007-01-01', '2017-03-13', '2019-04-14 22:00:00', '2019-04-14 22:00:00'),
(88, 0, 1, 179128, 0, 0, 2147483647, 'iphone 7 128GB 10.03.17', 0, '', '11196', '2007-01-01', '2017-03-13', '2019-04-14 22:00:00', '2019-04-14 22:00:00'),
(89, 0, 1, 0, 0, 0, 2147483647, 'iphone 7 32GB 10.03.17', 0, '', 'ADMIN', '2007-01-01', '0000-00-00', '2019-04-14 22:00:00', '2019-04-14 22:00:00'),
(90, 0, 1, 0, 0, 0, 2147483647, 'iphone 7 32GB 10.03.17', 0, '', 'ADMIN', '2007-01-01', '0000-00-00', '2019-04-14 22:00:00', '2019-04-14 22:00:00'),
(91, 0, 1, 0, 0, 0, 2147483647, 'iphone 7 32GB 10.03.17', 0, '', 'ADMIN', '2007-01-01', '0000-00-00', '2019-04-14 22:00:00', '2019-04-14 22:00:00'),
(92, 0, 1, 0, 0, 0, 2147483647, 'iphone 7 32GB 10.03.17', 0, '', 'ADMIN', '2007-01-01', '0000-00-00', '2019-04-14 22:00:00', '2019-04-14 22:00:00'),
(93, 0, 1, 0, 0, 0, 2147483647, 'iphone 7 32GB 10.03.17', 0, '', 'ADMIN', '2007-01-01', '0000-00-00', '2019-04-14 22:00:00', '2019-04-14 22:00:00'),
(94, 0, 1, 0, 0, 0, 2147483647, 'iphone 7 32GB 10.03.17', 0, '', 'ADMIN', '2007-01-01', '0000-00-00', '2019-04-14 22:00:00', '2019-04-14 22:00:00'),
(95, 0, 1, 0, 0, 0, 2147483647, 'iphone 7 32GB 10.03.17', 0, '', 'ADMIN', '2007-01-01', '0000-00-00', '2019-04-14 22:00:00', '2019-04-14 22:00:00'),
(96, 0, 1, 0, 0, 0, 2147483647, 'iphone 7 32GB 10.03.17', 0, '', 'ADMIN', '2007-01-01', '0000-00-00', '2019-04-14 22:00:00', '2019-04-14 22:00:00'),
(97, 0, 1, 0, 0, 0, 2147483647, 'iphone 7 32GB 10.03.17', 0, '', 'ADMIN', '2007-01-01', '0000-00-00', '2019-04-14 22:00:00', '2019-04-14 22:00:00'),
(98, 0, 1, 0, 0, 0, 2147483647, 'iphone 7 32GB 10.03.17', 0, '', 'ADMIN', '2007-01-01', '0000-00-00', '2019-04-14 22:00:00', '2019-04-14 22:00:00'),
(99, 0, 1, 0, 0, 0, 2147483647, 'iphone 7 32GB 10.03.17', 0, '', 'ADMIN', '2007-01-01', '0000-00-00', '2019-04-14 22:00:00', '2019-04-14 22:00:00'),
(100, 0, 1, 0, 0, 0, 2147483647, 'iphone 7 32GB 10.03.17', 0, '', 'ADMIN', '2007-01-01', '0000-00-00', '2019-04-14 22:00:00', '2019-04-14 22:00:00');

-- --------------------------------------------------------

--
-- Table structure for table `imei_pools`
--

CREATE TABLE `imei_pools` (
  `id` int(10) UNSIGNED NOT NULL,
  `status` smallint(6) NOT NULL,
  `provider_id` int(11) NOT NULL,
  `contract_id` int(11) NOT NULL,
  `vf_gsm_id` int(11) NOT NULL,
  `IMEI` int(15) NOT NULL,
  `device` varchar(191) COLLATE utf8mb4_unicode_ci NOT NULL,
  `package` int(11) NOT NULL,
  `VO` varchar(191) COLLATE utf8mb4_unicode_ci NOT NULL,
  `user` varchar(191) COLLATE utf8mb4_unicode_ci NOT NULL,
  `salesperson_id` int(11) NOT NULL,
  `date` date NOT NULL,
  `award_date` date NOT NULL,
  `created_at` timestamp NULL DEFAULT NULL,
  `updated_at` timestamp NULL DEFAULT NULL
) ENGINE=InnoDB DEFAULT CHARSET=utf8mb4 COLLATE=utf8mb4_unicode_ci;

--
-- Dumping data for table `imei_pools`
--

INSERT INTO `imei_pools` (`id`, `status`, `provider_id`, `contract_id`, `vf_gsm_id`, `IMEI`, `device`, `package`, `VO`, `user`, `salesperson_id`, `date`, `award_date`, `created_at`, `updated_at`) VALUES
(1, 2, 1, 72, 0, 2147483647, 'iPhone 7 32GB schwarz 28.02.17', 0, '', 'ADMIN', 26, '2007-01-01', '0000-00-00', '2019-04-14 22:00:00', '2019-05-13 12:23:25'),
(2, 2, 1, 73, 0, 2147483647, 'iPhone 7 32GB schwarz 28.02.17', 0, '', 'ADMIN', 26, '2007-01-01', '0000-00-00', '2019-04-14 22:00:00', '2019-05-13 12:25:42'),
(3, 2, 1, 74, 0, 2147483647, 'iPhone 7 32GB schwarz 28.02.17', 0, '', 'ADMIN', 26, '2007-01-01', '0000-00-00', '2019-04-14 22:00:00', '2019-05-13 12:28:11'),
(4, 2, 1, 76, 0, 2147483647, 'iPhone 7 32GB schwarz 28.02.17', 0, '', 'ADMIN', 26, '2007-01-01', '0000-00-00', '2019-04-14 22:00:00', '2019-05-13 12:31:46'),
(5, 2, 1, 78, 0, 2147483647, 'iPhone 7 32GB schwarz 28.02.17', 0, '', 'ADMIN', 26, '2007-01-01', '0000-00-00', '2019-04-14 22:00:00', '2019-05-13 13:26:16'),
(6, 0, 1, 0, 0, 2147483647, 'iPhone 7 32GB schwarz 28.02.17', 0, '', 'ADMIN', 0, '2007-01-01', '0000-00-00', '2019-04-14 22:00:00', '2019-04-14 22:00:00'),
(7, 0, 1, 0, 0, 2147483647, 'iPhone 7 32GB schwarz 28.02.17', 0, '', 'ADMIN', 0, '2007-01-01', '0000-00-00', '2019-04-14 22:00:00', '2019-04-14 22:00:00'),
(8, 0, 1, 0, 0, 2147483647, 'iPhone 7 32GB schwarz 28.02.17', 0, '', 'ADMIN', 0, '2007-01-01', '0000-00-00', '2019-04-14 22:00:00', '2019-04-14 22:00:00'),
(9, 0, 1, 0, 0, 2147483647, 'iPhone 7 32GB schwarz 28.02.17', 0, '', 'ADMIN', 0, '2007-01-01', '0000-00-00', '2019-04-14 22:00:00', '2019-04-14 22:00:00'),
(10, 0, 1, 179056, 0, 2147483647, 'iPhone 7 32GB schwarz 28.02.17', 0, '', '10469', 0, '2007-01-01', '2017-03-08', '2019-04-14 22:00:00', '2019-04-14 22:00:00'),
(11, 0, 1, 179057, 0, 2147483647, 'iPhone 7 32GB schwarz 28.02.17', 0, '', '13331', 0, '2007-01-01', '2017-03-08', '2019-04-14 22:00:00', '2019-04-14 22:00:00'),
(12, 0, 1, 179064, 0, 2147483647, 'iPhone 7 32GB schwarz 28.02.17', 0, '', '11305', 0, '2007-01-01', '2017-03-09', '2019-04-14 22:00:00', '2019-04-14 22:00:00'),
(13, 0, 1, 179065, 0, 2147483647, 'iPhone 7 32GB schwarz 28.02.17', 0, '', '11305', 0, '2007-01-01', '2017-03-09', '2019-04-14 22:00:00', '2019-04-14 22:00:00'),
(14, 0, 1, 179067, 0, 2147483647, 'iPhone 7 32GB schwarz 28.02.17', 0, '', '20125', 0, '2007-01-01', '2017-03-09', '2019-04-14 22:00:00', '2019-04-14 22:00:00'),
(15, 0, 1, 179069, 0, 2147483647, 'iPhone 7 32GB schwarz 28.02.17', 0, '', '10469', 0, '2007-01-01', '2017-03-09', '2019-04-14 22:00:00', '2019-04-14 22:00:00'),
(16, 0, 1, 179073, 0, 2147483647, 'iPhone 7 32GB schwarz 28.02.17', 0, '', '14444', 0, '2007-01-01', '2017-03-09', '2019-04-14 22:00:00', '2019-04-14 22:00:00'),
(17, 0, 1, 179076, 0, 2147483647, 'iPhone 7 32GB schwarz 28.02.17', 0, '', '10946', 0, '2007-01-01', '2017-03-09', '2019-04-14 22:00:00', '2019-04-14 22:00:00'),
(18, 0, 1, 179077, 0, 2147483647, 'iPhone 7 32GB schwarz 28.02.17', 0, '', '20016', 0, '2007-01-01', '2017-03-09', '2019-04-14 22:00:00', '2019-04-14 22:00:00'),
(19, 0, 1, 179080, 0, 2147483647, 'iPhone 7 32GB schwarz 28.02.17', 0, '', '15552', 0, '2007-01-01', '2017-03-09', '2019-04-14 22:00:00', '2019-04-14 22:00:00'),
(20, 0, 1, 179082, 0, 2147483647, 'iPhone 7 32GB schwarz 28.02.17', 0, '', '50000', 0, '2007-01-01', '2017-03-09', '2019-04-14 22:00:00', '2019-04-14 22:00:00'),
(21, 0, 1, 179081, 0, 2147483647, 'iPhone 7 32GB schwarz 28.02.17', 0, '', '10875', 0, '2007-01-01', '2017-03-09', '2019-04-14 22:00:00', '2019-04-14 22:00:00'),
(22, 0, 1, 179084, 0, 2147483647, 'iPhone 7 32GB schwarz 28.02.17', 0, '', '15552', 0, '2007-01-01', '2017-03-09', '2019-04-14 22:00:00', '2019-04-14 22:00:00'),
(23, 0, 1, 179241, 0, 2147483647, 'iphone 7 32GB 10.03.17', 0, '', '14238', 0, '2007-01-01', '2017-03-20', '2019-04-14 22:00:00', '2019-04-14 22:00:00'),
(24, 0, 1, 179241, 0, 2147483647, 'iphone 7 32GB 10.03.17', 0, '', '14238', 0, '2007-01-01', '2017-03-20', '2019-04-14 22:00:00', '2019-04-14 22:00:00'),
(25, 0, 1, 179243, 0, 2147483647, 'iphone 7 32GB 10.03.17', 0, '', '50000', 0, '2007-01-01', '2017-03-20', '2019-04-14 22:00:00', '2019-04-14 22:00:00'),
(26, 0, 1, 179245, 0, 2147483647, 'iphone 7 32GB 10.03.17', 0, '', '13902', 0, '2007-01-01', '2017-03-20', '2019-04-14 22:00:00', '2019-04-14 22:00:00'),
(27, 0, 1, 179247, 0, 2147483647, 'iphone 7 32GB 10.03.17', 0, '', '14444', 0, '2007-01-01', '2017-03-20', '2019-04-14 22:00:00', '2019-04-14 22:00:00'),
(28, 0, 1, 179252, 0, 2147483647, 'iphone 7 32GB 10.03.17', 0, '', '14238', 0, '2007-01-01', '2017-03-20', '2019-04-14 22:00:00', '2019-04-14 22:00:00'),
(29, 0, 1, 179284, 0, 2147483647, 'iphone 7 32GB 10.03.17', 0, '', '10469', 0, '2007-01-01', '2017-03-22', '2019-04-14 22:00:00', '2019-04-14 22:00:00'),
(30, 0, 1, 179257, 0, 2147483647, 'iphone 7 32GB 10.03.17', 0, '', '14238', 0, '2007-01-01', '2017-03-21', '2019-04-14 22:00:00', '2019-04-14 22:00:00'),
(31, 0, 1, 0, 0, 2147483647, 'iphone 7 32GB 10.03.17', 0, '', 'ADMIN', 0, '2007-01-01', '0000-00-00', '2019-04-14 22:00:00', '2019-04-14 22:00:00'),
(32, 0, 1, 0, 0, 2147483647, 'iphone 7 32GB 10.03.17', 0, '', 'ADMIN', 0, '2007-01-01', '0000-00-00', '2019-04-14 22:00:00', '2019-04-14 22:00:00'),
(33, 0, 1, 0, 0, 2147483647, 'iphone 7 32GB 10.03.17', 0, '', 'ADMIN', 0, '2007-01-01', '0000-00-00', '2019-04-14 22:00:00', '2019-04-14 22:00:00'),
(34, 0, 1, 0, 0, 2147483647, 'iphone 7 32GB 10.03.17', 0, '', 'ADMIN', 0, '2007-01-01', '0000-00-00', '2019-04-14 22:00:00', '2019-04-14 22:00:00'),
(35, 0, 1, 0, 0, 2147483647, 'iphone 7 32GB 10.03.17', 0, '', 'ADMIN', 0, '2007-01-01', '0000-00-00', '2019-04-14 22:00:00', '2019-04-14 22:00:00'),
(36, 0, 1, 0, 0, 2147483647, 'iphone 7 32GB 10.03.17', 0, '', 'ADMIN', 0, '2007-01-01', '0000-00-00', '2019-04-14 22:00:00', '2019-04-14 22:00:00'),
(37, 0, 1, 0, 0, 2147483647, 'iphone 7 32GB 10.03.17', 0, '', 'ADMIN', 0, '2007-01-01', '0000-00-00', '2019-04-14 22:00:00', '2019-04-14 22:00:00'),
(38, 0, 1, 0, 0, 2147483647, 'iphone 7 32GB 10.03.17', 0, '', 'ADMIN', 0, '2007-01-01', '0000-00-00', '2019-04-14 22:00:00', '2019-04-14 22:00:00'),
(39, 0, 1, 0, 0, 2147483647, 'iphone 7 32GB 10.03.17', 0, '', 'ADMIN', 0, '2007-01-01', '0000-00-00', '2019-04-14 22:00:00', '2019-04-14 22:00:00'),
(40, 0, 1, 0, 0, 2147483647, 'iphone 7 32GB 10.03.17', 0, '', 'ADMIN', 0, '2007-01-01', '0000-00-00', '2019-04-14 22:00:00', '2019-04-14 22:00:00'),
(41, 0, 1, 0, 0, 2147483647, 'iphone 7 32GB 10.03.17', 0, '', 'ADMIN', 0, '2007-01-01', '0000-00-00', '2019-04-14 22:00:00', '2019-04-14 22:00:00'),
(42, 0, 1, 0, 0, 2147483647, 'iphone 7 32GB 10.03.17', 0, '', 'ADMIN', 0, '2007-01-01', '0000-00-00', '2019-04-14 22:00:00', '2019-04-14 22:00:00'),
(43, 0, 1, 0, 0, 2147483647, 'iphone 7 32GB 10.03.17', 0, '', 'ADMIN', 0, '2007-01-01', '0000-00-00', '2019-04-14 22:00:00', '2019-04-14 22:00:00'),
(44, 0, 1, 0, 0, 2147483647, 'iphone 7 32GB 10.03.17', 0, '', 'ADMIN', 0, '2007-01-01', '0000-00-00', '2019-04-14 22:00:00', '2019-04-14 22:00:00'),
(45, 0, 1, 0, 0, 2147483647, 'iphone 7 32GB 10.03.17', 0, '', 'ADMIN', 0, '2007-01-01', '0000-00-00', '2019-04-14 22:00:00', '2019-04-14 22:00:00'),
(46, 0, 1, 0, 0, 2147483647, 'iphone 7 32GB 10.03.17', 0, '', 'ADMIN', 0, '2007-01-01', '0000-00-00', '2019-04-14 22:00:00', '2019-04-14 22:00:00'),
(47, 0, 1, 0, 0, 2147483647, 'iphone 7 32GB 10.03.17', 0, '', 'ADMIN', 0, '2007-01-01', '0000-00-00', '2019-04-14 22:00:00', '2019-04-14 22:00:00'),
(48, 0, 1, 0, 0, 2147483647, 'iphone 7 32GB 10.03.17', 0, '', 'ADMIN', 0, '2007-01-01', '0000-00-00', '2019-04-14 22:00:00', '2019-04-14 22:00:00'),
(49, 0, 1, 0, 0, 2147483647, 'iphone 7 32GB 10.03.17', 0, '', 'ADMIN', 0, '2007-01-01', '0000-00-00', '2019-04-14 22:00:00', '2019-04-14 22:00:00'),
(50, 0, 1, 0, 0, 2147483647, 'iphone 7 32GB 10.03.17', 0, '', 'ADMIN', 0, '2007-01-01', '0000-00-00', '2019-04-14 22:00:00', '2019-04-14 22:00:00'),
(51, 0, 1, 0, 0, 2147483647, 'iphone 7 32GB 10.03.17', 0, '', 'ADMIN', 0, '2007-01-01', '0000-00-00', '2019-04-14 22:00:00', '2019-04-14 22:00:00'),
(52, 0, 1, 0, 0, 2147483647, 'iphone 7 32GB 10.03.17', 0, '', 'ADMIN', 0, '2007-01-01', '0000-00-00', '2019-04-14 22:00:00', '2019-04-14 22:00:00'),
(53, 0, 1, 0, 0, 2147483647, 'iphone 7 32GB 10.03.17', 0, '', 'ADMIN', 0, '2007-01-01', '0000-00-00', '2019-04-14 22:00:00', '2019-04-14 22:00:00'),
(54, 0, 1, 0, 0, 2147483647, 'iphone 7 32GB 10.03.17', 0, '', 'ADMIN', 0, '2007-01-01', '0000-00-00', '2019-04-14 22:00:00', '2019-04-14 22:00:00'),
(55, 0, 1, 0, 0, 2147483647, 'iphone 7 32GB 10.03.17', 0, '', 'ADMIN', 0, '2007-01-01', '0000-00-00', '2019-04-14 22:00:00', '2019-04-14 22:00:00'),
(56, 0, 1, 0, 0, 2147483647, 'iphone 7 32GB 10.03.17', 0, '', 'ADMIN', 0, '2007-01-01', '0000-00-00', '2019-04-14 22:00:00', '2019-04-14 22:00:00'),
(57, 0, 1, 0, 0, 2147483647, 'iphone 7 32GB 10.03.17', 0, '', 'ADMIN', 0, '2007-01-01', '0000-00-00', '2019-04-14 22:00:00', '2019-04-14 22:00:00'),
(58, 0, 1, 0, 0, 2147483647, 'iphone 7 32GB 10.03.17', 0, '', 'ADMIN', 0, '2007-01-01', '0000-00-00', '2019-04-14 22:00:00', '2019-04-14 22:00:00'),
(59, 0, 1, 0, 0, 2147483647, 'iphone 7 32GB 10.03.17', 0, '', 'ADMIN', 0, '2007-01-01', '0000-00-00', '2019-04-14 22:00:00', '2019-04-14 22:00:00'),
(60, 0, 1, 0, 0, 2147483647, 'iphone 7 32GB 10.03.17', 0, '', 'ADMIN', 0, '2007-01-01', '0000-00-00', '2019-04-14 22:00:00', '2019-04-14 22:00:00'),
(61, 0, 1, 0, 0, 2147483647, 'iphone 7 32GB 10.03.17', 0, '', 'ADMIN', 0, '2007-01-01', '0000-00-00', '2019-04-14 22:00:00', '2019-04-14 22:00:00'),
(62, 0, 1, 0, 0, 2147483647, 'iphone 7 32GB 10.03.17', 0, '', 'ADMIN', 0, '2007-01-01', '0000-00-00', '2019-04-14 22:00:00', '2019-04-14 22:00:00'),
(63, 0, 1, 0, 0, 2147483647, 'iphone 7 32GB 10.03.17', 0, '', 'ADMIN', 0, '2007-01-01', '0000-00-00', '2019-04-14 22:00:00', '2019-04-14 22:00:00'),
(64, 0, 1, 0, 0, 2147483647, 'iphone 7 32GB 10.03.17', 0, '', 'ADMIN', 0, '2007-01-01', '0000-00-00', '2019-04-14 22:00:00', '2019-04-14 22:00:00'),
(65, 0, 1, 0, 0, 2147483647, 'iphone 7 32GB 10.03.17', 0, '', 'ADMIN', 0, '2007-01-01', '0000-00-00', '2019-04-14 22:00:00', '2019-04-14 22:00:00'),
(66, 0, 1, 0, 0, 2147483647, 'iphone 7 32GB 10.03.17', 0, '', 'ADMIN', 0, '2007-01-01', '0000-00-00', '2019-04-14 22:00:00', '2019-04-14 22:00:00'),
(67, 0, 1, 0, 0, 2147483647, 'iphone 7 32GB 10.03.17', 0, '', 'ADMIN', 0, '2007-01-01', '0000-00-00', '2019-04-14 22:00:00', '2019-04-14 22:00:00'),
(68, 0, 1, 0, 0, 2147483647, 'iphone 7 128GB 10.03.17', 0, '', 'ADMIN', 0, '2007-01-01', '0000-00-00', '2019-04-14 22:00:00', '2019-04-14 22:00:00'),
(69, 0, 1, 0, 0, 2147483647, 'iphone 7 128GB 10.03.17', 0, '', 'ADMIN', 0, '2007-01-01', '0000-00-00', '2019-04-14 22:00:00', '2019-04-14 22:00:00'),
(70, 0, 1, 0, 0, 2147483647, 'iphone 7 128GB 10.03.17', 0, '', 'ADMIN', 0, '2007-01-01', '0000-00-00', '2019-04-14 22:00:00', '2019-04-14 22:00:00'),
(71, 0, 1, 0, 0, 2147483647, 'iphone 7 128GB 10.03.17', 0, '', 'ADMIN', 0, '2007-01-01', '0000-00-00', '2019-04-14 22:00:00', '2019-04-14 22:00:00'),
(72, 0, 1, 179131, 0, 2147483647, 'iphone 7 128GB 10.03.17', 0, '', '11305', 0, '2007-01-01', '2017-03-13', '2019-04-14 22:00:00', '2019-04-14 22:00:00'),
(73, 0, 1, 179124, 0, 2147483647, 'iphone 7 128GB 10.03.17', 0, '', '13902', 0, '2007-01-01', '2017-03-13', '2019-04-14 22:00:00', '2019-04-14 22:00:00'),
(74, 0, 1, 0, 0, 2147483647, 'iphone 7 128GB 10.03.17', 0, '', 'ADMIN', 0, '2007-01-01', '2017-03-13', '2019-04-14 22:00:00', '2019-04-14 22:00:00'),
(75, 0, 1, 179120, 0, 2147483647, 'iphone 7 128GB 10.03.17', 0, '', '10469', 0, '2007-01-01', '2017-03-13', '2019-04-14 22:00:00', '2019-04-14 22:00:00'),
(76, 0, 1, 179116, 0, 2147483647, 'iphone 7 128GB 10.03.17', 0, '', '13303', 0, '2007-01-01', '2017-03-13', '2019-04-14 22:00:00', '2019-04-14 22:00:00'),
(77, 0, 1, 179117, 0, 2147483647, 'iphone 7 128GB 10.03.17', 0, '', '10795', 0, '2007-01-01', '2017-03-13', '2019-04-14 22:00:00', '2019-04-14 22:00:00'),
(78, 0, 1, 179108, 0, 2147483647, 'iphone 7 128GB 10.03.17', 0, '', '15552', 0, '2007-01-01', '2017-03-11', '2019-04-14 22:00:00', '2019-04-14 22:00:00'),
(79, 0, 1, 179104, 0, 2147483647, 'iphone 7 128GB 10.03.17', 0, '', '10875', 0, '2007-01-01', '2017-03-10', '2019-04-14 22:00:00', '2019-04-14 22:00:00'),
(80, 0, 1, 179100, 0, 2147483647, 'iphone 7 128GB 10.03.17', 0, '', '13902', 0, '2007-01-01', '2017-03-10', '2019-04-14 22:00:00', '2019-04-14 22:00:00'),
(81, 0, 1, 179097, 0, 2147483647, 'iphone 7 128GB 10.03.17', 0, '', '10721', 0, '2007-01-01', '2017-03-10', '2019-04-14 22:00:00', '2019-04-14 22:00:00'),
(82, 0, 1, 179107, 0, 2147483647, 'iphone 7 128GB 10.03.17', 0, '', '14444', 0, '2007-01-01', '2017-03-10', '2019-04-14 22:00:00', '2019-04-14 22:00:00'),
(83, 0, 1, 179114, 0, 2147483647, 'iphone 7 128GB 10.03.17', 0, '', '10827', 0, '2007-01-01', '2017-03-11', '2019-04-14 22:00:00', '2019-04-14 22:00:00'),
(84, 0, 1, 179116, 0, 2147483647, 'iphone 7 128GB 10.03.17', 0, '', '13303', 0, '2007-01-01', '2017-03-13', '2019-04-14 22:00:00', '2019-04-14 22:00:00'),
(85, 0, 1, 179119, 0, 2147483647, 'iphone 7 128GB 10.03.17', 0, '', '15552', 0, '2007-01-01', '2017-03-13', '2019-04-14 22:00:00', '2019-04-14 22:00:00'),
(86, 0, 1, 179122, 0, 2147483647, 'iphone 7 128GB 10.03.17', 0, '', '14105', 0, '2007-01-01', '2017-03-13', '2019-04-14 22:00:00', '2019-04-14 22:00:00'),
(87, 0, 1, 179124, 0, 2147483647, 'iphone 7 128GB 10.03.17', 0, '', '13902', 0, '2007-01-01', '2017-03-13', '2019-04-14 22:00:00', '2019-04-14 22:00:00'),
(88, 0, 1, 179128, 0, 2147483647, 'iphone 7 128GB 10.03.17', 0, '', '11196', 0, '2007-01-01', '2017-03-13', '2019-04-14 22:00:00', '2019-04-14 22:00:00'),
(89, 0, 1, 0, 0, 2147483647, 'iphone 7 32GB 10.03.17', 0, '', 'ADMIN', 0, '2007-01-01', '0000-00-00', '2019-04-14 22:00:00', '2019-04-14 22:00:00'),
(90, 0, 1, 0, 0, 2147483647, 'iphone 7 32GB 10.03.17', 0, '', 'ADMIN', 0, '2007-01-01', '0000-00-00', '2019-04-14 22:00:00', '2019-04-14 22:00:00'),
(91, 0, 1, 0, 0, 2147483647, 'iphone 7 32GB 10.03.17', 0, '', 'ADMIN', 0, '2007-01-01', '0000-00-00', '2019-04-14 22:00:00', '2019-04-14 22:00:00'),
(92, 0, 1, 0, 0, 2147483647, 'iphone 7 32GB 10.03.17', 0, '', 'ADMIN', 0, '2007-01-01', '0000-00-00', '2019-04-14 22:00:00', '2019-04-14 22:00:00'),
(93, 0, 1, 0, 0, 2147483647, 'iphone 7 32GB 10.03.17', 0, '', 'ADMIN', 0, '2007-01-01', '0000-00-00', '2019-04-14 22:00:00', '2019-04-14 22:00:00'),
(94, 0, 1, 0, 0, 2147483647, 'iphone 7 32GB 10.03.17', 0, '', 'ADMIN', 0, '2007-01-01', '0000-00-00', '2019-04-14 22:00:00', '2019-04-14 22:00:00'),
(95, 0, 1, 0, 0, 2147483647, 'iphone 7 32GB 10.03.17', 0, '', 'ADMIN', 0, '2007-01-01', '0000-00-00', '2019-04-14 22:00:00', '2019-04-14 22:00:00'),
(96, 0, 1, 0, 0, 2147483647, 'iphone 7 32GB 10.03.17', 0, '', 'ADMIN', 0, '2007-01-01', '0000-00-00', '2019-04-14 22:00:00', '2019-04-14 22:00:00'),
(97, 0, 1, 0, 0, 2147483647, 'iphone 7 32GB 10.03.17', 0, '', 'ADMIN', 0, '2007-01-01', '0000-00-00', '2019-04-14 22:00:00', '2019-04-14 22:00:00'),
(98, 0, 1, 0, 0, 2147483647, 'iphone 7 32GB 10.03.17', 0, '', 'ADMIN', 0, '2007-01-01', '0000-00-00', '2019-04-14 22:00:00', '2019-04-14 22:00:00'),
(99, 0, 1, 0, 0, 2147483647, 'iphone 7 32GB 10.03.17', 0, '', 'ADMIN', 0, '2007-01-01', '0000-00-00', '2019-04-14 22:00:00', '2019-04-14 22:00:00'),
(100, 0, 1, 0, 0, 2147483647, 'iphone 7 32GB 10.03.17', 0, '', 'ADMIN', 0, '2007-01-01', '0000-00-00', '2019-04-14 22:00:00', '2019-04-14 22:00:00');

-- --------------------------------------------------------

--
-- Table structure for table `law_texts`
--

CREATE TABLE `law_texts` (
  `id` int(10) UNSIGNED NOT NULL,
  `code` varchar(191) COLLATE utf8mb4_unicode_ci NOT NULL,
  `content` text COLLATE utf8mb4_unicode_ci NOT NULL,
  `created_at` timestamp NULL DEFAULT NULL,
  `updated_at` timestamp NULL DEFAULT NULL
) ENGINE=InnoDB DEFAULT CHARSET=utf8mb4 COLLATE=utf8mb4_unicode_ci;

--
-- Dumping data for table `law_texts`
--

INSERT INTO `law_texts` (`id`, `code`, `content`, `created_at`, `updated_at`) VALUES
(1, 'Für alle Red-Tarife gilt:', 'Für alle Red-Tarife gilt: Für alle Red-Tarife gilt: 24 Monate Mindestlaufzeit, 3 Monate Kündigungsfrist, 39,99? einmaliger Anschlusspreis.\r\nAktion bis 31.07.2019: Bei gleichzeitiger Buchung von zwei oder mehr Vertrags-Tarifen, zahlst Du nur eine einmalige Anschlussgebühr in\r\nH?he von 39,99 ? f?r den ersten Tarif. Die Anschlusspreise der weiteren gebuchten Tarife entfallen. Falls Du nicht rechtzeitig k?ndigst,\r\nverl?ngert sich der Tarif automatisch um 12 Monate. Vodafone ist berechtigt, das Vertragsverh?ltnis au?erordentlich zu k?ndigen, wenn die\r\nSumme der Gespr?chsminuten f?r Standardgespr?che ins dt. Vodafone-Netz mehr als 15.000 Minuten/Monat (Abrechnung minutengenau)\r\nbetr?gt. Du darfst den Tarif nicht kommerzialisieren (z. B. kostenpflichtiges ?berlassen an Dritte). F?r Deinen Tarif zahlst Du den monatlichen\r\nBasispreis immer im Voraus, zus?tzlich auf der 1. Rechnung den anteiligen Basispreis f?r den 1. Monat. Eventuelle Rabatte ziehen wir jeweils\r\nab (gilt nicht bei Rahmenvertrag). F?r die Red-Tarife XS-L gilt: Wenn Du 80 % Deiner Highspeed-MB verbraucht hast, informieren wir Dich per\r\nSMS, wie Du die Bandbreitenbeschr?nkung auf 32 kbit/s vermeiden kannst. Wenn Du 100 % Deines im Tarif enthaltenen Datenvolumens\r\nverbraucht hast, schalten wir h?chstens 3-mal hintereinander Datenvolumen-Pakete mit je 250 MB innerhalb des Rechnungsmonats f?r Dich\r\nfrei. Kosten von je 3? pro Datenvolumen-Paket in H?he von 250 MB. Du kannst die kostenpflichtige Zubuchung per SMS ablehnen ? dann\r\nsurfst Du ab Verbrauch von 100% langsamer mit bis zu 32 kbit/s. Die Beschr?nkung der Bandbreite gilt dann auch f?r die Nutzung des\r\nVodafone Passes.', '2019-06-25 22:00:00', '2019-06-26 12:35:46'),
(2, 'Red XS', 'Red XS: mtl. Paketpreis 29,99 Euro (je nach verg?nstigtem Handy 34,99 Euro, 39,99 Euro, 44,99 Euro, 54,99 Euro oder 59,99 Euro). Aktion\nbis 31.07.2019: Neukunden erhalten bei Vertragsabschluss mit Premium-Smartphone (Sub 25 oder Sub 30) ein Startguthaben in H?he von\n100 ?. Das Startguthaben wird als Gutschrift auf die monatlichen Rechnungen gew?hrt und kann nicht ausgezahlt werden. Flat f?r\nStandardgespr?che sowie SMS- & MMS-Flat in alle dt. Netze inkl. (exkl. Konferenzverbindungen & Anrufe bzw. SMS/MMS zu Sondernummern\nund im Internet). F?rs Surfen im dt. Vodafone-Netz ?ber web.vodafone.de hast Du ein Inklusiv-Volumen von 4 GB pro Abrechnungszeitraum.\nBei Vertragsschluss ist ein Vodafone Pass nach Wahl inklusive (Chat-, Social- oder Music-Pass)', '2019-06-25 22:00:00', '2019-06-26 22:00:00'),
(3, 'Red S', 'Red S: mtl. Paketpreis 39,99 Euro (je nach verg?nstigtem Handy 44,99 Euro, 49,99 Euro, 54,99 Euro, 64,99 Euro oder 69,99 Euro). Aktion bis\n31.07.2019: Neukunden erhalten bei Vertragsabschluss mit Premium-Smartphone (Sub 25 oder Sub 30) ein Startguthaben in H?he von 100\n?. Das Startguthaben wird als Gutschrift auf die monatlichen Rechnungen gew?hrt und kann nicht ausgezahlt werden. Flat f?r\nStandardgespr?che sowie SMS- & MMS-Flat in alle dt. Netze inkl. (exkl. Konferenzverbindungen & Anrufe bzw. SMS/MMS zu Sondernummern\nund im Internet). F?rs Surfen im dt. Vodafone-Netz ?ber web.vodafone.de hast Du ein Inklusiv-Volumen von 8 GB pro Abrechnungszeitraum.\nBei Vertragsschluss ist ein Vodafone Pass nach Wahl inklusive (Chat-, Social-, Music- oder Video-Pass)', '2019-06-25 22:00:00', '2019-06-26 22:00:00'),
(4, 'Red M', 'Red M: mtl. Paketpreis 49,99 Euro (je nach verg?nstigtem Handy 54,99 Euro, 59,99 Euro, 64,99 Euro, 74,99 Euro oder 79,99 Euro). Aktion bis\nzum 31.07.2019: Neukunden erhalten 6 x 10 ? Rabatt auf den mtl. Paketpreis. Aktion bis 31.07.2019: Neukunden erhalten bei\nVertragsabschluss mit Premium-Smartphone (Sub 25 oder Sub 30) ein Startguthaben in H?he von 100 ?. Das Startguthaben wird als\nGutschrift auf die monatlichen Rechnungen gew?hrt und kann nicht ausgezahlt werden. Flat f?r Standardgespr?che sowie SMS- & MMS-Flat\nin alle dt. Netze inkl. (exkl. Konferenzverbindungen & Anrufe bzw. SMS/MMS zu Sondernummern und im Internet). F?rs Surfen im dt.\nVodafone-Netz ?ber web.vodafone.de hast Du ein Inklusiv-Volumen von 16 GB pro Abrechnungszeitraum. Bei Vertragsschluss ist ein\nVodafone Pass nach Wahl inklusive (Chat-, Social-, Music- oder Video-Pass).', '2019-06-25 22:00:00', '2019-06-26 22:00:00'),
(5, 'Red L', 'Red L: mtl. Paketpreis 59,99 Euro (je nach verg?nstigtem Handy 64,99 Euro, 69,99 Euro, 74,99 Euro, 84,99 Euro oder 89,99 Euro). Aktion bis\nzum 31.07.2019: Neukunden erhalten 6 x 10 ? Rabatt auf den mtl. Paketpreis. Aktion bis 31.07.2019: Neukunden erhalten bei\nVertragsabschluss mit Premium-Smartphone (Sub 25 oder Sub 30) ein Startguthaben in H?he von 100 ?. Das Startguthaben wird als\nGutschrift auf die monatlichen Rechnungen gew?hrt und kann nicht ausgezahlt werden. Flat f?r Standardgespr?che sowie SMS- & MMS-Flat\nin alle dt. Netze inkl. (exkl. Konferenzverbindungen & Anrufe bzw. SMS/MMS zu Sondernummern und im Internet). F?rs Surfen im dt.\nVodafone-Netz ?ber web.vodafone.de hast Du ein Inklusiv-Volumen von 32 GB pro Abrechnungszeitraum. Bei Vertragsschluss ist ein\nVodafone Pass nach Wahl inklusive (Chat-, Social-, Music- oder Video-Pass)', '2019-06-25 22:00:00', '2019-06-26 22:00:00'),
(6, 'Red XL', 'Red XL: mtl. Paketpreis 79,99 Euro (je nach verg?nstigtem Handy 84,99 Euro, 89,99 Euro, 94,99 Euro, 99,99 Euro oder 109,99 Euro). Mit Flat\nf?r Standardgespr?che in alle deutschen Mobilfunknetze und ins deutsche Festnetz, gilt nicht f?r Konferenzverbindungen und Anrufe zu\nSondernrn. Mit SMS- und MMS-Flat in alle deutschen Netze, gilt nicht f?r SMS und MMS zu Sondernummern und im Internet. Unbegrenztes\nDatenvolumen f?r das Surfen im deutschen Vodafone-Netz ?ber den Zugang web.vodafone.de. Im Red XL nutzt Du im EU Ausland ein\nDatenvolumen von 30 GB. Nach Verbrauch werden 0,53 Cent pro MB, f?r das Surfen im Internet berechnet.', '2019-06-25 22:00:00', '2019-06-26 22:00:00'),
(7, 'Vodafone-Pass', 'Vodafone-Pass: Mit dem Vodafone-Pass nutzt Du ausgew?hlte Apps ohne Dein inkludiertes Tarif-Datenvolumen zu verbrauchen. Ein\nVodafone Pass (Chat-, Social-, Music-, Video-Pass) Deiner Wahl ist in den Red-Tarifen XS-L kostenlos aktivierbar. Der Video-Pass ist in den\nTarifen Red S-L w?hlbar. Sprach- und Videotelefonie, Werbung und das ?ffnen von externen Links sind nicht im Vodafone Pass enthalten und\nwerden auf das Tarif-Datenvolumen angerechnet. Einzelne Features bestimmter Apps werden auch angerechnet. Die jeweils aktuellen\nPartner-Apps, weitere Informationen & alle Einschr?nkungen unter vodafone.de/pass oder in der MeinVodafone-App. Sollte ein Partner\nwegfallen, werden wir den Kunden vorab aktiv informieren (z. B. per SMS). Die Dienste teilnehmender Partner sind nicht Gegenstand des\nVodafone Passes, f?r diese gelten die Nutzungsbedingungen des jeweiligen Partners. Der Vodafone Pass bezieht sich ausschlie?lich auf die\nNutzung innerhalb der mobilen Partner-App (z. B. nicht auf die Partner-Webseite). Der Vodafone Pass gilt nur im Inland. In den Tarifen Red\nXS-L kannst Du weitere P?sse kostenpflichtig hinzubuchen. Die Zubuchung eines kostenpflichtigen Vodafone Pass ist auch in den Tarifen\nRed+ Allnet & Red+ Data m?glich. Chat-, Social- & Music-Pass kosten 5 ?/Monat. Der Video-Pass kostet 10 ?/Monat. 24 Monate\nMindestlaufzeit, 3 Monate K?ndigungsfrist. Falls Du nicht rechtzeitig k?ndigst, verl?ngert sich der Vodafone Pass automatisch um 1 Jahr.', '2019-06-25 22:00:00', '2019-06-26 22:00:00'),
(8, 'Gaming-Pass', 'Gaming-Pass: Nutze in teilnehmenden Tarifen (Red 2016, Red 2017, Red 2019, Red+ Allnet, Red+ Data) ausgew?hlte Spiele-Apps ohne\nDein Tarif-Datenvolumen zu verbrauchen. Am Gaming-Pass nehmen Spiele teil, die im Multiplayer Modus ?ber eine Online Verbindung\ngespielt werden und der Spielzweck eine Interaktion mit anderen Spielern ist. Sollte ein Partner einen Pass verlassen, werden wir den Kunden\nvorab aktiv informieren (z.B. per SMS). Die Dienste teilnehmender Partner sind nicht Gegenstand des Vodafone Pass, f?r diese gelten die\nNutzungsbedingungen des jeweiligen Partners. Das Laden von Werbung oder sonstigen Inhalten, die nicht zum Spiel geh?ren sind nicht\nenthalten. Einzelne Features bestimmter Apps werden ebenfalls angerechnet. Mit dem Gaming-Pass nutzt Du im Inland aktuell\n17.06.219 bis 31.07.2019teilnehmende Apps ohne Dein inkludiertes Tarif-Datenvolumen zu verbrauchen. Bei Nutzung im Ausland (Roaming) wird das Streaming der\nSpiele auf das Inklusiv-Volumen des zugrundeliegenden Tarifs angerechnet. Wir behalten uns vor den Gaming-Pass zuk?nftig auch im EUAusland anzubieten. F?r diesen Fall gilt die Fair Usage Policy mit einer maximal m?glichen Nutzung des Gaming-Pass im EU-Ausland von 5\nGB Datenvolumen monatlich. Nach Verbrauch der 5 GB wird die Vodafone Pass Nutzung auf das inkludierte Datenvolumen angerechnet.\nSolltest Du kein Highspeed-Datenvolumen mehr haben und wird dadurch die Geschwindigkeit gedrosselt, gilt die Drosselung auch f?r Deinen\nGaming-Pass. Damit wir die in Deinem Gaming-Pass inkludierten Apps identifizieren k?nnen, verwenden wir Deine Mobilfunknummer und\ndie Web- Adresse, unter der Du die App abrufst. Die Inhalte, die Du mit der App nutzst, erfassen wir nicht. Du darfst den Gaming-Pass\nausschlie?lich als Privatperson nutzen. Der Daten-Verbrauch bei Nutzung ?ber Tethering (Hotspot) oder ?ber ein Virtual Private Network\n(VPN) wird auf das Tarif-Datenvolumen angerechnet. Vodafone beh?lt sich vor, dass Videos SD-Qualit?t (480p) beschr?nkt sind, sofern dies\nrechtskonform (insbesondere in Einklang mit Verordnung (EU) 2015/2120) unter Ber?cksichtigung der Verwaltungspraxis und der\nRechtsprechung erfolgt. In den Tarifen Young S-XL (ab 25.10.17) kannst Du den Vodafone-Gaming-Pass kostenlos hinzubuchen. Der GamingPass ist in den Tarifen Young XXL Unlimited, Red XL Unlimited und Red+ Kids nicht zubuchbar. Der Gaming-Pass kann monatlich gek?ndigt\nwerden (K?ndigung 1 Tag vor Ablauf des Monats). Falls Du nicht rechtzeitig k?ndigst, verl?ngert sich der Gaming-Pass automatisch um einen\nMonat. Endet der Mobilfunktarif, an den der kostenpflichtige Gaming-Pass gekoppelt ist, oder wechsel in einen Tarif, der nicht mit dem\nGaming-Pass kombinierbar ist (z.B. Red XL Unlimited), endet auch die Laufzeit des kostenpflichtigen Gaming-Pass, ohne dass eine separate\nK?ndigung des Gaming-Pass erfolgen muss. Wechselst Du in einen Tarif, der mit dem Gaming-Pass kombinierbar ist, ?ndert sich nichts an der\nLaufzeit des kostenpflichtigen Gaming Passes. Der Gaming-Pass kann nicht mit den Vodafone P?ssen, insb. Chat, Social, Music oder Video,\ngetauscht werden.', '2019-06-25 22:00:00', '2019-06-26 22:00:00'),
(9, 'GigaSpeed', 'GigaSpeed: Mit Deinem Tarif profitierst Du von der f?r Dich maximal verf?gbaren Geschwindigkeit beim Surfen. Max 4G|LTE mit einer\nGeschwindigkeit von bis zu 500 Mbit/s im Download und bis zu 100 Mbit/s im Upload steht derzeit in ?ber 40 St?dten, eine UploadGeschwindigkeit von bis zu 100 Mbit/s sogar in ?ber 450 St?dten zur Verf?gung. Deine individuelle Bandbreite h?ngt z. B. von Deinem\nStandort, Deinem Ger?t und der Anzahl gleichzeitiger Nutzer in Deiner Funkzelle ab. Durchschnitt laut Connect Test-Ausgabe 1/2018: 44,53\nMbit/s im Download und 18,83 Mbit/s im Upload in Stadtgebieten (Walktest). Eine Liste der St?dte und alle Infos zum Netzausbau sowie zur\nBandbreite vor Ort findest Du auf vodafone.de/netz.', '2019-06-25 22:00:00', '2019-06-26 22:00:00'),
(10, 'EU-Roaming', 'EU-Roaming: Du nutzt Deinen Vodafone-Inlandstarif jetzt auch ohne Zusatzkosten im EU-Ausland wie zuhause. Das gilt f?r ankommende\nund abgehende Anrufe innerhalb der EU und nach Deutschland, f?r SMS und MMS sowie f?rs Surfen. Gespr?che zu Sonderrufnummern sowie\nAnrufe und SMS von Deutschland in das EU-Ausland sind nicht eingeschlossen. Nach Verbrauch Deiner Highspeed-MB kannst Du, wie in\nDeutschland, zus?tzliches Datenvolumen erhalten, z. B. ?ber Vodafone SpeedGo. Das zus?tzliche Volumen gilt dann im besuchten Land und\nin Deutschland. Die Nutzung Deines Tarifs ohne Zusatzkosten gilt nur f?r vor?bergehende Reisen im EU-Ausland. Mehr Infos zu EU-Roaming\nauf: www.vodafone.de/eu-regulierung.', '2019-06-25 22:00:00', '2019-06-26 22:00:00'),
(11, 'GigaDepot', 'GigaDepot: F?r die Red Tarife XS-L gilt das GigaDepot. Verbrauchst Du Dein Datenvolumen innerhalb Deines Abrechnungszeitraums nicht,\nkannst Du es einmal als Reserve in den Abrechnungszeitraum danach ?bertragen. Du nutzt die Reserve automatisch, wenn Du Dein\nDatenvolumen verbraucht hast. Eine solche Mitnahme gilt nicht f?r Optionen, die zum Ende des Abrechnungszeitraums auslaufen, z. B.\nSpeedGo oder SpeedFlex, sowie f?r sonstige von der Mitnahme ausgeschlossene Daten-Promotionen. Wechselst Du Deinen Tarif, verf?llt\ndie Datenreserve. Deine Datenreserve kannst Du gemeinsam innerhalb Deiner Red+ Familie und in der EU nutzen.', '2019-06-25 22:00:00', '2019-06-26 22:00:00'),
(12, 'WiFi Calling', 'WiFi Calling: Mit Vodafone WiFi Calling kann Dein Ger?t ein vorhandenes WLAN zum Aufbau von Mobilfunkgespr?chen nutzen. Gespr?che\n?ber das WLAN werden zu den Konditionen Deines Mobilfunktarifs abgerechnet. Das Telefonieren ?ber WLAN im Ausland ist nicht m?glich.\nNotrufe k?nnen nicht ?ber WiFi Calling abgesetzt werden. Das Endger?t wechselt bei einem Notruf automatisch auf ein vorhandenes\nMobilfunknetz (2G/3G/4G). Notrufe sind daher nur bei vorhandener Mobilfunkabdeckung m?glich. WiFi Calling wird nur auf einer\neingeschr?nkten Anzahl an Ger?ten unterst?tzt, eine aktuelle Liste an kompatiblen Ger?ten wird auf unseren Internetseiten ver?ffentlicht.\nMehr Infos unter www.vodafone.de/wificalling.', '2019-06-25 22:00:00', '2019-06-26 22:00:00'),
(13, 'Entertainment', 'Entertainment: In den Tarifen Red, Young, Smart und DataGo sind jeweils 3 Monate die Services Spotify Premium, Deezer Musik-Flat und\nBILDplus Digital kostenlos nutzbar. Aktivierung unter vodafone.de/entertainment. Die Angebote k?nnen nur einmal in Anspruch genommen\nwerden und nur wenn die jeweiligen Services weder bei Vodafone noch beim Partner direkt (Spotify, Deezer oder BILDplus) schon einmal\ngenutzt wurden. K?ndigst Du nicht bis zum Ablauf der Inklusiv-Phase, zahlst Du ab dem 4. Monat f?r die Deezer Musik-Flat und Spotify\nPremium jeweils 9,99 ? oder f?r BILDplus Digital 4,99 ? pro Monat. Du kannst jeden Monat k?ndigen. Die K?ndigung ist nur ?ber Vodafone,\nz. B. unter vodafone.de/entertainment m?glich. Die Datennutzung ?ber das Mobilfunknetz wird auf das Datenvolumen des Mobilfunktarifs\nangerechnet. Inhaltlich verantwortlich f?r Spotify ist Spotify AB. Inhaltlich verantwortlich f?r Deezer sowie die Deezer-App ist Deezer SA.\nInhaltlich verantwortlich f?r ?BILDplus Digital?-Nachrichten und die App ist die Axel Springer AG, es gelten die Bedingungen der Axel Springer\nAG', '2019-06-25 22:00:00', '2019-06-26 22:00:00'),
(14, 'Secure Net', 'Secure Net: In den Red-Tarifen XS-L 3 Monate kostenlos inklusive. Wird der Dienst nicht gek?ndigt, kostet Secure Net ab dem 4. Monat\n0,99 ?/Monat zzgl. zum mtl. Tarifpreis und ist jederzeit auf securenet.vodafone.de k?ndbar. In den Tarifen Red XL, Red XXL, Red+ Kids und\nBlack kostenlos inklusive, kann aber jederzeit mit sofortiger Wirkung auf securenet.vodafone.de deaktiviert werden. Secure Net sch?tzt Dich\nbeim Surfen vor unsicheren Webseiten und Schad-Software. Unterst?tzt werden ?bliche Webseiten- und E-Mail-Protokolle wie http und\nPOP3. Dabei wird der Netzwerkverkehr automatisch gepr?ft. Kritische Inhalte werden ausgefiltert. Du als Nutzer bestimmst das\nSicherheitsniveau und hast volle Transparenz: Bei einem sch?dlichen Download bekommst Du sofort eine SMS. Beim Surfen zeigt Dein\nBrowser sch?dliche Seiten an. Wie Du dann mit kritischen Inhalten umgehst, entscheidest Du selbst', '2019-06-25 22:00:00', '2019-06-26 22:00:00'),
(15, 'Hardware-Versicherung', 'Hardware-Versicherung: Schutz vor Diebstahl und Sch?den. Mtl. Beitrag ist abh?ngig vom ausgew?hlten Endger?t 7,99 ? oder 9,99 ?.\nMindestlaufzeit 24 Monate. K?ndigungsfrist: 3 Monate. Bei Besch?digung oder versichertem Verlust richtet sich die Selbstbeteiligung nach\ndem Wert des Ger?ts. Die Versicherung bezieht sich ausschlie?lich auf das neue Mobilfunk-Endger?t, das bei Vertragsabschluss ausgew?hlt\nwurde.', '2019-06-25 22:00:00', '2019-06-26 22:00:00'),
(16, 'F?r alle Red+ Tarife gilt', 'F?r alle Red+ Tarife gilt: Bei Buchung einer Red+ Zusatzkarte zu einem Haupttarif (Red, Young, Black) kann die Red+ Zusatzkarte das\nDatenvolumen des Haupttarifs mitnutzen. Der Haupttarif und die Red+ Zusatzkarte bilden zusammen eine Red+ Gruppe. Alle Teilnehmer\nder Red+ Gruppe surfen mit GigaSpeed. Mindestlaufzeit 24 Mon. (die Vertragslaufzeit der Red+ Zusatzkarte ist unabh?ngig vom Haupttarif),\n3 Mon. K?ndigungsfrist, einmaliger Anschlusspreis 39,99 ?. Aktion bis 31.07.2019: Bei gleichzeitiger Buchung von zwei oder mehr VertragsTarifen, zahlst Du nur eine einmalige Anschlussgeb?hr in H?he von 39,99 ? f?r den ersten Tarif. Die Anschlusspreise der weiteren gebuchten\nTarife entfallen. Falls Du nicht rechtzeitig k?ndigst, verl?ngert sich der Tarif automatisch um 1 Jahr. Voraussetzung f?r den Preisvorteil der\nRed+ Zusatzkarten ist ein bestehender Haupttarif. Insgesamt kannst Du zu einem Haupttarif bis zu 4 weitere Red+ Karten dazubuchen, die\nauf das Datenvolumen des Haupttarifs zugreifen: Red+ Datenkarte, Red+ Partnerkarte oder Red+ Kinderkarte. Bei Nutzung der Red+ Karten\nmit einem Tarif mit unbegrenztem Datenvolumen (Red XL, Young XXL, Black) k?nnen maximal 10 GB je Red+ Karte zugeteilt werden. Bei\nRed+ Allnet und Red+ Data steht dieses Volumen auch im EU Ausland zur Verf?gung. Gleichzeitig erh?ht sich der mtl. Basispreis je Red+\nZusatzkarte um 5 ?, auch f?r bereits bestehende Red+ Karten.', '2019-06-25 22:00:00', '2019-06-26 22:00:00'),
(17, 'Red+ Allnet', 'Red+ Allnet: mtl. Paketpreis 20,99 ? (je nach verg?nstigtem Handy 25,99 ?, 30,99 ?, 40,99 ? oder 45,99 ?). Aktion bis 31.07.2019: F?r\nNeukunden gilt in den ersten 24 Mon. ein mtl. Rabatt in H?he von 5 ? auf den Tarifpreis bei Kauf ohne Hardware. Aktion bis 31.07.2019: F?r\ndie ersten 3 Monate entf?llt der mtl. Paketpreis inkl. der mtl. Zuzahlung f?r das Smartphone. Flat f?r Standard-Gespr?che in alle dt. MobilfunkNetze und ins dt. Festnetz inkl. (exkl. Konferenzverbindungen und Anrufe zu Sondernrn.). SMS- und MMS-Flat in alle dt. Netze inkl. (exkl. SMS\nund MMS zu Sondernummern und im Internet). Pro Verbindung, mindestens aber nach 24 Std., runden wir auf die n?chsten 100 kB auf. Wir\nbehalten uns vor, die Verbindung nach 24 Std. automatisch zu trennen. Sollte der Haupttarif gek?ndigt werden, wird automatisch ein\nverf?gbarer Tarif Deines Kundenkontos oder die ?lteste Red+ Allnet zum neuen Haupttarif.', '2019-06-25 22:00:00', '2019-06-26 22:00:00'),
(18, 'Red+ Kids', 'Red+ Kids: mtl. Paketpreis 15,99 ?, mit verg?nstigtem Handy 20,99 ?. Aktion bis 31.07.2019: Als Neukunde bekommst Du einen\nmonatlichen Rabatt ?ber 5 ? auf den Tarifpreis. Aktion bis 31.07.2019: F?r die ersten 3 Monate entf?llt der mtl. Paketpreis inkl. der mtl.\nZuzahlung f?r das Smartphone. Red+ Kids ist ein nationaler Tarif. Flat f?r Standard- Gespr?che im Vodafone-Mobilfunknetz, dazu 200\nFreiminuten in alle dt. Netze (exkl. Konferenzverbindungen und Anrufe zu Sondernummern) und 50 SMS in alle dt. Netze inkl. (exkl. SMS und\nMMS zu Sondernummern und im Internet). Pro Verbindung, mindestens aber nach 24 Stunden, runden wir auf die n?chsten 100 kB auf. Wir\nbehalten uns vor, die Verbindung nach 24 Stunden automatisch zu trennen. Voraussetzung f?r den Preisvorteil ist au?erdem ein Nachweis,\ndass der Tarif von einem Kind eines Erziehungsberechtigten unter 18 Jahren genutzt wird. Als Nachweis daf?r brauchen wir einen Upload der\nGeburtsurkunde oder des Sch?lerausweises ?ber www.vodafone.de/legitimation. Bekommen wir keinen Nachweis oder endet die\nBerechtigung nach dem 18. Geburtstag des Kindes, buchen wir automatisch 5 ? zus?tzlich pro Monat auf. K?ndigst Du den Haupttarif, buchen\nwir automatisch 500 MB f?r 5 ? monatlich zus?tzlich auf ? damit Dein Kind auch ohne den Sharing-Haupttarif surfen kann. Im ?brigen bleiben\ndie Tarifleistungen gleich.', '2019-06-25 22:00:00', '2019-06-26 22:00:00'),
(19, 'Red+ Data', 'Red+ Data: mtl. Paketpreis 5,99 ? (je nach verg?nstigtem Tablet 15,99 ? oder 25,99 ?). Bei K?ndigung des Haupttarifs erhalten die Red+\nDatenkarten automatisch zus?tzlich 500 MB f?r 5 ?, um weiter zu surfen. Dar?ber hinausgehendes Surfen ist ausgeschlossen. Wenn der\nHaupttarif gek?ndigt wird, entfallen auch zus?tzlich gebuchte Datenoptionen.', '2019-06-25 22:00:00', '2019-06-26 22:00:00'),
(20, 'Red+ MultiSIM', 'Red+ MultiSIM: Nutze Deine Rufnummer und Dein Datenvolumen auf bis zu 3 Ger?ten. Pro Red+ MultiSIM zahlst Du 5 ? im Monat und\neinmal 39,99 ? f?r die Anschlussgeb?hr. Aktion bis 31.07.2019: F?r die ersten 3 Monate entf?llt der mtl. Paketpreis inkl. der mtl. Zuzahlung\nf?r das Smartphone. Wenn Du einen Red XL oder Young XXLmit unbegrenztem Datenvolumen hast, erh?ht sich der monatliche Preis um 5 ?\npro Karte, Datennutzung dann bis max. 10 GB pro Karte. Voraussetzung f?r die Nutzung der Red+ MultiSIM ist ein Red oder Young Tarif ab\n2016. Pro Mobilfunk-/ Red+ Vertrag, kannst Du max. 2 Red+ MultiSIMs buchen. Davon ausgenommen ist Red+ Data. Deine Red+ MultiSIM\nkannst Du jederzeit k?ndigen. Du zahlst nur f?r den genutzten Zeitraum. Wenn Dein Mobilfunktarif endet, endet automatisch auch Deine\nRed+ MultiSIM. Gleichzeitige abgehende Anrufe ?ber mehr als eine Karte sind nicht m?glich. F?r den SMS-/MMS-Empfang und Versand\nkannst Du ein beliebiges Ger?t festlegen.', '2019-06-25 22:00:00', '2019-06-26 22:00:00'),
(21, 'Black', 'Black: Monatlicher Paketpreis inklusive Smartphone 200?. Mindestlaufzeit 24 Monate. K?ndigungsfrist 3 Monate. Falls Du nicht rechtzeitig\nk?ndigst, verl?ngert sich der Tarif automatisch um 12 Monate. Einmaliger Anschlusspreis 39,99?. Mit Flat f?r Standardgespr?che in alle\ndeutschen Mobilfunknetze und ins deutsche Festnetz, gilt nicht f?r Konferenzverbindungen und Anrufe zu Sondernummern. Mit SMS- und\nMMS-Flat in alle deutschen Netze, gilt nicht f?r SMS und MMS zu Sondernummern und im Internet. Unbegrenztes Datenvolumen f?r das\nSurfen im deutschen Vodafone-Netz ?ber den Zugang web.vodafone.de. Alle 12 Monate kannst Du ein neues Smartphone ab 1? erwerben.\nMachst du hiervon Gebrauch beginnt erneut eine Mindestlaufzeit von 24 Monaten. Du nutzt Deinen Black-Tarif im EU-Ausland, der Schweiz,\nT?rkei, USA und Kanada ohne Zusatzkosten wie zuhause. Das gilt f?r ankommende und abgehende Anrufe sowie SMS im Reiseland und nach\nDeutschland. F?r das Surfen stehen Dir 30 GB im EU-Ausland und 10 GB in der Schweiz, T?rkei, USA und Kanada zur Verf?gung. Danach zahlst\nDu nur 0,0053?/MB. Die Abrechnung erfolgt kilobytegenau. Die Nutzung Deines Tarifs ohne Zusatzkosten gilt nur f?r vor?bergehende\nReisen im EU-Ausland. Mehr Infos findest Du auf vodafone.de/eu-regulierung. Zus?tzlich hast Du 1.000 Freiminuten f?r Gespr?che aus\nDeutschland in alle internationalen Netze. In Deinem Black-Tarif ist die Smartphone-Versicherung kostenlos inklusive: Schutz vor Diebstahl\nund Sch?den. Bei Besch?digung oder versichertem Verlust richtet sich die Selbstbeteiligung nach dem Wert des Ger?ts. Die Versicherung\nbezieht sich ausschlie?lich auf das neue Mobilfunk-Endger?t, das bei Vertragsabschluss ausgew?hlt wurde.', '2019-06-25 22:00:00', '2019-06-26 22:00:00'),
(22, 'F?r alle Young Tarife gilt', 'F?r alle Young Tarife gilt: Buchbar ab 10 Jahren bis einschlie?lich 27 Jahre. F?r Minderj?hrige d?rfen nur Erziehungsberechtigte(r) buchen\nund sind Vertragspartner. Je Minderj?hrige(n) ist nur ein Vodafone Young-Tarif zul?ssig, welcher uneingeschr?nkt nutzbar ist. Um den Tarif\nzu nutzen, ist innerhalb von 14 Tagen ein Legitimationsnachweis (Sch?lerausweis, Studentenausweis oder Geburtsurkunde) erforderlich.\nDen Nachweis speichern wir zusammen mit den ?brigen Vertragsdokumenten. Fehlt der Legitimationsnachweis, erh?ht sich nach Ablauf der\nFrist der mtl. Basispreis um 15 ?. Dar?ber hinaus gilt: Anschlusspreis einmal 39,99 ?. Aktion bis 31.07.2019: Bei gleichzeitiger Buchung von\nzwei oder mehr Vertrags-Tarifen, zahlst Du nur eine einmalige Anschlussgeb?hr in H?he von 39,99 ? f?r den ersten Tarif. Die Anschlusspreise\nder weiteren gebuchten Tarife entfallen. Mindestlaufzeit 24 Monate. Die K?ndigungsfrist betr?gt 3 Monate. Du kannst den Vertrag, wenn\nnichts anderes vereinbart ist, erstmals zum Ende des 2. Vertragsjahres k?ndigen. Falls Du nicht rechtzeitig k?ndigst, verl?ngert er sich\nautomatisch um je ein Jahr. Vodafone ist berechtigt, das Vertragsverh?ltnis au?erordentlich zu k?ndigen, wenn die Summe der\nGespr?chsminuten f?r Standard-Gespr?che ins dt. Vodafone- Netz mehr als 15.000 Minuten/Monat (Abrechnung minutengenau) betr?gt.\nDu darfst den Tarif nicht kommerzialisieren (z. B. Weiterverkauf oder kostenpflichtiges ?berlassen an Dritte). F?r Deinen Tarif zahlst Du den\nmonatlichen Basispreis immer im Voraus sowie zus?tzlich auf der 1. Rechnung den anteiligen Basispreis f?r den 1. Monat. Eventuelle Rabatte\nziehen wir jeweils ab. Das gilt nicht, wenn Du Kunde in einem Rahmenvertrag bist. Wenn Du 90% Deiner Highspeed-MB verbraucht hast,\ninformieren wir Dich per SMS dar?ber, wie Du die Bandbreitenbeschr?nkung auf 32 kbit/s vermeiden kannst. Wenn Du 100% Deines im Tarif\nenthaltenen Datenvolumens verbraucht hast, schalten wir h?chstens 3-mal hintereinander Datenvolumen-Pakete mit je 250 MB innerhalb\ndes Rechnungsmonats f?r Dich frei. Das kostet Dich je 3 Euro pro Datenvolumen-Paket in H?he von 250 MB. Du kannst die kostenpflichtige\nZubuchung von Datenpaketen im jeweiligen Rechnungsmonat per SMS ablehnen ? dann surfst Du ab Verbrauch von 100% langsamer mit\nbis zu 32 kbit/s. Die Beschr?nkung der Bandbreite gilt dann auch f?r die Nutzung des Vodafone Pass. Mit der MeinVodafone-App kannst Du\neinmal pro Rechnungsmonat Deine Tarifbestandteile mit GigaSwipe tauschen ? ?nderungen werden zum n?chsten Rechnungsmonat\nwirksam.', '2019-06-25 22:00:00', '2019-06-26 22:00:00'),
(23, 'Young S', 'Young S: mtl. Paketpreis von 22,99 ? (je nach Handy 27,99 ?, 32,99 ?, 37,99 ?, 47,99 ? oder 52,99 ?). Aktion bis 31.07.2019: F?r die ersten 3\nMonate entf?llt der mtl. Paketpreis inkl. der mtl. Zuzahlung f?r das Smartphone. Flat f?r Standardgespr?che in alle dt. Mobilfunk-netze und\nins dt. Festnetz inkl. (exkl. Konferenzverbindungen und Anrufe zu Sondernummern). SMS- und MMS-Flat sind nicht Bestandteil der Young\nTarife und werden daher mit 0,19? pro SMS oder MMS bepreist. F?rs Surfen im dt. Vodafone-Netz ?ber web.vodafone.de hast Du ein InklusivVolumen von 2 GB pro Abrechnungszeitraum. Aktion bis 31.07.2019: Neukunden erhalten bei Vertragsabschluss mit Premium-Smartphone\n(Sub 25 oder Sub 30) ein Startguthaben in H?he von 100 ?. Das Startguthaben wird als Gutschrift auf die monatlichen Rechnungen gew?hrt\nund kann nicht ausgezahlt werden.', '2019-06-25 22:00:00', '2019-06-26 22:00:00'),
(24, 'Young M', 'Young M: mtl. Paketpreis von 27,99 ? (je nach Handy 32,99 ?, 37,99 ?, 42,99 ?, 52,99 ? oder 57,99 ?). Aktion bis 31.07.2019: F?r die ersten\n3 Monate entf?llt der mtl. Paketpreis inkl. der mtl. Zuzahlung f?r das Smartphone. Flat f?r Standardgespr?che in alle dt. Mobilfunk-netze und\nins dt. Festnetz inkl. (exkl. Konferenzverbindungen und Anrufe zu Sondernummern). SMS- und MMS-Flat sind nicht Bestandteil der Young\nTarife und werden daher mit 0,19? pro SMS oder MMS bepreist. F?rs Surfen im dt. Vodafone-Netz ?ber web.vodafone.de hast Du ein InklusivVolumen von 5 GB pro Abrechnungszeitraum. Aktion bis 31.07.2019: Neukunden erhalten ein zus?tzliches Datenvolumen von 1 GB pro\nAbrechnungszeitraum in den ersten 24 Monaten (insgesamt 6 GB mtl.). Aktion bis 31.07.2019: Neukunden erhalten bei Vertragsabschluss\nmit Premium-Smartphone (Sub 25 oder Sub 30) ein Startguthaben in H?he von 100 ?. Das Startguthaben wird als Gutschrift auf die\nmonatlichen Rechnungen gew?hrt und kann nicht ausgezahlt werden.', '2019-06-25 22:00:00', '2019-06-26 22:00:00'),
(25, 'Young L', 'Young L: mtl. Paketpreis 37,99 ? (je nach Handy 42,99 ?, 47,99 ?, 52,99 ?, 62,99 ? oder 67,99 ?). ?). Aktion bis 31.07.2019: F?r die ersten 3\nMonate entf?llt der mtl. Paketpreis inkl. der mtl. Zuzahlung f?r das Smartphone. Aktion bis 31.07.2019: Neukunden erhalten 12 x 5 ? Rabatt\nauf den mtl. Paketpreis. Flat f?r Standardgespr?che in alle dt. Mobilfunk-netze und ins dt. Festnetz inkl. (exkl. Konferenzverbindungen und\nAnrufe zu Sondernummern). SMS- und MMS-Flat sind nicht Bestandteil der Young Tarife und werden daher mit 0,19? pro SMS oder MMS\nbepreist. F?rs Surfen im dt. Vodafone-Netz ?ber web.vodafone.de hast Du ein Inklusiv-Volumen von 9 GB pro Abrechnungszeitraum. Aktion\nbis 31.07.2019: Neukunden erhalten ein zus?tzliches Datenvolumen von 6 GB pro Abrechnungszeitraum in den ersten 24 Monaten\n(insgesamt 15 GB mtl.). Aktion bis 31.07.2019: Neukunden erhalten bei Vertragsabschluss mit Premium-Smartphone (Sub 25 oder Sub 30)\nein Startguthaben in H?he von 100 ?. Das Startguthaben wird als Gutschrift auf die monatlichen Rechnungen gew?hrt und kann nicht\nausgezahlt werden.', '2019-06-25 22:00:00', '2019-06-26 22:00:00'),
(26, 'Young XL', 'Young XL: mtl. Paketpreis 47,99 ? (je nach Handy 52,99 ?, 57,99 ?, 62,99 ?, 72,99 ? oder 77,99 ?). Aktion bis 31.07.2019: F?r die ersten 3\nMonate entf?llt der mtl. Paketpreis inkl. der mtl. Zuzahlung f?r das Smartphone. Aktion bis 31.07.2019: Neukunden erhalten 12 x 5 ? Rabatt\nauf den mtl. Paketpreis. Flat f?r Standardgespr?che in alle dt. Mobilfunk-netze und ins dt. Festnetz inkl. (exkl. Konferenzverbindungen und\nAnrufe zu Sondernummern). SMS- und MMS-Flat sind nicht Bestandteil der Young Tarife und werden daher mit 0,19? pro SMS oder MMS\nbepreist. F?rs Surfen im dt. Vodafone-Netz ?ber web.vodafone.de hast Du ein Inklusiv-Volumen von 15 GB pro Abrechnungszeitraum. Aktion\nbis 31.07.2019: Neukunden erhalten ein zus?tzliches Datenvolumen von 10 GB pro Abrechnungszeitraum in den ersten 24 Monaten\n(insgesamt 25 GB mtl.). Aktion bis 31.07.2019: Neukunden erhalten bei Vertragsabschluss mit Premium-Smartphone (Sub 25 oder Sub 30)\nein Startguthaben in H?he von 100 ?. Das Startguthaben wird als Gutschrift auf die monatlichen Rechnungen gew?hrt und kann nicht\nausgezahlt werden.', '2019-06-25 22:00:00', '2019-06-26 22:00:00'),
(27, 'Young XXL', 'Young XXL: mtl. Paketpreis 69,99 ? (je nach Handy 74,99 ?, 79,99 ?, 84,99 ? oder 89,99 ?). Flat f?r Standardgespr?che in alle dt. Mobilfunknetze und ins dt. Festnetz inkl. (exkl. Konferenzverbindungen und Anrufe zu Sondernummern). SMS- und MMS-Flat in alle deutschen Netze.\nGilt nicht f?r SMS und MMS zu Sondernummern und im Internet. Unbegrenztes Datenvolumen f?r das Surfen im deutschen Vodafone-Netz\n?ber den Zugang web.vodafone.de. F?r das Surfen im EU-Ausland hast Du ein Datenvolumen von 27 GB. Nach Verbrauch werden 0,53 Cent\npro MB f?r das Surfen im Internet berechnet.', '2019-06-25 22:00:00', '2019-06-26 22:00:00'),
(28, 'Vodafone-Pass', 'Vodafone-Pass: Mit dem Vodafone-Pass nutzt Du ausgew?hlte Apps, ohne Dein inkludiertes Tarif-Datenvolumen zu verbrauchen. Ein\nVodafone Pass (Chat-, Social-, Music-, Video-Pass) Deiner Wahl ist in den neuen Young-Tarifen kostenlos aktivierbar. Der Video-Pass ist in den\nTarifen Young M-XL w?hlbar. Die jeweils aktuell teilnehmenden Partner-Apps, weitere Informationen & alle Einschr?nkungen findest Du unter\nwww.vodafone.de/pass oder in der MeinVodafone-App. Es liegt in Deiner Verantwortung, Dich vor Nutzung ?ber die aktuell teilnehmendenPartner zu informieren. Die Dienste teilnehmender Partner sind nicht Gegenstand des Vodafone Pass, f?r diese gelten die\nNutzungsbedingungen des jeweiligen Partners. Sprach- und Videotelefonie, Werbung und das ?ffnen von externen Links sind nicht im\nVodafone Pass enthalten und werden auf das Tarif-Datenvolumen angerechnet. Der Vodafone Pass gilt nur im Inland. In den neuen YoungTarifen kannst Du weitere P?sse kostenpflichtig hinzubuchen. Die Zubuchung eines kostenpflichtigen Vodafone Pass ist auch in den Tarifen\nRed+ Allnet & Red+ Data m?glich. Chat-, Social- & Music-Pass kosten 5 ?/Monat. Der Video-Pass kostet 10 ?/Monat. Der Video-Pass ist im\nYoung S nicht zubuchbar. 24 Monate Mindestlaufzeit, 3 Monate K?ndigungsfrist. Falls Du nicht rechtzeitig k?ndigst, verl?ngert sich der\nVodafone Pass automatisch um 1 Jahr.', '2019-06-25 22:00:00', '2019-06-26 22:00:00'),
(29, 'Gaming-Pass', 'Gaming-Pass: Nutze in Deinem aktuellen Young-Tarif (Young 2017) in Deutschland ausgew?hlte Spiele-Apps ohne Dein TarifDatenvolumen zu verbrauchen. Am Gaming-Pass nehmen Spiele teil, die im Multiplayer Modus ?ber eine Online Verbindung gespielt werden\nund der Spielzweck eine Interaktion mit anderen Spielern ist. Eine Liste der jeweils aktuell teilnehmenden Spiele ist unter\nwww.vodafone.de/pass einsehbar. Sollte ein Spiele-Partner den Pass verlassen, werden wir den Kunden vorab aktiv informieren (z.B. per SMS).\nDie Inhalte teilnehmender Spiele-Partner sind nicht Gegenstand des Vodafone Pass, f?r diese gelten die Nutzungsbedingungen des\njeweiligen Partners. (Der Vodafone Pass bezieht sich ausschlie?lich auf die Nutzung innerhalb der mobilen Partner App (z.B. nicht auf die\nPartner-Webseite). Sprach- und Videotelefonie, Werbung, das ?ffnen von externen Links oder sonstigen Inhalten, die nicht zum Spiel geh?ren\nwerden angerechnet. Einzelne Features bestimmter Spiele-Apps k?nnen ebenfalls angerechnet werden. Alle Einschr?nkungen findest Du\nunter www.vodafone.de/pass-ausnahmen. Mit dem Gaming-Pass nutzt Du im Inland aktuell teilnehmende Apps ohne Dein inkludiertes TarifDatenvolumen zu verbrauchen. Bei Nutzung im Ausland (Roaming) wird das Streaming der Spiele auf das Inklusiv-Volumen des\nzugrundeliegenden Tarifs angerechnet. Wir behalten uns vor den Gaming-Pass zuk?nftig auch im EU-Ausland anzubieten. F?r diesen Fall gilt\ndie Fair Usage Policy mit einer maximal m?glichen Nutzung des Gaming-Pass im EU-Ausland von 5 GB Datenvolumen monatlich. Nach\nVerbrauch der 5 GB wird die Vodafone Pass Nutzung auf das inkludierte Datenvolumen angerechnet. Solltest Du kein HighspeedDatenvolumen mehr haben und wird dadurch die Geschwindigkeit gedrosselt, gilt die Drosselung auch f?r Deinen Gaming-Pass. Damit wir\ndie in Deinem Gaming-Pass inkludierten Apps identifizieren k?nnen, verwenden wir Deine Mobilfunknummer und die Web- Adresse, unter\nder Du die App abrufst. Die Inhalte, die Du mit der App nutzt, erfassen wir nicht. Du darfst den Gaming-Pass ausschlie?lich als Privatperson\nnutzen. Der Daten-Verbrauch bei Nutzung ?ber Tethering (Hotspot) oder ?ber ein Virtual Private Network (VPN) wird auf das TarifDatenvolumen angerechnet. Vodafone beh?lt sich vor, dass Videos SD-Qualit?t (480p) beschr?nkt sind, sofern dies rechtskonform\n(insbesondere in Einklang mit Verordnung (EU) 2015/2120) unter Ber?cksichtigung der Verwaltungspraxis und der Rechtsprechung erfolgt.\nIn den Tarifen Young S-XL (ab 25.10.17) kannst Du den Vodafone Gaming-Pass kostenlos hinzubuchen. Der Gaming-Pass kann monatlich\ngek?ndigt werden (K?ndigung 1 Tag vor Ablauf des Monats). Falls nicht rechtzeitig gek?ndigt wird, verl?ngert sich der Gaming-Pass\nautomatisch um einen Monat. Endet der Mobilfunktarif, endet auch der Gaming-Pass. Wechselst Du in einen Tarif, der mit dem Gaming-Pass\nkombinierbar ist, nutzt Du den Gaming-Pass unver?ndert weiter. Der Gaming-Pass kann nicht mit den Vodafone P?ssen, insb. Chat, Social,\nMusic oder Video, getauscht werden.', '2019-06-25 22:00:00', '2019-06-26 22:00:00'),
(30, 'GigaSpeed', 'GigaSpeed: Mit Deinem Tarif profitierst Du von der f?r Dich maximal verf?gbaren Geschwindigkeit beim Surfen. Max 4G|LTE mit einer\nGeschwindigkeit von bis zu 500 Mbit/s im Download und bis zu 100 Mbit/s im Upload steht derzeit in ?ber 40 St?dten, eine UploadGeschwindigkeit von bis zu 100 Mbit/s sogar in ?ber 450 St?dten zur Verf?gung. Deine individuelle Bandbreite h?ngt z. B. von Deinem\nStandort, Deinem Ger?t und der Anzahl gleichzeitiger Nutzer in Deiner Funkzelle ab. Durchschnitt laut Connect Test-Ausgabe 1/2018: 44,53\nMbit/s im Download und 18,83 Mbit/s im Upload in Stadtgebieten (Walktest). Eine Liste der St?dte und alle Infos zum Netzausbau sowie zur\nBandbreite vor Ort findest Du auf vodafone.de/netz', '2019-06-25 22:00:00', '2019-06-26 22:00:00'),
(31, 'EU-Roaming', 'EU-Roaming: Du nutzt Deinen Vodafone-Inlandstarif jetzt auch ohne Zusatzkosten im EU-Ausland wie zuhause. Das gilt f?r ankommende\nund abgehende Anrufe innerhalb der EU und nach Deutschland, f?r SMS und MMS sowie f?rs Surfen. Gespr?che zu Sonderrufnummern sowie\nAnrufe und SMS von Deutschland in das EU-Ausland sind nicht eingeschlossen. Nach Verbrauch Deiner Highspeed-MB kannst Du, wie in\nDeutschland, zus?tzliches Datenvolumen erhalten, z. B. ?ber Vodafone SpeedGo. Das zus?tzliche Volumen gilt dann im besuchten Land und\nin Deutschland. Die Nutzung Deines Tarifs ohne Zusatzkosten gilt nur f?r vor?bergehende Reisen im EU-Ausland. Mehr Infos zu EU-Roaming\nauf: www.vodafone.de/eu-regulierung', '2019-06-25 22:00:00', '2019-06-26 22:00:00'),
(32, 'GigaDepot', 'GigaDepot: Verbrauchst Du Dein Datenvolumen innerhalb Deines Abrechnungszeitraums nicht, kannst Du es einmal als Reserve in den\nAbrechnungszeitraum danach ?bertragen. Du nutzt die Reserve dann automatisch, wenn Du Dein Datenvolumen verbraucht hast. Eine\nsolche Mitnahme gilt nicht f?r Optionen, die zum Ende des Abrechnungszeitraums auslaufen, z. B. SpeedGo oder SpeedFlex, sowie f?r\nsonstige von der Mitnahme ausgeschlossene Daten-Promotionen. Wechselst Du Deinen Tarif, verf?llt die Datenreserve. Deine Datenreserve\nkannst Du gemeinsam innerhalb Deiner Red+ Familie und in der EU nutzen.', '2019-06-25 22:00:00', '2019-06-26 22:00:00'),
(33, 'WiFi Calling', 'WiFi Calling: Mit Vodafone WiFi Calling kann Dein Ger?t ein vorhandenes WLAN zum Aufbau von Mobilfunkgespr?chen nutzen. Gespr?che\n?ber das WLAN werden zu den Konditionen Deines Mobilfunktarifs abgerechnet. Das Telefonieren ?ber WLAN im Ausland ist nicht m?glich.\nNotrufe k?nnen nicht ?ber WiFi Calling abgesetzt werden. Das Endger?t wechselt bei einem Notruf automatisch auf ein vorhandenes\nMobilfunknetz (2G/3G/4G). Notrufe sind daher nur bei vorhandener Mobilfunkabdeckung m?glich. WiFi Calling wird nur auf einer\neingeschr?nkten Anzahl an Ger?ten unterst?tzt, eine aktuelle Liste an kompatiblen Ger?ten wird auf unseren Internetseiten ver?ffentlicht.\nMehr Infos unter www.vodafone.de/wificalling', '2019-06-25 22:00:00', '2019-06-26 22:00:00'),
(34, 'Secure Net', 'Secure Net: In den Young-Tarifen 3 Monate kostenlos inklusive. Wird der Dienst nicht gek?ndigt, kostet Secure Net ab dem 4. Monat\n0,99 ?/Monat zzgl. zum mtl. Tarifpreis und ist jederzeit auf securenet.vodafone.de k?ndbar. Secure Net sch?tzt Dich beim Surfen vor\nunsicheren Webseiten und Schad-Software. Unterst?tzt werden ?bliche Webseiten- und E-Mail-Protokolle wie http und POP3. Dabei wird der\nNetzwerkverkehr automatisch gepr?ft. Kritische Inhalte werden ausgefiltert. Du als Nutzer bestimmst das Sicherheitsniveau und hast volle\nTransparenz: Bei einem sch?dlichen Download bekommst Du sofort eine SMS. Beim Surfen zeigt Dein Browser sch?dliche Seiten an. Wie Du\ndann mit kritischen Inhalten umgehst, entscheidest Du selbst.', '2019-06-25 22:00:00', '2019-06-26 22:00:00'),
(35, 'F?r alle Smart Tarife gilt', 'F?r alle Smart Tarife gilt: Mindestlaufzeit 24 Mon., 3 Monate K?ndigungsfrist. Einmaliger Anschlusspreis 39,99 ?. Aktion bis 31.07.2019:\nBei gleichzeitiger Buchung von zwei oder mehr Vertrags-Tarifen, zahlst Du nur eine einmalige Anschlussgeb?hr in H?he von 39,99 ? f?r den\nersten Tarif. Die Anschlusspreise der weiteren gebuchten Tarife entfallen. Falls Du nicht rechtzeitig k?ndigst, verl?ngert sich der Tarif\nautomatisch um 1 Jahr. BlackBerry?-Internet-Services werden mit 0,49 ?/MB ?ber das jeweilige Inklusiv-Volumen hinausgehend bepreist.\nRundung 100-kB-genau. Vodafone beh?lt sich vor, die Verbindung nach 24 Stunden automatisch zu trennen. Ungenutzte InklusivLeistungen verfallen am Ende des Abrechnungsmonats. Auf Deiner 1. Rechnung berechnen wir Dir den Basispreis f?r den 1. Vertragsmonat\nnur anteilig und den Basispreis f?r den 2. Vertragsmonat im Voraus. In den folgenden Rechnungen siehst Du dann auch den Basispreis des\njeweils n?chsten Vertragsmonats. Eventuelle Rabatte ziehen wir jeweils ab (Kunden im Rahmenvertrag sind hiervon ausgeschlossen). Dein\nDatenvolumen kannst Du auch mit einem ans Handy angeschlossenen oder drahtlos verbundenen Computer (Tethering) nutzen. F?r Dein\nbestes Surferlebnis informieren wir Dich per SMS bei Verbrauch von 90 % Deiner Inklusiv-Daten und schalten bei 100 % weitere 100 MB frei.\nMaximal 3-mal in Folge f?r je 2 ?. Du kannst immer per SMS ablehnen ? dann surfst Du ab Verbrauch von 100 % langsamer mit bis zu 32\nkbit/s. Alle Angaben gelten f?r die Nutzung im dt. Vodafone-Mobilfunknetz.', '2019-06-25 22:00:00', '2019-06-26 22:00:00'),
(36, 'Smart S', 'Smart S: mtl. Paketpreis 14,99 ? (je nach ausgew?hltem Handy 19,99 ?, 24,99 ? oder 34,99 ?). 50 Min in alle dt. Netze und ins dt. Festnetz\ninkl. (Konferenz-Verbindungen, Rufumleitungen und Anrufe zu Sondernummern ausgenommen). 200 SMS in alle dt. Netze inkl. (SMS und\nMMS zu Sondernummern. und im Internet ausgenommen). F?r Nutzung ?ber Inklusiv-Leistungen hinaus ggf. weitere Kosten je nach\nVerbrauch, z. B. Standardgespr?che in andere dt. Mobilfunknetze 0,29 ?/Min. (60/60-Takt) oder 0,19 ?/Standard-SMS. Du surfst bis zu einem\nDatenvolumen von 250 MB/Mon. mit der jew. gr??tm?gl. Bandbreite mit Vodafone 4G | LTE Max.', '2019-06-25 22:00:00', '2019-06-26 22:00:00'),
(37, 'Smart M', 'Smart M: mtl. Paketpreis 21,99 ? (je nach ausgew?hltem Handy 26,99 ?, 31,99 ? oder 41,99 ?). 500 Min. in alle dt. Netze und ins dt. Festnetz\ninkl. (Konferenz-Verbindungen, Rufumleitungen und Anrufe zu Sondernummern ausgenommen). SMS-Flat in alle dt. Netze inkl. (SMS und\nMMS zu Sondernummern. und im Internet ausgenommen). F?r Nutzung ?ber Inklusiv-Leistungen hinaus ggf. weitere Kosten je nach\nVerbrauch, z. B. Standardgespr?che in andere dt. Mobilfunknetze 0,29 ?/Min. (60/60-Takt) oder 0,19 ?/Standard-SMS. Du surfst bis zu einem\nDatenvolumen von 750 MB/Mon. mit der jew. gr??tm?gl. Bandbreite mit Vodafone 4G | LTE Max.', '2019-06-25 22:00:00', '2019-06-26 22:00:00'),
(38, 'Smart L', 'Smart L: mtl. Paketpreis 31,99 ? (je nach ausgew?hltem Handy 36,99 ?, 41,99 ?, 46,99 ? oder 51,99 ?). Flatrate f?r Standardgespr?che in\nalle dt. Mobilfunknetze und ins dt. Festnetz (Konferenz-Verbindungen, Rufumleitungen und Anrufe zu Sondernummern ausgenommen).\nF?rs Flat-Telefonieren gilt: Bei Verbrauch von mehr als 250 Std. in einem Abrechnungszeitraum beh?lt sich Vodafone ein au?erordentliches\nK?ndigungsrecht vor. SMS-Flat in alle dt. Netze (SMS und MMS zu Sondernummern und im Internet ausgenommen). Du surfst bis zu einem\nDatenvolumen von 2 GB/Mon. mit der jew. gr??tm?gl. Bandbreite mit Vodafone 4G | LTE Max', '2019-06-25 22:00:00', '2019-06-26 22:00:00'),
(39, 'Smart L+', 'Smart L+: mtl. Paketpreis 36,99 ? (je nach ausgew?hltem Handy 41,99 ?, 46,99 ?, 51,99 ? oder 56,99 ?). Aktion bis 31.07.2019: Neukunden\nerhalten einen mtl. Rabatt in H?he von 5 ? bei Abschluss eines Smart L+ Tarifes inklusive Smartphone (Substufe 5) f?r die ersten 24 Monate.\nFlatrate f?r Standardgespr?che in alle dt. Mobilfunknetze und ins dt. Festnetz (Konferenz-Verbindungen, Rufumleitungen und Anrufe zu\nSondernummern ausgenommen). F?rs Flat-Telefonieren gilt: Bei Verbrauch von mehr als 250 Std. in einem Abrechnungszeitraum beh?lt\nsich Vodafone ein au?erordentliches K?ndigungsrecht vor. SMS-Flat in alle dt. Netze (SMS und MMS zu Sondernummern und im Internet\nausgenommen). Du surfst bis zu einem Datenvolumen von 5 GB/Mon. mit der jew. gr??tm?gl. Bandbreite mit Vodafone 4G | LTE Max. Aktion\nbis 31.07.2019: Neukunden und Vertragsverl?ngerer erhalten 5 GB/Mon. f?r die ersten 24 Monate zus?tzliches Datenvolumen (10 GB/Mon.\ninsgesamt) bei Abschluss eines Smart L+ Tarifes inklusive Smartphone (Substufe 5) und 3 GB/Mon. f?r die ersten 24 Monate beim Kauf ohne\nHardware und f?r alle anderen Substufen', '2019-06-25 22:00:00', '2019-06-26 22:00:00'),
(40, 'Smart XL', 'Smart XL: mtl. Paketpreis 41,99 ? (je nach verg?nstigtem Handy 46,99 ?, 51,99 ?, 56,99 ? oder 61,99 ?). Flatrate f?r Standardgespr?che in\nalle dt. Mobilfunknetze und ins dt. Festnetz (Konferenz-Verbindungen, Rufumleitungen und Anrufe zu Sondernummern ausgenommen).\nF?rs Flat-Telefonieren gilt: Bei Verbrauch von mehr als 250 Std. in einem Abrechnungszeitraum beh?lt sich Vodafone ein au?erordentliches\nK?ndigungsrecht vor. SMS-Flat in alle dt. Netze (SMS und MMS zu Sondernummern und im Internet ausgenommen). Du surfst bis zu einem\nInklusiv-Datenvolumen von 6 GB/Mon. mit der jew. gr??tm?gl. Bandbreite mit Vodafone 4G | LTE Max. Aktion bis 31.07.2019: Neukunden\nund Vertragsverl?ngerer erhalten 8 GB/Mon. f?r die ersten 24 Monate zus?tzliches Datenvolumen (14 GB/Mon. insgesamt) bei Abschluss\neines Smart XL Tarifes.', '2019-06-25 22:00:00', '2019-06-26 22:00:00'),
(41, 'GigaSpeed', 'GigaSpeed: Mit Deinem Tarif profitierst Du von der f?r Dich maximal verf?gbaren Geschwindigkeit beim Surfen. Max 4G|LTE mit einer\nGeschwindigkeit von bis zu 500 Mbit/s im Download und bis zu 100 Mbit/s im Upload steht derzeit in ?ber 40 St?dten, eine UploadGeschwindigkeit von bis zu 100 Mbit/s sogar in ?ber 450 St?dten zur Verf?gung. Deine individuelle Bandbreite h?ngt z. B. von Deinem\nStandort, Deinem Ger?t und der Anzahl gleichzeitiger Nutzer in Deiner Funkzelle ab. Durchschnitt laut Connect Test-Ausgabe 1/2018: 44,53\nMbit/s im Download und 18,83 Mbit/s im Upload in Stadtgebieten (Walktest). Eine Liste der St?dte und alle Infos zum Netzausbau sowie zur\nBandbreite vor Ort findest Du auf vodafone.de/netz.', '2019-06-25 22:00:00', '2019-06-26 22:00:00'),
(42, 'EU-Roaming inklusive', 'EU-Roaming inklusive: Du nutzt Deinen Vodafone-Inlandstarif jetzt auch ohne Zusatzkosten im EU-Ausland wie zuhause. Das gilt f?r\nankommende und abgehende Anrufe innerhalb der EU und nach Deutschland, f?r SMS und MMS sowie f?rs Surfen. Gespr?che zu\nSonderrufnummern sowie Anrufe und SMS von Deutschland in das EU-Ausland sind nicht eingeschlossen. Nach Verbrauch Deiner\nHighspeed-MB kannst Du, wie in Deutschland, zus?tzliches Datenvolumen erhalten, z. B. ?ber Vodafone SpeedGo. Das zus?tzliche Volumen\ngilt dann im besuchten Land und in Deutschland. Die Nutzung Deines Tarifs ohne Zusatzkosten gilt nur f?r vor?bergehende Reisen im EUAusland. Mehr Infos zu EU-Roaming auf: www.vodafone.de/eu-regulierung', '2019-06-25 22:00:00', '2019-06-26 22:00:00'),
(43, 'WiFi Calling', 'WiFi Calling: Mit Vodafone WiFi Calling kann Dein Ger?t ein vorhandenes WLAN zum Aufbau von Mobilfunkgespr?chen nutzen. Gespr?che\n?ber das WLAN werden zu den Konditionen Deines Mobilfunktarifs abgerechnet. Das Telefonieren ?ber WLAN im Ausland ist nicht m?glich.\nNotrufe k?nnen nicht ?ber WiFi Calling abgesetzt werden. Das Endger?t wechselt bei einem Notruf automatisch auf ein vorhandenes\nMobilfunknetz (2G/3G/4G). Notrufe sind daher nur bei vorhandener Mobilfunkabdeckung m?glich. WiFi Calling wird nur auf einereingeschr?nkten Anzahl an Ger?ten unterst?tzt, eine aktuelle Liste an kompatiblen Ger?ten wird auf unseren Internetseiten ver?ffentlicht.\nMehr Infos unter www.vodafone.de/wificalling', '2019-06-25 22:00:00', '2019-06-26 22:00:00'),
(44, 'Entertainment', 'Entertainment: In den Tarifen Red, Young, Smart und DataGo sind jeweils 3 Monate die Services Spotify Premium, Deezer Musik-Flat und\nBILDplus Digital kostenlos nutzbar. Aktivierung unter vodafone.de/entertainment. Die Angebote k?nnen nur einmal in Anspruch genommen\nwerden und nur wenn die jeweiligen Services weder bei Vodafone noch beim Partner direkt (Spotify, Deezer oder BILDplus) schon einmal\ngenutzt wurden. K?ndigst Du nicht bis zum Ablauf der Inklusiv-Phase, zahlst Du ab dem 4. Monat f?r die Deezer Musik-Flat und Spotify\nPremium jeweils 9,99 ? oder f?r BILDplus Digital 4,99 ? pro Monat. Du kannst jeden Monat k?ndigen. Die K?ndigung ist nur ?ber Vodafone,\nz. B. unter vodafone.de/entertainment m?glich. Die Datennutzung ?ber das Mobilfunknetz wird auf das Datenvolumen des Mobilfunktarifs\nangerechnet. Inhaltlich verantwortlich f?r Spotify ist Spotify AB. Inhaltlich verantwortlich f?r Deezer sowie die Deezer-App ist Deezer SA.\nInhaltlich verantwortlich f?r ?BILDplus Digital?-Nachrichten und die App ist die Axel Springer AG, es gelten die Bedingungen der Axel Springer\nAG.', '2019-06-25 22:00:00', '2019-06-26 22:00:00'),
(45, 'Secure Net', 'Secure Net: In den Smart-Tarifen 3 Monate kostenlos inklusive. Wird der Dienst nicht gek?ndigt, kostet Secure Net ab dem 4. Monat 0,99\n?/Monat zzgl. zum mtl. Tarifpreis und ist jederzeit auf securenet.vodafone.de k?ndbar. Secure Net sch?tzt Dich beim Surfen vor unsicheren\nWebseiten und Schad-Software. Unterst?tzt werden ?bliche Webseiten- und E-Mail-Protokolle wie http und POP3. Dabei wird der\nNetzwerkverkehr automatisch gepr?ft. Kritische Inhalte werden ausgefiltert. Du als Nutzer bestimmst das Sicherheitsniveau und hast volle\nTransparenz: Bei einem sch?dlichen Download bekommst Du sofort eine SMS. Beim Surfen zeigt Dein Browser sch?dliche Seiten an. Wie Du\ndann mit kritischen Inhalten umgehst, entscheidest Du selbst.', '2019-06-25 22:00:00', '2019-06-26 22:00:00');
INSERT INTO `law_texts` (`id`, `code`, `content`, `created_at`, `updated_at`) VALUES
(46, 'Young-Vorteil', 'Young-Vorteil: Junge Leute (10- bis einschlie?lich 27-J?hrige) erhalten auf alle Vodafone Smart Tarife als Young Vorteil Doppeltes\nDatenvolumen: Smart S (500 MB anstatt 250 MB), Smart M (1,5 GB anstatt 750 MB), Smart L (4 GB anstatt 2 GB), Smart L+ (10 GB anstatt 5 GB),\nSmart XL (12 GB anstatt 6 GB). Der Young Vorteil ist g?ltig, bei Buchung des Tarifs im Alter von 10 bis einschlie?lich 27 Jahren. Nach Erreichen\ndes 28. Lebensjahres verf?llt beim Start einer neuen Mindestlaufzeit der Young-Vorteil. Einen Smart-Tarif mit Young-Vorteil f?r Minderj?hrige\n(10- bis einschlie?lich 17-J?hrige) d?rfen nur Erziehungsberechtigte buchen. Der Erziehungsberechtigte ist unser Vertragspartner f?r die\nvertraglich vereinbarte Mindestlaufzeit bzw. solange der Nutzer noch nicht vollj?hrig ist und den Vertrag ?bernimmt. Ein entsprechender\nLegitimationsnachweis ist vorzulegen. Kombinierbar mit anderen Daten-Promotions, nicht kombinierbar mit SoHo-Rabatt. F?llt die\nAlterspr?fung im Nachgang negativ aus, entf?llt der Young Vorteil in den oben genannten Basistarifen.', '2019-06-25 22:00:00', '2019-06-26 22:00:00'),
(47, 'Anschlusspreis-Befreiung gegen Provisionsverzicht', 'Anschlusspreis-Befreiung gegen Provisionsverzicht\nVodafone berechnet einen einmaligen Anschlusspreis von 39,99 ?. Wenn Dir der Anschlusspreis beim Vertragsabschluss erstattet wurde,\nkannst Du ihn bequem ?ber die MeinVodafone-App erstatten lassen. Das geht so: Installier Dir die MeinVodafone-App auf Deinem\nSmartphone, wenn Du Deine neue SIM-Karte bekommen hast. Du findest die App im App Store (Apple) und im Google Play Store (Android).\nKlick auf der Startseite der App innerhalb von 7 Tagen nach Erhalt der neuen SIM-Karte auf ?Hol Dir Deinen Anschlusspreis zur?ck?. Jetzt\nbest?tige noch ?ber den Aktions-Button. Du findest die Erstattung des Anschlusspreises auf der n?chsten oder ?bern?chsten MobilfunkRechnung.', '2019-06-25 22:00:00', '2019-06-26 22:00:00'),
(48, 'Für alle DataGo Tarife gilt', 'F?r alle DataGo Tarife gilt: Mindestvertragslaufzeit 24 Monate, einmaliger Anschlusspreis 39,99 ?. Aktion bis 31.07.2019: Bei\ngleichzeitiger Buchung von zwei oder mehr Vertrags-Tarifen, zahlst Du nur eine einmalige Anschlussgeb?hr in H?he von 39,99 ? f?r den\nersten Tarif. Die Anschlusspreise der weiteren gebuchten Tarife entfallen. Der monatliche Grundpreis liegt bei 14,99 ? (DataGo S), 19,99?\n(DataGo M), 29,99? (DataGo L) bzw. 39,99? (DataGo XL). Aktion bis 31.07.2019: Neukunden und Vertragsverl?ngerer erhalten in den Tarifen\nDataGo S, M und Tarif 12 x 5? (DataGo S und DataGo M) oder 10? (DataGo L) Rabatt auf den mtl. Paketpreis. Die DataGo Tarife enthalten bei\nNutzung ?ber den APN web.vodafone.de unbegrenztes Datenvolumen im deutschen Vodafone Netz. Bis zu einem Datenvolumen von 2GB\n(DataGo S), 5 GB (DataGo M), 12 GB (DataGo L) bzw. 20 GB (DataGo XL) steht Dir im jeweiligen Abrechnungszeitraum die maximal verf?gbare\nDatenrate zur Verf?gung, danach max. 64 Kbit/s. Aktion bis 31.07.2019: Neukunden und Vertragsverl?ngerer erhalten ein zus?tzliches\nDatenvolumen pro Abrechnungszeitraum von 2 GB im DataGo S, 3 GB im DataGo M, 4 GB im DataGo L. Die maximal verf?gbare Datenrate\nbetr?gt bei optimalen Bedingungen bis zu 500 Mbit/s im Download und bis zu 50 Mbit/s im Upload. Diese h?ngen vom jeweiligen Standort,\ndem verwendeten Ger?t und der Anzahl gleichzeitiger Nutzer in der Mobilfunkzelle ab. Informationen zum Netzausbau und Deiner\nindividuellen Bandbreite erh?lst Du unter www.vodafone.de/netz und in der MeinVodafone App. Voice over IP und Peer-to-Peer Nutzung\nsind nicht gestattet. SMS in alle deutschen Mobilfunknetze werden mit 19 Ct. berechnet. Im monatlichen Basispreis ist keine Hardware\nenthalten. Der effektive Tarif-Aufpreis f?r ein verg?nstigtes Basic Tablet betr?gt 5? pro Monat und f?r ein verg?nstigtes Premium Tablet\n10? pro Monat, sofern nicht anders angegeben. F?r Deinen Tarif zahlst Du den monatlichen Basispreis immer im Voraus. Auf der 1.\nRechnung zahlst Du zus?tzlich den anteiligen Basispreis f?r den 1. Monat. Eventuelle Rabatte ziehen wir jeweils ab. (Kunden im\nRahmenvertrag sind hiervon ausgeschlossen). Du nutzst Deinen Vodafone-Inlandstarif jetzt auch ohne Zusatzkosten im EU-Ausland wie\nzuhause. Nach Verbrauch Deiner Highspeed-MB kannst Du, wie in Deutschland, zus?tzliches Datenvolumen erhalten, z.B. ?ber Vodafone\nSpeedGo. Das zus?tzliche Volumen gilt dann im besuchten Land und Deutschland. Die Nutzung Deines Tarifs ohne Zusatzkosten gilt\nlediglich f?r vor?bergehende Reisen im EU-Ausland. Entsprechend der g?ltigen Vorgaben der EU-Roaming-Verordnung ist Vodafone\nberechtigt, regulierte Aufschl?ge pro Dienst zu erheben, nachdem Du in einem zusammenh?ngenden Zeitraum von vier Monaten mehr\nTage in einem ausl?ndischen EU-Netz als im deutschen Vodafone-Netz angemeldet warst und der ?berwiegende Teil der Nutzung im EUAusland stattgefunden hat. Die Aufschl?ge betragen derzeit 0,53 Ct. pro MB f?rs Surfen. Du wirst mindestens zwei Wochen vor Erhebung\nder Aufschl?ge per SMS benachrichtigt und erh?lst die M?glichkeit innerhalb der zwei Wochen Dein Nutzungsverhalten entsprechend den\noberen Kriterien anzupassen, um eine Abrechnung der regulierten Aufschl?ge zu verhindern. Falls eine ?nderung des Nutzungsverhaltens\nsp?ter erfolgt, entfallen die Aufschl?ge, sobald das Nutzungsverhalten sich entsprechend der oberen Kriterien ge?ndert hat', '2019-06-25 22:00:00', '2019-06-26 22:00:00'),
(49, 'Code1', 'Lorem ipsum dolor sit amet, consectetur adipisici elit, sed eiusmod tempor incidunt ut labore et dolore magna aliqua. Ut enim ad minim veniam, quis nostrud exercitation ullamco laboris nisi ut aliquid ex ea commodi consequat. Quis aute iure reprehenderit in voluptate velit esse cillum dolore eu fugiat nulla pariatur. Excepteur sint obcaecat cupiditat non proident, sunt in culpa qui officia deserunt mollit anim id est laborum.', '2019-06-26 10:41:58', '2019-06-26 10:41:58'),
(50, 'Code2', 'Lorem ipsum dolor sit amet, consectetur adipisici elit, sed eiusmod tempor incidunt ut labore et dolore magna aliqua. Ut enim ad minim veniam, quis nostrud exercitation ullamco laboris nisi ut aliquid ex ea commodi consequat. Quis aute iure reprehenderit in voluptate velit esse cillum dolore eu fugiat nulla pariatur. Excepteur sint obcaecat cupiditat non proident, sunt in culpa qui officia deserunt mollit anim id est laborum.', '2019-06-26 11:14:48', '2019-06-26 11:14:48'),
(51, 'Code3', '@if(session()->has(\'message\'))\r\n    <div class=\"alert alert-success\">\r\n        {{ session()->get(\'message\') }}\r\n    </div>\r\n@endif', '2019-06-26 11:19:02', '2019-06-26 11:19:02'),
(52, 'Code4', 'success', '2019-06-26 11:23:50', '2019-06-26 11:23:50'),
(53, 'Deneme', 'sdghgsdfh', '2019-06-27 10:25:06', '2019-06-27 10:25:06');

-- --------------------------------------------------------

--
-- Table structure for table `law_text_vodafone_tariff`
--

CREATE TABLE `law_text_vodafone_tariff` (
  `id` int(10) UNSIGNED NOT NULL,
  `vodafone_tariff_id` int(11) NOT NULL,
  `law_text_id` int(11) NOT NULL,
  `created_at` timestamp NULL DEFAULT NULL,
  `updated_at` timestamp NULL DEFAULT NULL
) ENGINE=InnoDB DEFAULT CHARSET=utf8mb4 COLLATE=utf8mb4_unicode_ci;

--
-- Dumping data for table `law_text_vodafone_tariff`
--

INSERT INTO `law_text_vodafone_tariff` (`id`, `vodafone_tariff_id`, `law_text_id`, `created_at`, `updated_at`) VALUES
(1, 1, 1, NULL, NULL),
(2, 1, 3, NULL, NULL),
(3, 2, 1, NULL, NULL),
(4, 3, 1, NULL, NULL),
(5, 3, 5, NULL, NULL),
(6, 4, 1, NULL, NULL),
(7, 4, 2, NULL, NULL),
(8, 5, 1, NULL, NULL),
(9, 5, 2, NULL, NULL),
(10, 5, 3, NULL, NULL),
(11, 6, 1, NULL, NULL),
(12, 7, 1, NULL, NULL),
(13, 8, 1, NULL, NULL),
(14, 9, 1, NULL, NULL),
(15, 9, 2, NULL, NULL),
(20, 10, 1, NULL, NULL),
(21, 11, 1, NULL, NULL),
(22, 12, 1, NULL, NULL),
(23, 13, 1, NULL, NULL),
(24, 14, 2, NULL, NULL),
(25, 15, 1, NULL, NULL),
(26, 16, 3, NULL, NULL),
(27, 17, 1, NULL, NULL),
(28, 18, 5, NULL, NULL),
(64, 141, 1, '2019-10-02 11:43:09', '2019-10-02 11:43:09');

-- --------------------------------------------------------

--
-- Table structure for table `migrations`
--

CREATE TABLE `migrations` (
  `id` int(10) UNSIGNED NOT NULL,
  `migration` varchar(191) COLLATE utf8mb4_unicode_ci NOT NULL,
  `batch` int(11) NOT NULL
) ENGINE=InnoDB DEFAULT CHARSET=utf8mb4 COLLATE=utf8mb4_unicode_ci;

--
-- Dumping data for table `migrations`
--

INSERT INTO `migrations` (`id`, `migration`, `batch`) VALUES
(1, '2014_10_12_000000_create_users_table', 1),
(2, '2014_10_12_100000_create_password_resets_table', 1),
(3, '2018_10_05_103720_create_providers_table', 1),
(4, '2018_10_05_103858_create_addresses_table', 1),
(5, '2018_10_12_102619_create_dealers_table', 2),
(6, '2018_10_15_095905_create_bank_accounts_table', 3),
(7, '2018_10_15_114232_create_dealers_member_codes_table', 3),
(8, '2018_10_18_082006_create_handlers_table', 4),
(9, '2018_10_18_084721_create_dealers_table', 5),
(11, '2018_10_20_110749_create_bank_accounts_table', 6),
(12, '2018_10_23_133715_create_registries_table', 7),
(13, '2018_10_29_134312_create_suboffices_table', 7),
(15, '2018_10_29_145520_create_offices_table', 8),
(16, '2018_11_26_131918_create_system_features_table', 9),
(17, '2018_11_26_132411_create_roles_system_features_table', 9),
(18, '2018_11_26_135155_create_authorizations_table', 10),
(19, '2018_11_27_080014_create_roles_authorizations_table', 11),
(20, '2018_11_27_100707_create_users_authorizations_table', 12),
(21, '2018_11_30_153752_create_roles_table', 13),
(23, '2018_12_14_102520_create_regions_table', 15),
(25, '2018_12_18_091623_create_postcodes_table', 16),
(26, '2018_12_19_111105_create_dealer_region_vbs_table', 17),
(27, '2018_12_11_130531_create_representatives_table', 18),
(28, '2018_12_18_085856_create_postcode_region_vbs_table', 18),
(30, '2019_01_09_123015_create_tariffs_table', 19),
(31, '2019_01_09_123316_create_tariff_property_table', 19),
(32, '2019_01_09_124748_create_tariff_region_table', 19),
(33, '2019_01_11_102633_create_ontop_table', 19),
(34, '2019_01_11_110305_create_vodafone_tariffs_table', 20),
(35, '2019_01_15_090727_create_services_table', 20),
(36, '2019_01_15_102334_create_law_texts_table', 20),
(38, '2019_01_18_151059_create_law_text_vodafone_tariff_table', 20),
(39, '2019_02_05_150853_create_tariffs_highlights_table', 20),
(40, '2019_02_05_151538_create_tariffs_provisions_table', 20),
(42, '2019_02_06_101450_create_tariffs_limits_table', 20),
(46, '2019_02_12_144503_create_output_table', 22),
(47, '2019_02_12_144936_create_outputs_table', 23),
(48, '2019_01_09_112535_create_properties_table', 24),
(49, '2019_02_13_130437_create_property_tariff_table', 25),
(51, '2019_02_06_095221_create_tariffs_groups_table', 26),
(52, '2019_02_19_095818_create_plausibilities_table', 27),
(53, '2019_02_06_104755_create_service_vodafone_tariff_table', 28),
(54, '2019_02_20_140224_create_service_vodafonetariff_table', 29),
(55, '2019_02_22_101651_create_networks_table', 30),
(56, '2019_04_12_155615_create_shopping_carts_table', 31),
(57, '2019_04_05_093826_create_imeis_table', 32),
(58, '2019_04_15_144459_create_system_variables_table', 33),
(59, '2019_04_02_095153_create_customers_table', 34),
(60, '2019_04_02_095728_create_customer_payment_tools_table', 34),
(61, '2019_04_02_101039_create_customer_contacts_table', 34),
(62, '2019_04_02_101918_create_customer_invoices_table', 34),
(63, '2019_04_02_121830_create_contracts_table', 34),
(64, '2019_04_02_123043_create_vf_credit_activations_table', 34),
(66, '2019_04_03_102843_create_vf_gsm_fni_portings_table', 34),
(67, '2019_04_04_100000_create_vf_portings_table', 34),
(68, '2019_04_04_102734_create_vf_dc_changes_table', 34),
(69, '2019_04_04_140423_create_vf_dsls_table', 34),
(70, '2019_04_05_093108_create_contract_related_addresses_table', 34),
(71, '2019_05_10_165730_create_imei_pools_table', 35),
(72, '2019_04_03_092552_create_vf_gsms_table', 36),
(73, '2019_05_13_124611_create_imei_on_demands_table', 37),
(74, '2019_05_16_094950_create_customer_invoice_addresses_table', 38);

-- --------------------------------------------------------

--
-- Table structure for table `networks`
--

CREATE TABLE `networks` (
  `id` int(10) UNSIGNED NOT NULL,
  `name` varchar(191) COLLATE utf8mb4_unicode_ci NOT NULL,
  `created_at` timestamp NULL DEFAULT NULL,
  `updated_at` timestamp NULL DEFAULT NULL
) ENGINE=InnoDB DEFAULT CHARSET=utf8mb4 COLLATE=utf8mb4_unicode_ci;

--
-- Dumping data for table `networks`
--

INSERT INTO `networks` (`id`, `name`, `created_at`, `updated_at`) VALUES
(1, 'E-Plus', NULL, NULL),
(2, 'O2', NULL, NULL),
(3, 'Vodafone', NULL, NULL),
(4, 'Telekom', NULL, NULL),
(5, 'No Name', NULL, NULL);

-- --------------------------------------------------------

--
-- Table structure for table `offices`
--

CREATE TABLE `offices` (
  `id` int(10) UNSIGNED NOT NULL,
  `dealer_id` int(11) NOT NULL,
  `name` varchar(191) COLLATE utf8mb4_unicode_ci NOT NULL,
  `office_type` int(11) NOT NULL,
  `contact_person_id` int(11) DEFAULT NULL,
  `phone` varchar(191) COLLATE utf8mb4_unicode_ci NOT NULL,
  `status` varchar(10) COLLATE utf8mb4_unicode_ci NOT NULL,
  `created_at` timestamp NULL DEFAULT NULL,
  `updated_at` timestamp NULL DEFAULT NULL
) ENGINE=InnoDB DEFAULT CHARSET=utf8mb4 COLLATE=utf8mb4_unicode_ci;

--
-- Dumping data for table `offices`
--

INSERT INTO `offices` (`id`, `dealer_id`, `name`, `office_type`, `contact_person_id`, `phone`, `status`, `created_at`, `updated_at`) VALUES
(0, 0, 'Toker', 1, 1, '555', 'on', '2018-10-29 21:39:10', '2018-11-13 16:00:46'),
(1, 73, 'Sancak-1', 2, 25, '555', 'on', '2018-10-29 21:39:10', '2019-11-06 09:21:10'),
(3, 73, 'Sancak-2', 1, 37, '555111mmm', 'on', '2018-10-29 22:25:36', '2019-11-06 09:21:10'),
(5, 73, 'Sancak-3', 2, 52, '555', 'on', '2018-10-29 22:29:08', '2019-11-06 10:23:06'),
(6, 74, 'Ünlü-1', 1, 26, '555', 'on', '2018-10-30 10:04:11', '2019-11-06 10:27:28'),
(7, 75, 'Weilimdorf', 1, 27, '555', 'on', '2018-10-30 10:17:52', '2018-10-30 15:19:59'),
(9, 74, 'Ünlü-2', 2, 54, '555', 'on', '2018-10-30 10:56:06', '2019-09-05 07:48:37'),
(10, 76, 'Jor\'s', 1, 28, '555j', 'on', '2018-10-31 09:51:06', '2018-10-31 09:51:06'),
(15, 91, 'Duman-2', 2, 56, '555-3434', 'on', '2018-11-19 14:17:26', '2018-11-20 14:33:39'),
(16, 91, 'Duman-1', 1, 60, '5551', 'on', '2018-11-20 14:08:42', '2018-11-20 14:25:11'),
(17, 92, 'Bad', 1, 61, '555', 'on', '2018-12-20 08:06:25', '2018-12-20 08:06:25'),
(18, 93, 'CanStadt', 1, 62, '555', 'on', '2018-12-20 08:17:39', '2018-12-20 08:17:39'),
(37, 94, 'New', 1, NULL, '555', 'on', '2019-10-30 14:50:36', '2019-10-30 14:50:36'),
(38, 95, 'New', 1, NULL, '555', 'on', '2019-10-30 14:50:59', '2019-10-30 14:50:59'),
(39, 96, 'New', 1, NULL, '555', 'on', '2019-10-30 14:58:47', '2019-10-30 14:58:47'),
(40, 97, 'New', 1, NULL, '555', 'on', '2019-10-30 14:59:09', '2019-10-30 14:59:09'),
(41, 98, 'New', 1, NULL, '555', 'on', '2019-10-30 15:00:59', '2019-10-30 15:00:59'),
(42, 99, 'New', 1, NULL, '555', 'on', '2019-10-30 15:02:16', '2019-10-30 15:02:16'),
(43, 100, 'New', 1, NULL, '555', 'on', '2019-10-30 15:03:20', '2019-10-30 15:03:20'),
(44, 101, 'New', 1, NULL, '555', 'on', '2019-10-30 15:04:16', '2019-10-30 15:04:16'),
(45, 102, 'New', 1, NULL, '555', 'on', '2019-10-30 15:07:03', '2019-10-30 15:07:03'),
(46, 103, 'New', 1, NULL, '555', 'on', '2019-10-30 15:07:49', '2019-10-30 15:07:49'),
(47, 104, 'New', 1, 76, '555', 'on', '2019-10-30 15:09:22', '2019-10-30 15:09:23'),
(48, 105, 'Gün', 1, 77, '555', 'on', '2019-10-31 09:13:30', '2019-10-31 09:13:31'),
(49, 106, 'Masdf', 1, 78, '555', 'on', '2019-10-31 09:15:11', '2019-10-31 09:15:12'),
(50, 107, 'Fat', 1, 79, '555', 'on', '2019-10-31 09:37:27', '2019-10-31 09:37:27'),
(51, 108, 'Fat', 1, NULL, '555', 'on', '2019-10-31 09:38:01', '2019-10-31 09:38:01'),
(52, 109, 'Fat', 1, 81, '555', 'on', '2019-10-31 09:38:34', '2019-10-31 09:38:34');

-- --------------------------------------------------------

--
-- Table structure for table `ontop`
--

CREATE TABLE `ontop` (
  `id` int(10) UNSIGNED NOT NULL,
  `dealer_id` int(11) NOT NULL,
  `office_id` int(11) NOT NULL,
  `tariff_id` int(11) NOT NULL,
  `ontop` double(8,2) NOT NULL,
  `created_at` timestamp NULL DEFAULT NULL,
  `updated_at` timestamp NULL DEFAULT NULL
) ENGINE=InnoDB DEFAULT CHARSET=utf8mb4 COLLATE=utf8mb4_unicode_ci;

--
-- Dumping data for table `ontop`
--

INSERT INTO `ontop` (`id`, `dealer_id`, `office_id`, `tariff_id`, `ontop`, `created_at`, `updated_at`) VALUES
(9, 76, 10, 3, 111.00, NULL, NULL),
(10, 91, 15, 3, 111.00, NULL, NULL),
(11, 91, 16, 3, 111.00, NULL, NULL),
(22, 76, 10, 5, 111.00, NULL, NULL),
(23, 91, 15, 5, 111.00, NULL, NULL),
(24, 91, 16, 5, 111.00, NULL, NULL),
(35, 76, 10, 6, 111.00, NULL, NULL),
(36, 91, 15, 6, 111.00, NULL, NULL),
(37, 91, 16, 6, 111.00, NULL, NULL),
(61, 76, 10, 7, 11199.00, NULL, NULL),
(62, 91, 15, 7, 11199.00, NULL, NULL),
(63, 91, 16, 7, 11199.00, NULL, NULL),
(151, 93, 62, 4, 222.00, '2019-03-03 16:04:04', '2019-03-03 16:04:04'),
(161, 76, 10, 2, 500.00, '2019-06-27 08:24:19', '2019-06-27 08:24:19'),
(162, 91, 15, 2, 500.00, '2019-06-27 08:24:19', '2019-06-27 08:24:19'),
(163, 91, 16, 2, 500.00, '2019-06-27 08:24:19', '2019-06-27 08:24:19'),
(2037, 92, 17, 5, 111.00, '2019-08-27 13:25:58', '2019-08-27 14:01:35'),
(2039, 92, 17, 6, 111.00, '2019-08-27 13:25:58', '2019-08-27 14:01:35'),
(2059, 92, 17, 2, 500.00, '2019-08-27 13:25:58', '2019-08-27 14:01:35'),
(2061, 92, 17, 3, 211.00, '2019-08-27 13:44:04', '2019-08-27 14:01:35'),
(2062, 93, 18, 3, 211.00, '2019-08-27 13:56:33', '2019-08-27 14:01:35'),
(2063, 93, 18, 5, 111.00, '2019-08-27 13:56:33', '2019-08-27 14:01:35'),
(2064, 93, 18, 6, 111.00, '2019-08-27 13:56:33', '2019-08-27 14:01:35'),
(2066, 92, 17, 7, 215.00, '2019-08-27 13:56:33', '2019-08-27 14:01:35'),
(2067, 93, 18, 7, 215.00, '2019-08-27 13:56:34', '2019-08-27 14:01:35'),
(2075, 93, 18, 2, 500.00, '2019-08-27 13:56:34', '2019-08-27 14:01:35'),
(2268, 73, 1, 1, 121.00, '2019-08-30 07:59:37', '2019-08-30 07:59:37'),
(2269, 73, 3, 1, 121.00, '2019-08-30 07:59:37', '2019-08-30 07:59:37'),
(2270, 73, 5, 1, 121.00, '2019-08-30 07:59:37', '2019-08-30 07:59:37'),
(2271, 73, 11, 1, 121.00, '2019-08-30 07:59:37', '2019-08-30 07:59:37'),
(2272, 73, 36, 1, 121.00, '2019-08-30 07:59:37', '2019-08-30 07:59:37'),
(2289, 74, 6, 1, 111.00, '2019-09-02 10:12:24', '2019-09-02 10:12:24'),
(2290, 74, 9, 1, 111.00, '2019-09-02 10:12:24', '2019-09-02 10:12:24'),
(2301, 74, 6, 6, 44.00, '2019-09-02 10:12:24', '2019-09-02 10:12:24'),
(2302, 74, 9, 6, 44.00, '2019-09-02 10:12:24', '2019-09-02 10:12:24'),
(2318, 75, 7, 1, 111.00, '2019-09-02 10:21:39', '2019-09-02 10:21:39'),
(2330, 75, 7, 6, 44.00, '2019-09-02 10:21:40', '2019-09-02 10:21:40');

-- --------------------------------------------------------

--
-- Table structure for table `outputs`
--

CREATE TABLE `outputs` (
  `id` int(10) UNSIGNED NOT NULL,
  `output1` text COLLATE utf8mb4_unicode_ci,
  `output2` varchar(191) COLLATE utf8mb4_unicode_ci DEFAULT NULL,
  `output3` varchar(191) COLLATE utf8mb4_unicode_ci DEFAULT NULL,
  `created_at` timestamp NULL DEFAULT NULL,
  `updated_at` timestamp NULL DEFAULT NULL
) ENGINE=InnoDB DEFAULT CHARSET=utf8mb4 COLLATE=utf8mb4_unicode_ci;

--
-- Dumping data for table `outputs`
--

INSERT INTO `outputs` (`id`, `output1`, `output2`, `output3`, `created_at`, `updated_at`) VALUES
(2966, '1', '1', 'B', '2019-09-25 11:53:39', '2019-09-25 11:53:39'),
(2967, '2', '1', 'B', '2019-09-25 11:53:39', '2019-09-25 11:53:39'),
(2968, '3', '1', 'B', '2019-09-25 11:53:39', '2019-09-25 11:53:39'),
(2969, '4', '1', 'B', '2019-09-25 11:53:39', '2019-09-25 11:53:39'),
(2970, '5', '1', 'B', '2019-09-25 11:53:39', '2019-09-25 11:53:39'),
(2971, '6', '1', 'B', '2019-09-25 11:53:39', '2019-09-25 11:53:39'),
(2972, '7', '1', 'B', '2019-09-25 11:53:39', '2019-09-25 11:53:39'),
(2973, '8', '1', 'B', '2019-09-25 11:53:39', '2019-09-25 11:53:39'),
(2974, '9', '1', 'B', '2019-09-25 11:53:39', '2019-09-25 11:53:39'),
(2975, '10', '1', 'B', '2019-09-25 11:53:39', '2019-09-25 11:53:39'),
(2976, '11', '1', 'B', '2019-09-25 11:53:39', '2019-09-25 11:53:39'),
(2977, '12', '1', 'B', '2019-09-25 11:53:39', '2019-09-25 11:53:39'),
(2978, '13', '1', 'B', '2019-09-25 11:53:39', '2019-09-25 11:53:39'),
(2979, '14', '1', 'B', '2019-09-25 11:53:39', '2019-09-25 11:53:39'),
(2980, '15', '1', 'B', '2019-09-25 11:53:39', '2019-09-25 11:53:39'),
(2981, '16', '1', 'B', '2019-09-25 11:53:39', '2019-09-25 11:53:39'),
(2982, '17', '1', 'B', '2019-09-25 11:53:39', '2019-09-25 11:53:39'),
(2983, '18', '1', 'B', '2019-09-25 11:53:39', '2019-09-25 11:53:39'),
(2984, '20', '1', 'B', '2019-09-25 11:53:39', '2019-09-25 11:53:39'),
(2985, '19', '1', 'B', '2019-09-25 11:53:39', '2019-09-25 11:53:39'),
(2986, '21', '1', 'B', '2019-09-25 11:53:39', '2019-09-25 11:53:39'),
(2987, '22', '1', 'B', '2019-09-25 11:53:39', '2019-09-25 11:53:39'),
(2988, '23', '1', 'B', '2019-09-25 11:53:39', '2019-09-25 11:53:39'),
(2989, '1', '1', 'B', '2019-09-25 12:00:45', '2019-09-25 12:00:45'),
(2990, '2', '1', 'B', '2019-09-25 12:00:45', '2019-09-25 12:00:45'),
(2991, '3', '1', 'B', '2019-09-25 12:00:45', '2019-09-25 12:00:45'),
(2992, '4', '1', 'B', '2019-09-25 12:00:45', '2019-09-25 12:00:45'),
(2993, '5', '1', 'B', '2019-09-25 12:00:45', '2019-09-25 12:00:45'),
(2994, '6', '1', 'B', '2019-09-25 12:00:45', '2019-09-25 12:00:45'),
(2995, '7', '1', 'B', '2019-09-25 12:00:45', '2019-09-25 12:00:45'),
(2996, '8', '1', 'B', '2019-09-25 12:00:45', '2019-09-25 12:00:45'),
(2997, '9', '1', 'B', '2019-09-25 12:00:45', '2019-09-25 12:00:45'),
(2998, '10', '1', 'B', '2019-09-25 12:00:45', '2019-09-25 12:00:45'),
(2999, '11', '1', 'B', '2019-09-25 12:00:45', '2019-09-25 12:00:45'),
(3000, '12', '1', 'B', '2019-09-25 12:00:45', '2019-09-25 12:00:45'),
(3001, 'A', NULL, NULL, '2019-09-25 12:00:45', '2019-09-25 12:00:45'),
(3002, 'A', NULL, NULL, '2019-09-25 12:00:45', '2019-09-25 12:00:45'),
(3003, '15', '1', 'B', '2019-09-25 12:00:45', '2019-09-25 12:00:45'),
(3004, 'A', NULL, NULL, '2019-09-25 12:00:45', '2019-09-25 12:00:45'),
(3005, 'A', NULL, NULL, '2019-09-25 12:00:45', '2019-09-25 12:00:45'),
(3006, '18', '1', 'B', '2019-09-25 12:00:45', '2019-09-25 12:00:45'),
(3007, 'A', NULL, NULL, '2019-09-25 12:00:45', '2019-09-25 12:00:45'),
(3008, 'A', NULL, NULL, '2019-09-25 12:00:45', '2019-09-25 12:00:45'),
(3009, '21', '1', 'B', '2019-09-25 12:00:45', '2019-09-25 12:00:45'),
(3010, '22', '1', 'B', '2019-09-25 12:00:46', '2019-09-25 12:00:46'),
(3011, '23', '1', 'B', '2019-09-25 12:00:46', '2019-09-25 12:00:46'),
(3012, '1', '1', 'B', '2019-09-25 12:01:00', '2019-09-25 12:01:00'),
(3013, '2', '1', 'B', '2019-09-25 12:01:00', '2019-09-25 12:01:00'),
(3014, '3', '1', 'B', '2019-09-25 12:01:00', '2019-09-25 12:01:00'),
(3015, '4', '1', 'B', '2019-09-25 12:01:00', '2019-09-25 12:01:00'),
(3016, '5', '1', 'B', '2019-09-25 12:01:00', '2019-09-25 12:01:00'),
(3017, '6', '1', 'B', '2019-09-25 12:01:00', '2019-09-25 12:01:00'),
(3018, '7', '1', 'B', '2019-09-25 12:01:00', '2019-09-25 12:01:00'),
(3019, '8', '1', 'B', '2019-09-25 12:01:00', '2019-09-25 12:01:00'),
(3020, '9', '1', 'B', '2019-09-25 12:01:00', '2019-09-25 12:01:00'),
(3021, '10', '1', 'B', '2019-09-25 12:01:00', '2019-09-25 12:01:00'),
(3022, '11', '1', 'B', '2019-09-25 12:01:00', '2019-09-25 12:01:00'),
(3023, '12', '1', 'B', '2019-09-25 12:01:00', '2019-09-25 12:01:00'),
(3024, 'A', NULL, NULL, '2019-09-25 12:01:00', '2019-09-25 12:01:00'),
(3025, 'A', NULL, NULL, '2019-09-25 12:01:00', '2019-09-25 12:01:00'),
(3026, '15', '1', 'B', '2019-09-25 12:01:00', '2019-09-25 12:01:00'),
(3027, 'A', NULL, NULL, '2019-09-25 12:01:00', '2019-09-25 12:01:00'),
(3028, 'A', NULL, NULL, '2019-09-25 12:01:00', '2019-09-25 12:01:00'),
(3029, '18', '1', 'B', '2019-09-25 12:01:00', '2019-09-25 12:01:00'),
(3030, 'A', NULL, NULL, '2019-09-25 12:01:00', '2019-09-25 12:01:00'),
(3031, 'A', NULL, NULL, '2019-09-25 12:01:00', '2019-09-25 12:01:00'),
(3032, '21', '1', 'B', '2019-09-25 12:01:00', '2019-09-25 12:01:00'),
(3033, '22', '1', 'B', '2019-09-25 12:01:00', '2019-09-25 12:01:00'),
(3034, '23', '1', 'B', '2019-09-25 12:01:00', '2019-09-25 12:01:00'),
(3035, '1', '1', 'B', '2019-09-25 12:01:40', '2019-09-25 12:01:40'),
(3036, '2', '1', 'B', '2019-09-25 12:01:40', '2019-09-25 12:01:40'),
(3037, '3', '1', 'B', '2019-09-25 12:01:40', '2019-09-25 12:01:40'),
(3038, '4', '1', 'B', '2019-09-25 12:01:40', '2019-09-25 12:01:40'),
(3039, '5', '1', 'B', '2019-09-25 12:01:40', '2019-09-25 12:01:40'),
(3040, '6', '1', 'B', '2019-09-25 12:01:40', '2019-09-25 12:01:40'),
(3041, '7', '1', 'B', '2019-09-25 12:01:40', '2019-09-25 12:01:40'),
(3042, '8', '1', 'B', '2019-09-25 12:01:40', '2019-09-25 12:01:40'),
(3043, '9', '1', 'B', '2019-09-25 12:01:40', '2019-09-25 12:01:40'),
(3044, '10', '1', 'B', '2019-09-25 12:01:40', '2019-09-25 12:01:40'),
(3045, '11', '1', 'B', '2019-09-25 12:01:40', '2019-09-25 12:01:40'),
(3046, '12', '1', 'B', '2019-09-25 12:01:40', '2019-09-25 12:01:40'),
(3047, 'A', NULL, NULL, '2019-09-25 12:01:40', '2019-09-25 12:01:40'),
(3048, 'A', NULL, NULL, '2019-09-25 12:01:40', '2019-09-25 12:01:40'),
(3049, '15', '1', 'B', '2019-09-25 12:01:40', '2019-09-25 12:01:40'),
(3050, 'A', NULL, NULL, '2019-09-25 12:01:40', '2019-09-25 12:01:40'),
(3051, 'A', NULL, NULL, '2019-09-25 12:01:40', '2019-09-25 12:01:40'),
(3052, '18', '1', 'B', '2019-09-25 12:01:40', '2019-09-25 12:01:40'),
(3053, 'A', NULL, NULL, '2019-09-25 12:01:40', '2019-09-25 12:01:40'),
(3054, 'A', NULL, NULL, '2019-09-25 12:01:40', '2019-09-25 12:01:40'),
(3055, '21', '1', 'B', '2019-09-25 12:01:40', '2019-09-25 12:01:40'),
(3056, '22', '1', 'B', '2019-09-25 12:01:40', '2019-09-25 12:01:40'),
(3057, '23', '1', 'B', '2019-09-25 12:01:40', '2019-09-25 12:01:40');

-- --------------------------------------------------------

--
-- Table structure for table `password_resets`
--

CREATE TABLE `password_resets` (
  `email` varchar(191) COLLATE utf8mb4_unicode_ci NOT NULL,
  `token` varchar(191) COLLATE utf8mb4_unicode_ci NOT NULL,
  `created_at` timestamp NULL DEFAULT NULL
) ENGINE=InnoDB DEFAULT CHARSET=utf8mb4 COLLATE=utf8mb4_unicode_ci;

--
-- Dumping data for table `password_resets`
--

INSERT INTO `password_resets` (`email`, `token`, `created_at`) VALUES
('cenk@gmail.com', '$2y$10$OJbFM5Mqf3Rp.VKHtYex.OTepwloAk30JcLxdrIvK0R.yq2tm5rRm', '2019-04-05 19:06:47'),
('gunaykarli@gmail.com', '$2y$10$mqVvsGUO04./cVSdFYTWDuBbX5Na.Tq7oU/lEMKUqaox4CfJILxn.', '2019-09-03 12:45:43'),
('h@g.com', '$2y$10$DJAaghPrP55se6lyM/w3o.05Le7YP8G9lQjpiusY./MxIiBDy80bi', '2019-09-04 09:04:02'),
('ga@g.com', '$2y$10$fNK.lBpiLzTd1i/mUuc/meeoIGXPt1ShZwG82uIiccK2tqwb6N032', '2019-09-06 12:44:06');

-- --------------------------------------------------------

--
-- Table structure for table `plausibilities`
--

CREATE TABLE `plausibilities` (
  `id` int(10) UNSIGNED NOT NULL,
  `vodafone_tariff_id` smallint(6) NOT NULL,
  `min_period_of_validity` smallint(6) NOT NULL,
  `debit_authorization` smallint(6) NOT NULL,
  `subsidy_authorization` smallint(6) NOT NULL,
  `IMEI_acquisition` smallint(6) NOT NULL,
  `telephone_book_entry` smallint(6) NOT NULL,
  `fax_book_entry` smallint(6) NOT NULL,
  `general_agreement` smallint(6) NOT NULL,
  `VF_home_address` smallint(6) NOT NULL,
  `ultra_card` smallint(6) NOT NULL,
  `FN_porting` smallint(6) NOT NULL,
  `AO_bundle` smallint(6) NOT NULL,
  `member_type` smallint(6) NOT NULL,
  `group_must` smallint(6) NOT NULL,
  `tariff_type` smallint(6) NOT NULL,
  `created_at` timestamp NULL DEFAULT NULL,
  `updated_at` timestamp NULL DEFAULT NULL
) ENGINE=InnoDB DEFAULT CHARSET=utf8mb4 COLLATE=utf8mb4_unicode_ci;

--
-- Dumping data for table `plausibilities`
--

INSERT INTO `plausibilities` (`id`, `vodafone_tariff_id`, `min_period_of_validity`, `debit_authorization`, `subsidy_authorization`, `IMEI_acquisition`, `telephone_book_entry`, `fax_book_entry`, `general_agreement`, `VF_home_address`, `ultra_card`, `FN_porting`, `AO_bundle`, `member_type`, `group_must`, `tariff_type`, `created_at`, `updated_at`) VALUES
(1, 1, 20, 11, 3, 1, 5, 1, 1, 1, 1, 1, 1, 1, 1, 11, '2019-02-19 09:17:42', '2019-02-19 09:17:42'),
(2, 2, 21, 11, 2, 3, 1, 5, 1, 1, 8, 1, 9, 1, 10, 11, '2019-02-19 09:35:16', '2019-02-19 09:35:16'),
(3, 3, 24, 2, 1, 1, 1, 1, 1, 1, 1, 1, 1, 1, 1, 1, '2019-02-19 12:24:53', '2019-02-19 12:24:53'),
(4, 4, 24, 2, 1, 1, 1, 1, 1, 1, 1, 1, 1, 1, 1, 1, '2019-02-19 12:27:11', '2019-02-19 12:27:11'),
(5, 5, 24, 2, 1, 1, 1, 1, 1, 1, 1, 1, 1, 1, 1, 1, '2019-02-19 12:41:08', '2019-02-19 12:41:08'),
(6, 6, 24, 2, 1, 1, 1, 1, 1, 1, 1, 1, 1, 1, 1, 1, '2019-02-19 12:44:55', '2019-02-19 12:44:55'),
(7, 7, 23, 1, 2, 1, 1, 1, 1, 1, 1, 1, 1, 1, 1, 1, '2019-02-20 09:35:11', '2019-02-20 09:35:11'),
(8, 8, 24, 2, 1, 1, 1, 1, 1, 1, 1, 1, 1, 1, 1, 1, '2019-02-19 12:52:11', '2019-02-19 12:52:11'),
(9, 9, 24, 2, 1, 1, 1, 1, 1, 1, 1, 1, 1, 1, 1, 1, '2019-02-20 08:47:59', '2019-02-20 08:47:59'),
(10, 10, 23, 1, 2, 1, 1, 1, 1, 1, 1, 1, 1, 1, 1, 1, '2019-02-20 08:53:55', '2019-02-20 08:53:55'),
(11, 11, 23, 1, 2, 1, 1, 1, 1, 1, 1, 1, 1, 1, 1, 1, '2019-02-20 08:57:26', '2019-02-20 08:57:26'),
(12, 12, 23, 1, 2, 1, 1, 1, 1, 1, 1, 1, 1, 1, 1, 1, '2019-02-20 09:12:43', '2019-02-20 09:12:43'),
(13, 13, 23, 1, 2, 1, 1, 1, 1, 1, 1, 1, 1, 1, 1, 1, '2019-02-20 09:14:58', '2019-02-20 09:14:58'),
(14, 14, 23, 1, 2, 1, 1, 1, 1, 1, 1, 1, 1, 1, 1, 1, '2019-02-20 09:17:16', '2019-02-20 09:17:16'),
(15, 15, 23, 1, 2, 1, 1, 1, 1, 1, 1, 1, 1, 1, 1, 1, '2019-02-20 09:21:05', '2019-02-20 09:21:05'),
(16, 16, 23, 1, 2, 1, 1, 1, 1, 1, 1, 1, 1, 1, 1, 1, '2019-02-20 09:23:46', '2019-02-20 09:23:46'),
(17, 17, 23, 1, 2, 1, 1, 1, 1, 1, 1, 1, 1, 1, 1, 1, '2019-02-20 09:25:22', '2019-02-20 09:25:22'),
(18, 18, 23, 1, 2, 1, 1, 1, 1, 1, 1, 1, 1, 1, 1, 1, '2019-02-20 09:26:26', '2019-02-20 09:26:26'),
(138, 140, 36, 1, 1, 1, 1, 1, 1, 1, 1, 1, 1, 1, 1, 3, '2019-09-30 12:27:58', '2019-09-30 12:27:58'),
(139, 141, 24, 1, 5, 1, 1, 1, 1, 1, 6, 1, 1, 1, 6, 9, '2019-09-30 12:39:51', '2019-10-02 08:44:44');

-- --------------------------------------------------------

--
-- Table structure for table `postcodes`
--

CREATE TABLE `postcodes` (
  `id` int(10) UNSIGNED NOT NULL,
  `postcode` varchar(5) COLLATE utf8mb4_unicode_ci NOT NULL,
  `district` varchar(191) COLLATE utf8mb4_unicode_ci NOT NULL,
  `city` varchar(191) COLLATE utf8mb4_unicode_ci NOT NULL,
  `state` varchar(191) COLLATE utf8mb4_unicode_ci NOT NULL,
  `country` varchar(191) COLLATE utf8mb4_unicode_ci NOT NULL,
  `created_at` timestamp NULL DEFAULT NULL,
  `updated_at` timestamp NULL DEFAULT NULL
) ENGINE=InnoDB DEFAULT CHARSET=utf8mb4 COLLATE=utf8mb4_unicode_ci;

-- --------------------------------------------------------

--
-- Table structure for table `postcode_region_vbs`
--

CREATE TABLE `postcode_region_vbs` (
  `id` int(10) UNSIGNED NOT NULL,
  `postcode` varchar(5) COLLATE utf8mb4_unicode_ci NOT NULL,
  `provider_id` int(11) NOT NULL,
  `region_id` int(11) NOT NULL,
  `primary_VB_id` int(11) NOT NULL,
  `secondary_VB_id` int(11) NOT NULL,
  `created_at` timestamp NULL DEFAULT NULL,
  `updated_at` timestamp NULL DEFAULT NULL
) ENGINE=InnoDB DEFAULT CHARSET=utf8mb4 COLLATE=utf8mb4_unicode_ci;

--
-- Dumping data for table `postcode_region_vbs`
--

INSERT INTO `postcode_region_vbs` (`id`, `postcode`, `provider_id`, `region_id`, `primary_VB_id`, `secondary_VB_id`, `created_at`, `updated_at`) VALUES
(1, '26871', 1, 3, 19, 18, '2018-12-20 07:03:11', '2018-12-20 10:28:01'),
(2, '26892', 1, 3, 19, 20, '2018-12-20 07:03:11', '2018-12-20 07:03:11'),
(3, '26897', 1, 3, 19, 20, '2018-12-20 07:03:11', '2018-12-20 07:03:11'),
(4, '26899', 1, 3, 19, 20, '2018-12-20 07:03:11', '2018-12-20 07:03:11'),
(5, '26901', 1, 3, 21, 18, '2018-12-20 07:03:11', '2018-12-20 10:28:01'),
(6, '26903', 1, 3, 21, 20, '2018-12-20 07:03:11', '2018-12-20 07:03:11'),
(7, '33102', 1, 3, 21, 20, '2018-12-20 07:03:11', '2018-12-20 07:03:11'),
(8, '33104', 1, 3, 21, 20, '2018-12-20 07:03:11', '2018-12-20 07:03:11'),
(9, '33106', 1, 3, 21, 20, '2018-12-20 07:03:11', '2018-12-20 07:03:11'),
(10, '33129', 1, 3, 21, 20, '2018-12-20 07:03:11', '2018-12-20 07:03:11'),
(11, '33142', 1, 3, 19, 18, '2018-12-20 07:03:11', '2018-12-20 07:03:11'),
(12, '33154', 1, 3, 21, 20, '2018-12-20 07:03:11', '2018-12-20 07:03:11'),
(13, '33161', 1, 3, 21, 20, '2018-12-20 07:03:11', '2018-12-20 07:03:11'),
(14, '33165', 1, 3, 21, 20, '2018-12-20 07:03:11', '2018-12-20 07:03:11'),
(15, '33335', 1, 3, 21, 20, '2018-12-20 07:03:11', '2018-12-20 07:03:11'),
(16, '33378', 1, 3, 19, 18, '2018-12-20 07:03:11', '2018-12-20 07:03:11'),
(17, '33397', 1, 3, 21, 20, '2018-12-20 07:03:11', '2018-12-20 07:03:11'),
(18, '33415', 1, 3, 21, 20, '2018-12-20 07:03:11', '2018-12-20 07:03:11'),
(19, '33428', 1, 3, 21, 20, '2018-12-20 07:03:11', '2018-12-20 07:03:11'),
(20, '33442', 1, 3, 19, 18, '2018-12-20 07:03:11', '2018-12-20 07:03:11'),
(21, '33449', 1, 3, 19, 18, '2018-12-20 07:03:11', '2018-12-20 07:03:11'),
(22, '33602', 1, 3, 21, 20, '2018-12-20 07:03:11', '2018-12-20 07:03:11'),
(23, '33604', 1, 3, 21, 20, '2018-12-20 07:03:12', '2018-12-20 07:03:12'),
(24, '33178', 1, 3, 21, 20, '2018-12-20 07:03:12', '2018-12-20 07:03:12'),
(25, '33179', 1, 3, 21, 20, '2018-12-20 07:03:12', '2018-12-20 07:03:12');

-- --------------------------------------------------------

--
-- Table structure for table `properties`
--

CREATE TABLE `properties` (
  `id` int(10) UNSIGNED NOT NULL,
  `name` varchar(191) COLLATE utf8mb4_unicode_ci NOT NULL,
  `category` varchar(191) COLLATE utf8mb4_unicode_ci NOT NULL,
  `data_type` varchar(191) COLLATE utf8mb4_unicode_ci NOT NULL,
  `unit` varchar(191) COLLATE utf8mb4_unicode_ci NOT NULL,
  `created_at` timestamp NULL DEFAULT NULL,
  `updated_at` timestamp NULL DEFAULT NULL
) ENGINE=InnoDB DEFAULT CHARSET=utf8mb4 COLLATE=utf8mb4_unicode_ci;

--
-- Dumping data for table `properties`
--

INSERT INTO `properties` (`id`, `name`, `category`, `data_type`, `unit`, `created_at`, `updated_at`) VALUES
(1, 'Telefonie', 'Tarifvorteile', 'boolean', '', '2019-02-12 23:00:00', '0000-00-00 00:00:00'),
(2, 'Internet', 'Tarifvorteile', 'boolean', '', '2019-02-12 23:00:00', '0000-00-00 00:00:00'),
(3, 'SMS', 'Tarifvorteile', 'boolean', '', '2019-02-12 23:00:00', '0000-00-00 00:00:00'),
(4, 'Datenvolumen', 'Mobiles Internet', 'integer', 'GB', '2019-02-12 23:00:00', '0000-00-00 00:00:00'),
(5, 'max-Bandbreite', 'Mobiles Internet', 'integer', 'Mbit/s', '2019-02-12 23:00:00', '0000-00-00 00:00:00'),
(6, 'LTE-fähig', 'Mobiles Internet', 'boolean', '', '2019-02-12 23:00:00', '0000-00-00 00:00:00'),
(7, 'Sonstige', 'Tarifvorteile', 'string', '', '2019-02-12 23:00:00', '0000-00-00 00:00:00');

-- --------------------------------------------------------

--
-- Table structure for table `property_tariff`
--

CREATE TABLE `property_tariff` (
  `id` int(10) UNSIGNED NOT NULL,
  `tariff_id` int(11) NOT NULL,
  `property_id` int(11) NOT NULL,
  `amount_of_value` float DEFAULT NULL,
  `text_of_value` varchar(191) COLLATE utf8mb4_unicode_ci DEFAULT NULL,
  `created_at` timestamp NULL DEFAULT NULL,
  `updated_at` timestamp NULL DEFAULT NULL
) ENGINE=InnoDB DEFAULT CHARSET=utf8mb4 COLLATE=utf8mb4_unicode_ci;

--
-- Dumping data for table `property_tariff`
--

INSERT INTO `property_tariff` (`id`, `tariff_id`, `property_id`, `amount_of_value`, `text_of_value`, `created_at`, `updated_at`) VALUES
(1, 1, 1, 0, 'Alle Netze Flat', '0000-00-00 00:00:00', '0000-00-00 00:00:00'),
(2, 1, 2, 1, 'Alle Netze Flat', '0000-00-00 00:00:00', '0000-00-00 00:00:00'),
(3, 1, 3, 1, 'Alle Netze Flat', '0000-00-00 00:00:00', '0000-00-00 00:00:00'),
(4, 1, 4, 12, '', '0000-00-00 00:00:00', '0000-00-00 00:00:00'),
(5, 1, 5, 500, '', '0000-00-00 00:00:00', '0000-00-00 00:00:00'),
(6, 1, 6, 1, '', '0000-00-00 00:00:00', '0000-00-00 00:00:00'),
(7, 2, 1, 1, 'Alle Netze Flat', '0000-00-00 00:00:00', '0000-00-00 00:00:00'),
(8, 2, 2, 1, 'Alle Netze Flat', '0000-00-00 00:00:00', '0000-00-00 00:00:00'),
(9, 2, 3, 0, 'Alle Netze Flat', '0000-00-00 00:00:00', '0000-00-00 00:00:00'),
(10, 2, 4, 6, '', '0000-00-00 00:00:00', '0000-00-00 00:00:00'),
(11, 2, 5, 510, '', '0000-00-00 00:00:00', '0000-00-00 00:00:00'),
(12, 2, 6, 1, '', '0000-00-00 00:00:00', '0000-00-00 00:00:00'),
(13, 3, 1, 0, 'Alle Netze Flat', '0000-00-00 00:00:00', '0000-00-00 00:00:00'),
(14, 3, 2, 0, 'Alle Netze Flat', '0000-00-00 00:00:00', '0000-00-00 00:00:00'),
(15, 3, 3, 1, 'Alle Netze Flat', '0000-00-00 00:00:00', '0000-00-00 00:00:00'),
(16, 3, 4, 6, '', '0000-00-00 00:00:00', '0000-00-00 00:00:00'),
(17, 3, 5, 520, '', '0000-00-00 00:00:00', '0000-00-00 00:00:00'),
(18, 3, 6, 1, '', '0000-00-00 00:00:00', '0000-00-00 00:00:00'),
(19, 4, 1, 1, 'Alle Netze Flat', '0000-00-00 00:00:00', '0000-00-00 00:00:00'),
(20, 4, 2, 1, 'Alle Netze Flat', '0000-00-00 00:00:00', '0000-00-00 00:00:00'),
(21, 4, 3, 0, 'Alle Netze Flat', '0000-00-00 00:00:00', '0000-00-00 00:00:00'),
(22, 4, 4, 6, '', '0000-00-00 00:00:00', '0000-00-00 00:00:00'),
(23, 4, 5, 530, '', '0000-00-00 00:00:00', '0000-00-00 00:00:00'),
(24, 4, 6, 1, '', '0000-00-00 00:00:00', '0000-00-00 00:00:00'),
(25, 5, 1, 1, 'Alle Netze Flat', '0000-00-00 00:00:00', '0000-00-00 00:00:00'),
(26, 5, 2, 0, 'Alle Netze Flat', '0000-00-00 00:00:00', '0000-00-00 00:00:00'),
(27, 5, 3, 1, 'Alle Netze Flat', '0000-00-00 00:00:00', '0000-00-00 00:00:00'),
(28, 5, 4, 5, '', '0000-00-00 00:00:00', '0000-00-00 00:00:00'),
(29, 5, 5, 540, '', '0000-00-00 00:00:00', '0000-00-00 00:00:00'),
(30, 5, 6, 1, '', '0000-00-00 00:00:00', '0000-00-00 00:00:00'),
(31, 6, 1, 1, 'Alle Netze Flat', '0000-00-00 00:00:00', '0000-00-00 00:00:00'),
(32, 6, 2, 1, 'Alle Netze Flat', '0000-00-00 00:00:00', '0000-00-00 00:00:00'),
(33, 6, 3, 1, 'Alle Netze Flat', '0000-00-00 00:00:00', '0000-00-00 00:00:00'),
(34, 6, 4, 5, '', '0000-00-00 00:00:00', '0000-00-00 00:00:00'),
(35, 6, 5, 550, '', '0000-00-00 00:00:00', '0000-00-00 00:00:00'),
(36, 6, 6, 1, '', '0000-00-00 00:00:00', '0000-00-00 00:00:00'),
(37, 7, 1, 1, 'Alle Netze Flat', '0000-00-00 00:00:00', '0000-00-00 00:00:00'),
(38, 7, 2, 1, 'Alle Netze Flat', '0000-00-00 00:00:00', '0000-00-00 00:00:00'),
(39, 7, 3, 1, 'Alle Netze Flat', '0000-00-00 00:00:00', '0000-00-00 00:00:00'),
(40, 7, 4, 5, '', '0000-00-00 00:00:00', '0000-00-00 00:00:00'),
(41, 7, 5, 560, '', '0000-00-00 00:00:00', '0000-00-00 00:00:00'),
(42, 7, 6, 1, '', '0000-00-00 00:00:00', '0000-00-00 00:00:00'),
(43, 8, 1, 1, 'Alle Netze Flat', '0000-00-00 00:00:00', '0000-00-00 00:00:00'),
(44, 8, 2, 1, 'Alle Netze Flat', '0000-00-00 00:00:00', '0000-00-00 00:00:00'),
(45, 8, 3, 0, 'Alle Netze Flat', '0000-00-00 00:00:00', '0000-00-00 00:00:00'),
(46, 8, 4, 15, '', '0000-00-00 00:00:00', '0000-00-00 00:00:00'),
(47, 8, 5, 570, '', '0000-00-00 00:00:00', '0000-00-00 00:00:00'),
(48, 8, 6, 1, '', '0000-00-00 00:00:00', '0000-00-00 00:00:00'),
(49, 9, 1, 1, 'Alle Netze Flat', '0000-00-00 00:00:00', '0000-00-00 00:00:00'),
(50, 9, 2, 1, 'Alle Netze Flat', '0000-00-00 00:00:00', '0000-00-00 00:00:00'),
(51, 9, 3, 1, 'Alle Netze Flat', '0000-00-00 00:00:00', '0000-00-00 00:00:00'),
(52, 9, 4, 15, '', '0000-00-00 00:00:00', '0000-00-00 00:00:00'),
(53, 9, 5, 580, '', '0000-00-00 00:00:00', '0000-00-00 00:00:00'),
(54, 9, 6, 1, '', '0000-00-00 00:00:00', '0000-00-00 00:00:00'),
(55, 10, 1, 1, 'Alle Netze Flat', '0000-00-00 00:00:00', '0000-00-00 00:00:00'),
(56, 10, 2, 1, 'Alle Netze Flat', '0000-00-00 00:00:00', '0000-00-00 00:00:00'),
(57, 10, 3, 1, 'Alle Netze Flat', '0000-00-00 00:00:00', '0000-00-00 00:00:00'),
(58, 10, 4, 8, '', '0000-00-00 00:00:00', '0000-00-00 00:00:00'),
(59, 10, 5, 590, '', '0000-00-00 00:00:00', '0000-00-00 00:00:00'),
(60, 10, 6, 1, '', '0000-00-00 00:00:00', '0000-00-00 00:00:00'),
(61, 11, 1, 1, 'Alle Netze Flat', '0000-00-00 00:00:00', '0000-00-00 00:00:00'),
(62, 11, 2, 1, 'Alle Netze Flat', '0000-00-00 00:00:00', '0000-00-00 00:00:00'),
(63, 11, 3, 0, 'Alle Netze Flat', '0000-00-00 00:00:00', '0000-00-00 00:00:00'),
(64, 11, 4, 8, '', '0000-00-00 00:00:00', '0000-00-00 00:00:00'),
(65, 11, 5, 600, '', '0000-00-00 00:00:00', '0000-00-00 00:00:00'),
(66, 11, 6, 1, '', '0000-00-00 00:00:00', '0000-00-00 00:00:00'),
(67, 12, 1, 1, 'Alle Netze Flat', '0000-00-00 00:00:00', '0000-00-00 00:00:00'),
(68, 12, 2, 1, 'Alle Netze Flat', '0000-00-00 00:00:00', '0000-00-00 00:00:00'),
(69, 12, 3, 1, 'Alle Netze Flat', '0000-00-00 00:00:00', '0000-00-00 00:00:00'),
(70, 12, 4, 8, '', '0000-00-00 00:00:00', '0000-00-00 00:00:00'),
(71, 12, 5, 610, '', '0000-00-00 00:00:00', '0000-00-00 00:00:00'),
(72, 12, 6, 1, '', '0000-00-00 00:00:00', '0000-00-00 00:00:00'),
(73, 13, 1, 0, 'Alle Netze Flat', '0000-00-00 00:00:00', '0000-00-00 00:00:00'),
(74, 13, 2, 1, 'Alle Netze Flat', '0000-00-00 00:00:00', '0000-00-00 00:00:00'),
(75, 13, 3, 1, 'Alle Netze Flat', '0000-00-00 00:00:00', '0000-00-00 00:00:00'),
(76, 13, 4, 8, '', '0000-00-00 00:00:00', '0000-00-00 00:00:00'),
(77, 13, 5, 620, '', '0000-00-00 00:00:00', '0000-00-00 00:00:00'),
(78, 13, 6, 1, '', '0000-00-00 00:00:00', '0000-00-00 00:00:00'),
(79, 14, 1, 0, 'Alle Netze Flat', '0000-00-00 00:00:00', '0000-00-00 00:00:00'),
(80, 14, 2, 0, 'Alle Netze Flat', '0000-00-00 00:00:00', '0000-00-00 00:00:00'),
(81, 14, 3, 1, 'Alle Netze Flat', '0000-00-00 00:00:00', '0000-00-00 00:00:00'),
(82, 14, 4, 10, '', '0000-00-00 00:00:00', '0000-00-00 00:00:00'),
(83, 14, 5, 630, '', '0000-00-00 00:00:00', '0000-00-00 00:00:00'),
(84, 14, 6, 1, '', '0000-00-00 00:00:00', '0000-00-00 00:00:00'),
(85, 15, 1, 1, 'Alle Netze Flat', '0000-00-00 00:00:00', '0000-00-00 00:00:00'),
(86, 15, 2, 1, 'Alle Netze Flat', '0000-00-00 00:00:00', '0000-00-00 00:00:00'),
(87, 15, 3, 0, 'Alle Netze Flat', '0000-00-00 00:00:00', '0000-00-00 00:00:00'),
(88, 15, 4, 10, '', '0000-00-00 00:00:00', '0000-00-00 00:00:00'),
(89, 15, 5, 640, '', '0000-00-00 00:00:00', '0000-00-00 00:00:00'),
(90, 15, 6, 0, '', '0000-00-00 00:00:00', '0000-00-00 00:00:00'),
(91, 16, 1, 0, 'Alle Netze Flat', '0000-00-00 00:00:00', '0000-00-00 00:00:00'),
(92, 16, 2, 1, 'Alle Netze Flat', '0000-00-00 00:00:00', '0000-00-00 00:00:00'),
(93, 16, 3, 1, 'Alle Netze Flat', '0000-00-00 00:00:00', '0000-00-00 00:00:00'),
(94, 16, 4, 10, '', '0000-00-00 00:00:00', '0000-00-00 00:00:00'),
(95, 16, 5, 650, '', '0000-00-00 00:00:00', '0000-00-00 00:00:00'),
(96, 16, 6, 0, '', '0000-00-00 00:00:00', '0000-00-00 00:00:00'),
(97, 17, 1, 0, 'Alle Netze Flat', '0000-00-00 00:00:00', '0000-00-00 00:00:00'),
(98, 17, 2, 1, 'Alle Netze Flat', '0000-00-00 00:00:00', '0000-00-00 00:00:00'),
(99, 17, 3, 1, 'Alle Netze Flat', '0000-00-00 00:00:00', '0000-00-00 00:00:00'),
(100, 17, 4, 10, '', '0000-00-00 00:00:00', '0000-00-00 00:00:00'),
(101, 17, 5, 660, '', '0000-00-00 00:00:00', '0000-00-00 00:00:00'),
(102, 17, 6, 0, '', '0000-00-00 00:00:00', '0000-00-00 00:00:00'),
(103, 18, 1, 0, 'Alle Netze Flat', '0000-00-00 00:00:00', '0000-00-00 00:00:00'),
(104, 18, 2, 1, 'Alle Netze Flat', '0000-00-00 00:00:00', '0000-00-00 00:00:00'),
(105, 18, 3, 1, 'Alle Netze Flat', '0000-00-00 00:00:00', '0000-00-00 00:00:00'),
(106, 18, 4, 10, '', '0000-00-00 00:00:00', '0000-00-00 00:00:00'),
(107, 18, 5, 670, '', '0000-00-00 00:00:00', '0000-00-00 00:00:00'),
(108, 18, 6, 0, '', '0000-00-00 00:00:00', '0000-00-00 00:00:00'),
(226, 28, 4, 7, 'GB', '2019-09-30 12:27:58', '2019-09-30 12:27:58'),
(227, 28, 5, 700, 'Mbit/s', '2019-09-30 12:27:58', '2019-09-30 12:27:58'),
(228, 28, 6, 0, 'LTE-fähig', '2019-09-30 12:27:58', '2019-09-30 12:27:58'),
(229, 28, 1, 1, 'Alle Netze Flat', '2019-09-30 12:27:58', '2019-09-30 12:27:58'),
(230, 28, 2, 1, 'Alle Netze Flat', '2019-09-30 12:27:58', '2019-09-30 12:27:58'),
(231, 28, 3, 1, 'Alle Netze Flat', '2019-09-30 12:27:58', '2019-09-30 12:27:58'),
(232, 28, 1, NULL, 'Lorem ipsum - Tel', '2019-09-30 12:27:58', '2019-09-30 12:27:58'),
(433, 29, 4, 9, 'GB', '2019-10-02 11:43:09', '2019-10-02 11:43:09'),
(434, 29, 5, 900, 'Mbit/s', '2019-10-02 11:43:09', '2019-10-02 11:43:09'),
(435, 29, 6, 0, 'LTE-fähig', '2019-10-02 11:43:09', '2019-10-02 11:43:09'),
(436, 29, 1, 1, 'Alle Netze Flat', '2019-10-02 11:43:09', '2019-10-02 11:43:09'),
(437, 29, 2, 1, 'Alle Netze Flat', '2019-10-02 11:43:09', '2019-10-02 11:43:09'),
(438, 29, 3, 1, 'Alle Netze Flat', '2019-10-02 11:43:09', '2019-10-02 11:43:09'),
(439, 29, 3, NULL, 'Lorem ipsum - SMS', '2019-10-02 11:43:09', '2019-10-02 11:43:09'),
(440, 29, 2, NULL, 'Lorem ipsum - Internet', '2019-10-02 11:43:09', '2019-10-02 11:43:09');

-- --------------------------------------------------------

--
-- Table structure for table `providers`
--

CREATE TABLE `providers` (
  `id` int(10) UNSIGNED NOT NULL,
  `name` varchar(191) COLLATE utf8mb4_unicode_ci NOT NULL,
  `created_at` timestamp NULL DEFAULT NULL,
  `updated_at` timestamp NULL DEFAULT NULL
) ENGINE=InnoDB DEFAULT CHARSET=utf8mb4 COLLATE=utf8mb4_unicode_ci;

--
-- Dumping data for table `providers`
--

INSERT INTO `providers` (`id`, `name`, `created_at`, `updated_at`) VALUES
(0, 'Toker', '2018-10-05 16:20:58', '2018-10-15 07:25:40'),
(1, 'Vodafone', '2018-10-05 16:20:58', '2018-10-15 07:25:40'),
(2, 'Ay Yıldız', '2018-10-05 17:40:12', '2018-10-22 10:56:15'),
(3, 'O2', '2018-10-05 18:45:40', '2018-10-10 09:59:19');

-- --------------------------------------------------------

--
-- Table structure for table `regions`
--

CREATE TABLE `regions` (
  `id` int(10) UNSIGNED NOT NULL,
  `name` varchar(191) COLLATE utf8mb4_unicode_ci NOT NULL,
  `abbreviation` varchar(9) COLLATE utf8mb4_unicode_ci NOT NULL,
  `provider_id` tinyint(4) NOT NULL,
  `created_at` timestamp NULL DEFAULT NULL,
  `updated_at` timestamp NULL DEFAULT NULL
) ENGINE=InnoDB DEFAULT CHARSET=utf8mb4 COLLATE=utf8mb4_unicode_ci;

--
-- Dumping data for table `regions`
--

INSERT INTO `regions` (`id`, `name`, `abbreviation`, `provider_id`, `created_at`, `updated_at`) VALUES
(1, 'Nord', 'NO', 0, '2018-12-14 15:21:36', '2018-12-17 16:58:40'),
(2, 'Nord', 'NW', 0, '2018-12-14 15:25:04', '2018-12-21 13:44:10'),
(3, 'Nord West', 'SO', 0, '2018-12-17 16:46:01', '2018-12-17 16:46:01'),
(4, 'Ost', 'SW', 0, '2018-12-17 16:46:33', '2018-12-17 16:46:33'),
(5, 'RM', 'MN', 1, '2018-12-17 16:47:18', '2018-12-17 16:47:18'),
(6, 'Süd', 'N', 1, '2018-12-17 16:48:03', '2018-12-17 16:48:03'),
(7, 'Süd West', 'ONO', 1, '2018-12-17 16:48:24', '2018-12-17 16:48:24'),
(8, 'West', 'S', 1, '2018-12-17 16:48:38', '2018-12-17 16:48:38'),
(9, 'West', 'WNW', 1, '2018-12-17 16:48:38', '2018-12-17 16:48:38');

-- --------------------------------------------------------

--
-- Table structure for table `registries`
--

CREATE TABLE `registries` (
  `id` int(10) UNSIGNED NOT NULL,
  `name` varchar(191) COLLATE utf8mb4_unicode_ci NOT NULL,
  `country` varchar(191) COLLATE utf8mb4_unicode_ci NOT NULL,
  `url` varchar(191) COLLATE utf8mb4_unicode_ci NOT NULL,
  `created_at` timestamp NULL DEFAULT NULL,
  `updated_at` timestamp NULL DEFAULT NULL
) ENGINE=InnoDB DEFAULT CHARSET=utf8mb4 COLLATE=utf8mb4_unicode_ci;

-- --------------------------------------------------------

--
-- Table structure for table `representatives`
--

CREATE TABLE `representatives` (
  `id` int(10) UNSIGNED NOT NULL,
  `name` varchar(191) COLLATE utf8mb4_unicode_ci NOT NULL,
  `surname` varchar(191) COLLATE utf8mb4_unicode_ci NOT NULL,
  `provider_id` int(11) NOT NULL,
  `region_id` int(11) DEFAULT NULL,
  `phone` varchar(191) COLLATE utf8mb4_unicode_ci DEFAULT NULL,
  `email` varchar(191) COLLATE utf8mb4_unicode_ci DEFAULT NULL,
  `created_at` timestamp NULL DEFAULT NULL,
  `updated_at` timestamp NULL DEFAULT NULL
) ENGINE=InnoDB DEFAULT CHARSET=utf8mb4 COLLATE=utf8mb4_unicode_ci;

--
-- Dumping data for table `representatives`
--

INSERT INTO `representatives` (`id`, `name`, `surname`, `provider_id`, `region_id`, `phone`, `email`, `created_at`, `updated_at`) VALUES
(1, ' Mehmet', 'Aladag', 1, 1, '0172 3060069', NULL, NULL, NULL),
(2, ' Maiko', 'Böhm', 1, 2, '0172 3077078', NULL, NULL, NULL),
(3, ' Melanie', 'Fichtner', 1, 2, '0172 3022622', NULL, NULL, NULL),
(4, ' Dirk', 'Förster', 1, 2, '0172 3055400', NULL, NULL, NULL),
(5, ' Corinna', 'Richter', 1, 2, '0173 6008050', NULL, NULL, NULL),
(6, ' Andreas', 'Sievert', 1, 2, '0172 3038003', NULL, NULL, NULL),
(7, ' Roland', 'Warwel', 1, 2, '0172 3131123', NULL, NULL, NULL),
(8, ' Michael', 'Wasmund', 1, 2, '0173 5887321', NULL, NULL, NULL),
(9, ' Bert', 'Behrendt', 1, 2, '0172 8436900', NULL, NULL, NULL),
(10, ' Jens', 'Eschke', 1, 2, '0172 4008830', NULL, NULL, NULL),
(11, ' Steffen', 'Lindequist', 1, 1, '0172 9911929', NULL, NULL, NULL),
(12, ' Thorsten', 'Mechela', 1, 1, '0172 4000270', NULL, NULL, NULL),
(13, ' Norbert', 'Semm', 1, 1, '0172 5435439', NULL, NULL, NULL),
(14, ' Antje', 'Schäfer', 1, 1, '0172 8440006', NULL, NULL, NULL),
(15, ' Marcus', 'Stehnken', 1, 1, '0172 5189000', NULL, NULL, NULL),
(16, ' Veronique ', 'Eggers', 1, 1, '0172 8461600', NULL, NULL, NULL),
(17, ' Eric', 'Schneider', 1, 1, '0172 8995077', NULL, NULL, NULL),
(18, ' Antonio', 'Chamorro', 1, 3, '0173-6509931', NULL, NULL, NULL),
(19, ' Falk', 'Hoppe', 1, 3, '0173-2865100', NULL, NULL, NULL),
(20, ' Christian', 'Hukemann', 1, 3, '0172-2869400', NULL, NULL, NULL),
(21, ' Matthias', 'Stürmer', 1, 3, '0172-2788830', NULL, NULL, NULL),
(22, ' Sebastian', 'Stampfus', 1, 3, '0172-2394194', NULL, NULL, NULL),
(23, ' Fried', 'Ahmad', 1, 3, '0172-9669696', NULL, NULL, NULL),
(24, ' Ergül', 'Kara', 1, 3, '0172-1700737', NULL, NULL, NULL),
(25, ' Bilitis', 'Naujoks', 1, 3, '0172-6579200', NULL, NULL, NULL),
(26, ' Ulf', 'Schmitt-Rodermund', 1, 3, '0172-2706699', NULL, NULL, NULL),
(27, ' Antonio', 'Salato', 1, 8, '0172-5131444', NULL, NULL, NULL),
(28, ' Martin', 'Dabrwoski', 1, 8, '0172-8430543', NULL, NULL, NULL),
(29, ' Sebastian', 'Fiddicke', 1, 8, '0172-1859599', NULL, NULL, NULL),
(30, ' Kerstin', 'Kraemer', 1, 8, '0172-2359603', NULL, NULL, NULL),
(31, ' Roland', 'Kalkavan', 1, 8, '0162-4084440', NULL, NULL, NULL),
(32, ' Frank', 'Meier', 1, 8, '0172-6513048', NULL, NULL, NULL),
(33, ' Karip', 'Muecahit', 1, 8, '0172-8854800', NULL, NULL, NULL),
(34, ' Ali', 'Ceylan', 1, 8, '0172-3222284', NULL, NULL, NULL),
(35, ' Peter', 'Bone', 1, 8, '0172-3810700', NULL, NULL, NULL),
(36, ' Ounal ', 'Ouzeir', 1, 8, '0172-5270800', NULL, NULL, NULL),
(37, ' Yilmaz', 'Köroglu', 1, 5, '0172 8113000', NULL, NULL, NULL),
(38, ' Marius', 'Kremser', 1, 5, '0172 6577660', NULL, NULL, NULL),
(39, ' Tom', 'Lewa', 1, 5, '0172 2038579', NULL, NULL, NULL),
(40, ' Markus', 'Mauer', 1, 5, '0172 6699784', NULL, NULL, NULL),
(41, ' Julia', 'Repplinger', 1, 5, '0172 6882121', NULL, NULL, NULL),
(42, ' Wolfgang             ', 'Raguse', 1, 5, '0172 9898011', NULL, NULL, NULL),
(43, ' Tomislav', 'Bunjevac', 1, 7, '0172 7201017', NULL, NULL, NULL),
(44, ' Akin', 'Kara', 1, 7, '0172 9898155', NULL, NULL, NULL),
(45, ' Daniel', 'Laufer', 1, 7, '0172 7109020', NULL, NULL, NULL),
(46, ' Frank', 'Maier', 1, 7, '0172 8661808', NULL, NULL, NULL),
(47, ' Robert', 'Pletes', 1, 7, '0172 7165556', NULL, NULL, NULL),
(48, ' Nüvit', 'Tuna', 1, 7, '0172 6255055', NULL, NULL, NULL),
(49, ' Steffen', 'Heine', 1, 7, '0172 7110188', NULL, NULL, NULL),
(50, ' Zafer', 'Bir', 1, 6, '0172 8909800', NULL, NULL, NULL),
(51, ' Marco', 'Klaus', 1, 6, '0173 2728044', NULL, NULL, NULL),
(52, ' René', 'Bechthold', 1, 6, '0172 8966685', NULL, NULL, NULL),
(53, ' Carina', 'Marks', 1, 6, '0172 3002029', NULL, NULL, NULL),
(54, ' André', 'Lanitz', 1, 6, '0 174 1686444', NULL, NULL, NULL),
(55, ' Edwin', 'Sichert', 1, 6, '0172 8600998', NULL, NULL, NULL),
(56, ' Engin', 'Erdem', 1, 6, '0 172 4062400', NULL, NULL, NULL),
(57, ' Roland', 'Lang', 1, 6, '0 170 7851125', NULL, NULL, NULL),
(58, ' Lars', 'Dobers', 1, 4, '0172 3584400', NULL, NULL, NULL),
(59, ' Torsten', 'Fleischer', 1, 4, '0173 5214716', NULL, NULL, NULL),
(60, ' Stephan', 'Jenke', 1, 4, '0172 3588887', NULL, NULL, NULL),
(61, ' Jörg', 'Kaufmann-Herzog', 1, 4, '0172 3545555', NULL, NULL, NULL),
(62, ' Alexander', 'Raschick', 1, 4, '0172 3777033', NULL, NULL, NULL),
(63, ' Jens', 'Weigand', 1, 4, '0172 3525025', NULL, NULL, NULL),
(64, ' Susann', 'Wiederhold', 1, 4, '0172 3437370', NULL, NULL, NULL),
(65, ' Sebastian', 'Falk', 1, 4, '0173 5172030', 's@gmail.com', NULL, NULL),
(66, ' Norman', 'Pfalzer', 1, 4, '0173 3950297', NULL, NULL, NULL);

-- --------------------------------------------------------

--
-- Table structure for table `roles`
--

CREATE TABLE `roles` (
  `id` int(10) UNSIGNED NOT NULL,
  `name` varchar(191) COLLATE utf8mb4_unicode_ci NOT NULL,
  `long_name` varchar(191) COLLATE utf8mb4_unicode_ci NOT NULL,
  `description` varchar(191) COLLATE utf8mb4_unicode_ci NOT NULL,
  `lang_key_for_description` varchar(191) COLLATE utf8mb4_unicode_ci NOT NULL,
  `created_at` timestamp NULL DEFAULT NULL,
  `updated_at` timestamp NULL DEFAULT NULL
) ENGINE=InnoDB DEFAULT CHARSET=utf8mb4 COLLATE=utf8mb4_unicode_ci;

--
-- Dumping data for table `roles`
--

INSERT INTO `roles` (`id`, `name`, `long_name`, `description`, `lang_key_for_description`, `created_at`, `updated_at`) VALUES
(1, 'role1', 'System Administrator', '', 'role1', NULL, NULL),
(2, 'role2', 'Tokas Power User ', '', 'role2', NULL, NULL),
(3, 'role3', 'Toker User', '', 'role3', NULL, NULL),
(4, 'role4', 'Dealer Power User', '', 'role4', NULL, NULL),
(5, 'role5', 'Dealer User', '', 'role5', NULL, NULL),
(6, 'role6', 'Quest', '', 'role6', NULL, NULL);

-- --------------------------------------------------------

--
-- Table structure for table `roles_authorizations`
--

CREATE TABLE `roles_authorizations` (
  `id` int(10) UNSIGNED NOT NULL,
  `system_feature_id` int(11) NOT NULL,
  `permission_of_role1` tinyint(1) NOT NULL,
  `permission_of_role2` tinyint(1) NOT NULL,
  `permission_of_role3` tinyint(1) NOT NULL,
  `permission_of_role4` tinyint(1) NOT NULL,
  `permission_of_role5` tinyint(1) NOT NULL,
  `permission_of_role6` tinyint(1) NOT NULL,
  `created_at` timestamp NULL DEFAULT NULL,
  `updated_at` timestamp NULL DEFAULT NULL
) ENGINE=InnoDB DEFAULT CHARSET=utf8mb4 COLLATE=utf8mb4_unicode_ci;

--
-- Dumping data for table `roles_authorizations`
--

INSERT INTO `roles_authorizations` (`id`, `system_feature_id`, `permission_of_role1`, `permission_of_role2`, `permission_of_role3`, `permission_of_role4`, `permission_of_role5`, `permission_of_role6`, `created_at`, `updated_at`) VALUES
(1, 1, 1, 1, 0, 0, 0, 0, '2018-11-27 08:02:03', '2019-07-08 15:53:45'),
(2, 7, 1, 1, 1, 1, 0, 0, '2018-11-27 08:05:41', '2018-12-13 15:38:29'),
(3, 8, 1, 1, 1, 1, 1, 0, '2018-11-27 08:06:57', '2018-11-27 08:06:57'),
(4, 9, 1, 1, 0, 1, 0, 0, '2018-11-28 09:46:13', '2018-11-28 09:46:13'),
(5, 10, 1, 1, 1, 1, 1, 0, '2018-11-28 09:53:17', '2018-11-28 09:53:17'),
(6, 11, 1, 1, 0, 1, 0, 0, '2018-11-28 14:01:49', '2018-11-28 14:01:49'),
(7, 12, 1, 1, 1, 1, 0, 0, '2018-11-29 06:25:38', '2018-11-29 06:25:38'),
(8, 13, 1, 1, 0, 1, 0, 0, '2018-11-29 07:56:19', '2018-11-29 07:56:19'),
(9, 14, 1, 1, 0, 1, 0, 0, '2018-11-29 07:57:23', '2018-11-29 07:57:23'),
(10, 15, 1, 1, 1, 1, 0, 0, '2019-07-08 16:22:57', '2019-07-08 16:22:57');

-- --------------------------------------------------------

--
-- Table structure for table `services`
--

CREATE TABLE `services` (
  `id` int(10) UNSIGNED NOT NULL,
  `code` varchar(191) COLLATE utf8mb4_unicode_ci NOT NULL,
  `name` varchar(191) COLLATE utf8mb4_unicode_ci NOT NULL,
  `type` smallint(6) NOT NULL,
  `provider_id` int(11) NOT NULL,
  `created_at` timestamp NULL DEFAULT NULL,
  `updated_at` timestamp NULL DEFAULT NULL
) ENGINE=InnoDB DEFAULT CHARSET=utf8mb4 COLLATE=utf8mb4_unicode_ci;

--
-- Dumping data for table `services`
--

INSERT INTO `services` (`id`, `code`, `name`, `type`, `provider_id`, `created_at`, `updated_at`) VALUES
(1, '01INTMIN3', 'Vodafone Internationale Minutenoption 30', 2, 1, '2019-02-19 23:00:00', '2019-02-19 23:00:00'),
(2, '01INTMIN6', 'Vodafone Internationale Minutenoption 60', 2, 1, '2019-02-19 23:00:00', '2019-02-19 23:00:00'),
(3, '01REDPL1G', 'Vodafone Red 1 GB Datenoption', 1, 1, '2019-02-19 23:00:00', '2019-02-19 23:00:00'),
(4, '01REDPL2G', 'Vodafone Red 2 GB Datenoption', 1, 1, '2019-02-19 23:00:00', '2019-02-19 23:00:00'),
(5, '01REDPL3G', 'Vodafone Red 3 GB Datenoption', 1, 1, '2019-02-19 23:00:00', '2019-02-19 23:00:00'),
(6, '01REDPL4G', 'Vodafone Red 4 GB Datenoption', 1, 1, '2019-02-19 23:00:00', '2019-02-19 23:00:00'),
(7, '01REDPL5G', 'Vodafone Red 5 GB Datenoption', 1, 1, '2019-02-19 23:00:00', '2019-02-19 23:00:00'),
(8, '01REDPL6G', 'Vodafone Red 6 GB Datenoption', 1, 1, '2019-02-19 23:00:00', '2019-02-19 23:00:00'),
(9, '01REDPL7G', 'Vodafone Red 7 GB Datenoption', 1, 1, '2019-02-19 23:00:00', '2019-02-19 23:00:00'),
(10, '01REDPL8G', 'Vodafone Red 8 GB Datenoption', 1, 1, '2019-02-19 23:00:00', '2019-02-19 23:00:00'),
(11, '01REDPL9G', 'Vodafone Red 9 GB Datenoption', 1, 1, '2019-02-19 23:00:00', '2019-02-19 23:00:00'),
(12, '01REPL10G', 'Vodafone Red 10 GB Datenoption', 1, 1, '2019-02-19 23:00:00', '2019-02-19 23:00:00'),
(13, '24BBPMACT', 'BlackBerry Nutzung (BES)', 1, 1, '2019-02-19 23:00:00', '2019-02-19 23:00:00'),
(14, '24BISPACT', 'BlackBerry Nutzung (BIS)', 1, 1, '2019-02-19 23:00:00', '2019-02-19 23:00:00'),
(15, '24EMFLP', 'Vodafone live! E-M@ilFlat Plus', 1, 1, '2019-02-19 23:00:00', '2019-02-19 23:00:00'),
(16, '24EMFL_HL', 'Vodafone live! E-M@ilFlat', 1, 1, '2019-02-19 23:00:00', '2019-02-19 23:00:00'),
(17, '24FRHAPAB', 'Vodafone-HappyAbend', 2, 1, '2019-02-19 23:00:00', '2019-02-19 23:00:00'),
(18, '24FRHAPWE', 'Vodafone-HappyWochenende', 2, 1, '2019-02-19 23:00:00', '2019-02-19 23:00:00'),
(19, '24GPRSECM', 'Vodafone E-MailConnect M', 1, 1, '2019-02-19 23:00:00', '2019-02-19 23:00:00'),
(20, '24HATAV17', 'Vodafone Handy- und Tabletversicherung', 2, 1, '2019-02-19 23:00:00', '2019-02-19 23:00:00'),
(21, '24INSTMU', 'Vodafone InstantMessaging', 1, 1, '2019-02-19 23:00:00', '2019-02-19 23:00:00'),
(22, '24LTE_L', 'Vodafone LTE Option', 1, 1, '2019-02-19 23:00:00', '2019-02-19 23:00:00'),
(23, '24MBB3G1', 'Vodafone MobileInternet Flat 1.8', 1, 1, '2019-02-19 23:00:00', '2019-02-19 23:00:00'),
(24, '24MBB3G14', 'Vodafone MobileInternet Flat 14,4', 1, 1, '2019-02-19 23:00:00', '2019-02-19 23:00:00'),
(25, '24MBB3G21', 'Vodafone MobileInternet Flat 21,6', 1, 1, '2019-02-19 23:00:00', '2019-02-19 23:00:00'),
(26, '24MBB3G3', 'Vodafone MobileInternet Flat 3,6', 1, 1, '2019-02-19 23:00:00', '2019-02-19 23:00:00'),
(27, '24MBB3G50', 'Vodafone MobileInternet Flat 50', 1, 1, '2019-02-19 23:00:00', '2019-02-19 23:00:00'),
(28, '24MBB3G7', 'Vodafone MobileInternet Flat 7,2', 1, 1, '2019-02-19 23:00:00', '2019-02-19 23:00:00'),
(29, '24MBB3MG3', 'Vodafone MobileInternet Flat 3,6 Light', 1, 1, '2019-02-19 23:00:00', '2019-02-19 23:00:00'),
(30, '24MCR150W', 'Vodafone-Mobile Connect World Option 150 MB', 1, 1, '2019-02-19 23:00:00', '2019-02-19 23:00:00'),
(31, '24MCR15EU', 'Vodafone-Mobile Connect Europe Option 150 MB', 1, 1, '2019-02-19 23:00:00', '2019-02-19 23:00:00'),
(32, '24MCR1GEU', 'Vodafone-Mobile Connect Europe Option 1 GB', 1, 1, '2019-02-19 23:00:00', '2019-02-19 23:00:00'),
(33, '24MCR500W', 'Vodafone-Mobile Connect World Option 500 MB', 1, 1, '2019-02-19 23:00:00', '2019-02-19 23:00:00'),
(34, '24MCR50EU', 'Vodafone-Mobile Connect Europe Option 500 MB', 1, 1, '2019-02-19 23:00:00', '2019-02-19 23:00:00'),
(35, '24MESALLN', 'Vodafone MessagingFlat Allnet', 2, 1, '2019-02-19 23:00:00', '2019-02-19 23:00:00'),
(36, '24MESFLAT', 'Vodafone MessagingFlat', 2, 1, '2019-02-19 23:00:00', '2019-02-19 23:00:00'),
(37, '24MESWEFL', 'Vodafone MessagingFlat Wochenende', 2, 1, '2019-02-19 23:00:00', '2019-02-19 23:00:00'),
(38, '24MIN1003', 'Vodafone MinutenOption 100', 2, 1, '2019-02-19 23:00:00', '2019-02-19 23:00:00'),
(39, '24MIN120', 'Vodafone MinutenOption 120', 2, 1, '2019-02-19 23:00:00', '2019-02-19 23:00:00'),
(40, '24MIN240', 'Vodafone MinutenOption 240', 2, 1, '2019-02-19 23:00:00', '2019-02-19 23:00:00'),
(41, '24MIN60', 'Vodafone MinutenOption 60', 2, 1, '2019-02-19 23:00:00', '2019-02-19 23:00:00'),
(42, '24MIPFLUB', 'Nutzung von VOIP und Tethering', 1, 1, '2019-02-19 23:00:00', '2019-02-19 23:00:00'),
(43, '24MUSIC24', 'Vodafone Musikpaket_24', 1, 1, '2019-02-19 23:00:00', '2019-02-19 23:00:00'),
(44, '24NAVPD', 'Vodafone NaviFlat Professional', 1, 1, '2019-02-19 23:00:00', '2019-02-19 23:00:00'),
(45, '24NAVPEU', 'Vodafone NaviFlat Professional Europa', 1, 1, '2019-02-19 23:00:00', '2019-02-19 23:00:00'),
(46, '24NAVPTD', 'Vodafone NaviFlat Professional + Locate & Track', 1, 1, '2019-02-19 23:00:00', '2019-02-19 23:00:00'),
(47, '24NAVPTEU', 'Vodafone NaviFlat Professional Locate & Track EU', 1, 1, '2019-02-19 23:00:00', '2019-02-19 23:00:00'),
(48, '24PSMS040', 'Vodafone-SMS-Paket 40', 2, 1, '2019-02-19 23:00:00', '2019-02-19 23:00:00'),
(49, '24PSMS150', 'Vodafone-SMS-Paket 150', 2, 1, '2019-02-19 23:00:00', '2019-02-19 23:00:00'),
(50, '24RBDL', 'Red Business Data L', 1, 1, '2019-02-19 23:00:00', '2019-02-19 23:00:00'),
(51, '24RBDM', 'Red Business Data M', 1, 1, '2019-02-19 23:00:00', '2019-02-19 23:00:00'),
(52, '24RBDPREM', 'Red Business Data Premium', 1, 1, '2019-02-19 23:00:00', '2019-02-19 23:00:00'),
(53, '24RBDS', 'Red Business Data S', 1, 1, '2019-02-19 23:00:00', '2019-02-19 23:00:00'),
(54, '24RBDSTAR', 'Red Business Data Starter', 1, 1, '2019-02-19 23:00:00', '2019-02-19 23:00:00'),
(55, '24RBDXL', 'Red Business Data XL', 1, 1, '2019-02-19 23:00:00', '2019-02-19 23:00:00'),
(56, '24RBDXS', 'Red Business Data XS', 1, 1, '2019-02-19 23:00:00', '2019-02-19 23:00:00'),
(57, '24SMSALL', 'Vodafone SMS Allnet Flat', 2, 1, '2019-02-19 23:00:00', '2019-02-19 23:00:00'),
(58, '24SMSFLAT', 'Vodafone-SMS-Flat', 2, 1, '2019-02-19 23:00:00', '2019-02-19 23:00:00'),
(59, '24SURF_M', 'Vodafone DatenOption M', 2, 1, '2019-02-19 23:00:00', '2019-02-19 23:00:00'),
(60, '24SURF_S', 'Vodafone DatenOption S', 2, 1, '2019-02-19 23:00:00', '2019-02-19 23:00:00'),
(61, '24UMTSMFL', 'Vodafone-Mobile Connect Flat Light 24', 2, 1, '2019-02-19 23:00:00', '2019-02-19 23:00:00'),
(62, '24UMTS_A1', 'Vodafone Application Connect 5/1KB', 2, 1, '2019-02-19 23:00:00', '2019-02-19 23:00:00'),
(63, '24UMTS_A2', 'Vodafone Application Connect 30/1KB', 2, 1, '2019-02-19 23:00:00', '2019-02-19 23:00:00'),
(64, '24UMTS_A3', 'Vodafone Application Connect 30/10KB', 2, 1, '2019-02-19 23:00:00', '2019-02-19 23:00:00'),
(65, '24UMTS_BT', 'Vodafone-HappyLive! UMTS by time', 2, 1, '2019-02-19 23:00:00', '2019-02-19 23:00:00'),
(66, '24UMTS_I1', 'Vodafone-MobileInternet HandyFlat S', 2, 1, '2019-02-19 23:00:00', '2019-02-19 23:00:00'),
(67, '24UMTS_I2', 'Vodafone-MobileInternet HandyFlat L', 2, 1, '2019-02-19 23:00:00', '2019-02-19 23:00:00'),
(68, '24UMTS_M7', 'Vodafone Mobile Connect Flat 21,6 Option 24', 2, 1, '2019-02-19 23:00:00', '2019-02-19 23:00:00'),
(69, '24UMTS_M8', 'Vodafone - Mobile Connect Flat 50,0 24', 2, 1, '2019-02-19 23:00:00', '2019-02-19 23:00:00'),
(70, '24UMTS_ME', 'VF Europe Mobile Connect Flat Option', 2, 1, '2019-02-19 23:00:00', '2019-02-19 23:00:00'),
(71, '24UMTS_ML', 'Vodafone-Mobile Connect Large', 2, 1, '2019-02-19 23:00:00', '2019-02-19 23:00:00'),
(72, '24UMTS_MM', 'Vodafone-Mobile Connect Medium', 2, 1, '2019-02-19 23:00:00', '2019-02-19 23:00:00'),
(73, '24UMTS_MS', 'Vodafone-Mobile Connect Small', 2, 1, '2019-02-19 23:00:00', '2019-02-19 23:00:00'),
(74, '24UMTS_V7', 'Vodafone-MobileInternet Handy 30 MB', 2, 1, '2019-02-19 23:00:00', '2019-02-19 23:00:00'),
(75, '24UM_IDOL', 'Vodafone Daten Option L 24', 2, 1, '2019-02-19 23:00:00', '2019-02-19 23:00:00'),
(76, '24ZHINTFL', 'VF Happy International', 2, 1, '2019-02-19 23:00:00', '2019-02-19 23:00:00'),
(77, '3UMTS_BT', 'Vodafone-HappyLive! UMTS by time', 2, 1, '2019-02-19 23:00:00', '2019-02-19 23:00:00'),
(78, 'AROAM', 'Vodafone ReiseFlat Data', 2, 1, '2019-02-19 23:00:00', '2019-02-19 23:00:00'),
(79, 'ATFSOC', 'Vodafone StartAutomatik', 2, 1, '2019-02-19 23:00:00', '2019-02-19 23:00:00'),
(80, 'BEHINDR_1', 'Behinderten-Vorteil', 2, 1, '2019-02-19 23:00:00', '2019-02-19 23:00:00'),
(81, 'BEWPLURL1', 'BEW LandingPage URL', 2, 1, '2019-02-19 23:00:00', '2019-02-19 23:00:00'),
(82, 'BILD1', 'Vodafone BILDplus Digital Option', 2, 1, '2019-02-19 23:00:00', '2019-02-19 23:00:00'),
(83, 'BINTERNAT', 'Vodafone-BestInternational', 2, 1, '2019-02-19 23:00:00', '2019-02-19 23:00:00'),
(84, 'CORPGROUP', 'Vodafone-CorporateGroup', 2, 1, '2019-02-19 23:00:00', '2019-02-19 23:00:00'),
(85, 'DASDAY30', 'Vodafone ReisePaket Plus 50', 2, 1, '2019-02-19 23:00:00', '2019-02-19 23:00:00'),
(86, 'DSLHW1', 'Vodafone WLAN Modem 200', 2, 1, '2019-02-19 23:00:00', '2019-02-19 23:00:00'),
(87, 'DSLHW2', 'Vodafone WLAN Modem 200 + WLAN USB-Stick', 2, 1, '2019-02-19 23:00:00', '2019-02-19 23:00:00'),
(88, 'EL_HIGH', 'Mitarbeiter-Rabatt', 2, 1, '2019-02-19 23:00:00', '2019-02-19 23:00:00'),
(89, 'EL_LOW', 'Mitarbeiter-Rabatt', 2, 1, '2019-02-19 23:00:00', '2019-02-19 23:00:00'),
(90, 'EL_L_FIN', 'Mitarbeiter-Rabatt Legi final', 2, 1, '2019-02-19 23:00:00', '2019-02-19 23:00:00'),
(91, 'EL_L_UPLD', 'Mitarbeiter-Rabatt Legi Ausweis', 2, 1, '2019-02-19 23:00:00', '2019-02-19 23:00:00'),
(92, 'ENTASB_ON', 'Vodafone BusinessData Upgrades+', 2, 1, '2019-02-19 23:00:00', '2019-02-19 23:00:00'),
(93, 'FEMTO_SUB', 'SuperSignal Betriebsadresse', 2, 1, '2019-02-19 23:00:00', '2019-02-19 23:00:00'),
(94, 'FIRMENVTL', 'Gesch?ftskundenrabatt Firmenvorteil', 2, 1, '2019-02-19 23:00:00', '2019-02-19 23:00:00'),
(95, 'FNF_D1', 'Vodafone Fremdnetz-Flat zu D1', 2, 1, '2019-02-19 23:00:00', '2019-02-19 23:00:00'),
(96, 'FNF_EPLUS', 'Vodafone Fremdnetz-Flat zu EPLUS', 2, 1, '2019-02-19 23:00:00', '2019-02-19 23:00:00'),
(97, 'FNF_O2', 'Vodafone Fremdnetz-Flat zu O2', 2, 1, '2019-02-19 23:00:00', '2019-02-19 23:00:00'),
(98, 'GIVEMUP1', 'Auktionsrabatt', 2, 1, '2019-02-19 23:00:00', '2019-02-19 23:00:00'),
(99, 'GIVEMUP2', 'Auktionsrabatt', 2, 1, '2019-02-19 23:00:00', '2019-02-19 23:00:00'),
(100, 'GIVEMUP3', 'Auktionsrabatt', 2, 1, '2019-02-19 23:00:00', '2019-02-19 23:00:00'),
(101, 'GIVEMUP4', 'Auktionsrabatt', 2, 1, '2019-02-19 23:00:00', '2019-02-19 23:00:00'),
(102, 'GKTVMRK', 'GigaKombi mit TV', 2, 1, '2019-02-19 23:00:00', '2019-02-19 23:00:00'),
(103, 'GPRS4', 'Vodafone Live!', 2, 1, '2019-02-19 23:00:00', '2019-02-19 23:00:00'),
(104, 'GPRS5', 'Mobile Data L', 2, 1, '2019-02-19 23:00:00', '2019-02-19 23:00:00'),
(105, 'GPRS6', 'Mobile Data XL', 2, 1, '2019-02-19 23:00:00', '2019-02-19 23:00:00'),
(106, 'GPRS_BB', 'BlackBerry Enterprise', 2, 1, '2019-02-19 23:00:00', '2019-02-19 23:00:00'),
(107, 'GPRS_BBEU', 'Vodafone E-MailConnect Europe', 2, 1, '2019-02-19 23:00:00', '2019-02-19 23:00:00'),
(108, 'GPRS_BPRO', 'BlackBerry Professional', 2, 1, '2019-02-19 23:00:00', '2019-02-19 23:00:00'),
(109, 'GPRS_WIPE', 'Vodafone Push E-Mail Int.', 2, 1, '2019-02-19 23:00:00', '2019-02-19 23:00:00'),
(110, 'GPRS_WLPE', 'Vodafone Push E-Mail L', 2, 1, '2019-02-19 23:00:00', '2019-02-19 23:00:00'),
(111, 'GPRS_WNPE', 'Vodafone Push E-Mail XL', 2, 1, '2019-02-19 23:00:00', '2019-02-19 23:00:00'),
(112, 'GPRS_ZBCA', 'VF Live by Call(Minuten)', 2, 1, '2019-02-19 23:00:00', '2019-02-19 23:00:00'),
(113, 'HAPPYZH_1', 'Vodafone ZuhauseOption', 2, 1, '2019-02-19 23:00:00', '2019-02-19 23:00:00'),
(114, 'HLIVE_03', 'Vodafone-HappyLive!', 2, 1, '2019-02-19 23:00:00', '2019-02-19 23:00:00'),
(115, 'HW_EXT24', 'Vodafone externe Hardware', 2, 1, '2019-02-19 23:00:00', '2019-02-19 23:00:00'),
(116, 'INATFLAT1', 'InternationalFlat 1', 2, 1, '2019-02-19 23:00:00', '2019-02-19 23:00:00'),
(117, 'INATFLAT2', 'InternationalFlat 2', 2, 1, '2019-02-19 23:00:00', '2019-02-19 23:00:00'),
(118, 'JUGENDR_1', 'Junge Leute-Vorteil', 2, 1, '2019-02-19 23:00:00', '2019-02-19 23:00:00'),
(119, 'MAILBOX', 'Standard-Mailbox', 2, 1, '2019-02-19 23:00:00', '2019-02-19 23:00:00'),
(120, 'MAILBOXP', 'Profi-Mailbox', 2, 1, '2019-02-19 23:00:00', '2019-02-19 23:00:00'),
(121, 'MAILBOXZH', 'Standard-Mailbox (VF Zuhause)', 2, 1, '2019-02-19 23:00:00', '2019-02-19 23:00:00'),
(122, 'MBB3G1', 'Vodafone MobileInternet Flat 1.8', 2, 1, '2019-02-19 23:00:00', '2019-02-19 23:00:00'),
(123, 'MBB3G14', 'Vodafone MobileInternet Flat 14,4', 2, 1, '2019-02-19 23:00:00', '2019-02-19 23:00:00'),
(124, 'MBB3G21', 'Vodafone MobileInternet Flat 21,6', 2, 1, '2019-02-19 23:00:00', '2019-02-19 23:00:00'),
(125, 'MBB3G3', 'Vodafone MobileInternet Flat 3,6', 2, 1, '2019-02-19 23:00:00', '2019-02-19 23:00:00'),
(126, 'MBB3G50', 'Vodafone MobileInternet Flat 50', 2, 1, '2019-02-19 23:00:00', '2019-02-19 23:00:00'),
(127, 'MBB3G7', 'Vodafone MobileInternet Flat 7,2', 2, 1, '2019-02-19 23:00:00', '2019-02-19 23:00:00'),
(128, 'MBB3MG3', 'Vodafone MobileInternet Flat 3,6 Light', 2, 1, '2019-02-19 23:00:00', '2019-02-19 23:00:00'),
(129, 'MESSAGE', 'Vodafone-SMS', 2, 1, '2019-02-19 23:00:00', '2019-02-19 23:00:00'),
(130, 'MESS_EASY', 'Vodafone Messaging Option', 2, 1, '2019-02-19 23:00:00', '2019-02-19 23:00:00'),
(131, 'MGKPP10', '10 Euro zus?tzliche GigaKombi Gutschrift', 2, 1, '2019-02-19 23:00:00', '2019-02-19 23:00:00'),
(132, 'MGKPP10LT', '10Euro zus?tzliche GigaKombi Gutschrift(24 Monate)', 2, 1, '2019-02-19 23:00:00', '2019-02-19 23:00:00'),
(133, 'MGKPP12', '12,50 Euro zus?tzliche GigaKombi Gutschrift', 2, 1, '2019-02-19 23:00:00', '2019-02-19 23:00:00'),
(134, 'MGKPP12LT', '12,50E zus?tzliche GigaKombi Gutschrift(24 Monate)', 2, 1, '2019-02-19 23:00:00', '2019-02-19 23:00:00'),
(135, 'MGKPP5', '5 Euro zus?tzliche GigaKombi Gutschrift', 2, 1, '2019-02-19 23:00:00', '2019-02-19 23:00:00'),
(136, 'MGKPP5LT', '5 Euro zus?tzliche GigaKombi Gutschrift(24 Monate)', 2, 1, '2019-02-19 23:00:00', '2019-02-19 23:00:00'),
(137, 'MGKPP7', '7,50 Euro zus?tzliche GigaKombi Gutschrift', 2, 1, '2019-02-19 23:00:00', '2019-02-19 23:00:00'),
(138, 'MGKPP7LT', '7,50 E zus?tzliche GigaKombi Gutschrift(24 Monate)', 2, 1, '2019-02-19 23:00:00', '2019-02-19 23:00:00'),
(139, 'MOBOPT', 'Mobil-Option', 2, 1, '2019-02-19 23:00:00', '2019-02-19 23:00:00'),
(140, 'MOBOPT60', '60 Mobil-Minuten', 2, 1, '2019-02-19 23:00:00', '2019-02-19 23:00:00'),
(141, 'MOBTV', 'MobileTV', 2, 1, '2019-02-19 23:00:00', '2019-02-19 23:00:00'),
(142, 'MOBTVGRAT', 'MobileTV Gratis f?r RED und BLACK Kunden', 2, 1, '2019-02-19 23:00:00', '2019-02-19 23:00:00'),
(143, 'MOBTVPROM', 'MobileTV Promotion', 2, 1, '2019-02-19 23:00:00', '2019-02-19 23:00:00'),
(144, 'MOFLATEP', 'Mobile Flat ins deutsche E-Plus-Netz', 2, 1, '2019-02-19 23:00:00', '2019-02-19 23:00:00'),
(145, 'MOFLATO2', 'Mobile Flat ins deutsche O2-Netz', 2, 1, '2019-02-19 23:00:00', '2019-02-19 23:00:00'),
(146, 'MOFLATTM', 'Mobile Flat ins deutsche T-Mobile-Netz', 2, 1, '2019-02-19 23:00:00', '2019-02-19 23:00:00'),
(147, 'MOFLATVF', 'Mobile Flat', 2, 1, '2019-02-19 23:00:00', '2019-02-19 23:00:00'),
(148, 'MRKBEGSAP', 'Berechtigung AP-Befreiung', 2, 1, '2019-02-19 23:00:00', '2019-02-19 23:00:00'),
(149, 'MSWM_FF24', 'VF-E-MailConnect f?r Windows Mobile FairFlat', 2, 1, '2019-02-19 23:00:00', '2019-02-19 23:00:00'),
(150, 'MSWM_M24', 'VF-E-MailConnect f?r Windows Mobile M', 2, 1, '2019-02-19 23:00:00', '2019-02-19 23:00:00'),
(151, 'MUSIC10TB', 'Vodafone Music 10er Paket', 2, 1, '2019-02-19 23:00:00', '2019-02-19 23:00:00'),
(152, 'MUSICFLAT', 'Vodafone Music Flatrate', 2, 1, '2019-02-19 23:00:00', '2019-02-19 23:00:00'),
(153, 'NOACFEDAT', 'Anschlusspreisbefreiung Data', 2, 1, '2019-02-19 23:00:00', '2019-02-19 23:00:00'),
(154, 'NRDEFJA', 'ein, fallweise aus', 2, 1, '2019-02-19 23:00:00', '2019-02-19 23:00:00'),
(155, 'NRDEFNEIN', 'aus, fallweise ein', 2, 1, '2019-02-19 23:00:00', '2019-02-19 23:00:00'),
(156, 'OL10PCAD', '10% Online Rabatt Gutschein', 2, 1, '2019-02-19 23:00:00', '2019-02-19 23:00:00'),
(157, 'ONAPDISC', 'Vodafone IN Anschlusspreisbefreiung', 2, 1, '2019-02-19 23:00:00', '2019-02-19 23:00:00'),
(158, 'ONBP10', 'Vodafone IN Basispreis 10 EUR', 2, 1, '2019-02-19 23:00:00', '2019-02-19 23:00:00'),
(159, 'ONBP15', 'Vodafone IN Basispreis 14,99 EUR', 2, 1, '2019-02-19 23:00:00', '2019-02-19 23:00:00'),
(160, 'ONBP20', 'Vodafone IN Basispreis 20 EUR', 2, 1, '2019-02-19 23:00:00', '2019-02-19 23:00:00'),
(161, 'ONBP25', 'Vodafone IN Basispreis 25 EUR', 2, 1, '2019-02-19 23:00:00', '2019-02-19 23:00:00'),
(162, 'ONDATINCL', 'Vodafone IN 1 GB Higshspeed-Inklusivvolumen', 2, 1, '2019-02-19 23:00:00', '2019-02-19 23:00:00'),
(163, 'PACHAT', 'Chat Pass SOC mit BP', 2, 1, '2019-02-19 23:00:00', '2019-02-19 23:00:00'),
(164, 'PAD200MB', 'Vodafone-Mobile Internet Basic Monatspaket', 2, 1, '2019-02-19 23:00:00', '2019-02-19 23:00:00'),
(165, 'PAD3GB', 'Vodafone-Mobile Internet Basic Monatsflat', 2, 1, '2019-02-19 23:00:00', '2019-02-19 23:00:00'),
(166, 'PAMUSIC', 'Music Pass SOC mit BP', 2, 1, '2019-02-19 23:00:00', '2019-02-19 23:00:00'),
(167, 'PASOCIAL', 'Social Media Pass SOC mit BP', 2, 1, '2019-02-19 23:00:00', '2019-02-19 23:00:00'),
(168, 'PAVIDEO', 'Video Pass SOC mit BP', 2, 1, '2019-02-19 23:00:00', '2019-02-19 23:00:00'),
(169, 'POTVIEWER', 'Potenzial Viewer Akquise', 2, 1, '2019-02-19 23:00:00', '2019-02-19 23:00:00'),
(170, 'PROM10RA1', 'VF Promotion 048', 3, 1, '2019-02-19 23:00:00', '2019-02-19 23:00:00'),
(171, 'PROM10RA2', 'VF Promotion 049', 3, 1, '2019-02-19 23:00:00', '2019-02-19 23:00:00'),
(172, 'PROM10RA3', 'VF Promotion 050', 3, 1, '2019-02-19 23:00:00', '2019-02-19 23:00:00'),
(173, 'PROM5RAB1', 'VF Promotion 045', 3, 1, '2019-02-19 23:00:00', '2019-02-19 23:00:00'),
(174, 'PROM5RAB2', 'VF Promotion 046', 3, 1, '2019-02-19 23:00:00', '2019-02-19 23:00:00'),
(175, 'PROM5RAB3', 'VF Promotion 047', 3, 1, '2019-02-19 23:00:00', '2019-02-19 23:00:00'),
(176, 'PROMO001', 'VF Promotion 001', 3, 1, '2019-02-19 23:00:00', '2019-02-19 23:00:00'),
(177, 'PROMO002', 'VF Promotion 002', 3, 1, '2019-02-19 23:00:00', '2019-02-19 23:00:00'),
(178, 'PROMO003', 'VF Promotion 003', 3, 1, '2019-02-19 23:00:00', '2019-02-19 23:00:00'),
(179, 'PROMO004', 'VF Promotion 004', 3, 1, '2019-02-19 23:00:00', '2019-02-19 23:00:00'),
(180, 'PROMO005', 'VF Promotion 005', 3, 1, '2019-02-19 23:00:00', '2019-02-19 23:00:00'),
(181, 'PROMO006', 'VF Promotion 006', 3, 1, '2019-02-19 23:00:00', '2019-02-19 23:00:00'),
(182, 'PROMO007', 'VF Promotion 007', 3, 1, '2019-02-19 23:00:00', '2019-02-19 23:00:00'),
(183, 'PROMO008', 'VF Promotion 008', 3, 1, '2019-02-19 23:00:00', '2019-02-19 23:00:00'),
(184, 'PROMO009', 'VF Promotion 009', 3, 1, '2019-02-19 23:00:00', '2019-02-19 23:00:00'),
(185, 'PROMO010', 'VF Promotion 010', 3, 1, '2019-02-19 23:00:00', '2019-02-19 23:00:00'),
(186, 'PROMO011', 'VF Promotion 011', 3, 1, '2019-02-19 23:00:00', '2019-02-19 23:00:00'),
(187, 'PROMO012', 'VF Promotion 012', 3, 1, '2019-02-19 23:00:00', '2019-02-19 23:00:00'),
(188, 'PROMO013', 'VF Promotion 013', 3, 1, '2019-02-19 23:00:00', '2019-02-19 23:00:00'),
(189, 'PROMO014', 'VF Promotion 014', 3, 1, '2019-02-19 23:00:00', '2019-02-19 23:00:00'),
(190, 'PROMO015', 'VF Promotion 015', 3, 1, '2019-02-19 23:00:00', '2019-02-19 23:00:00'),
(191, 'PROMO016', 'VF Promotion 016', 3, 1, '2019-02-19 23:00:00', '2019-02-19 23:00:00'),
(192, 'PROMO017', 'VF Promotion 017', 3, 1, '2019-02-19 23:00:00', '2019-02-19 23:00:00'),
(193, 'PROMO018', 'VF Promotion 018', 3, 1, '2019-02-19 23:00:00', '2019-02-19 23:00:00'),
(194, 'PROMO019', 'VF Promotion 019', 3, 1, '2019-02-19 23:00:00', '2019-02-19 23:00:00'),
(195, 'PROMO020', 'VF Promotion 020', 3, 1, '2019-02-19 23:00:00', '2019-02-19 23:00:00'),
(196, 'PROMO021', 'VF Promotion 021', 3, 1, '2019-02-19 23:00:00', '2019-02-19 23:00:00'),
(197, 'PROMO022', 'VF Promotion 022', 3, 1, '2019-02-19 23:00:00', '2019-02-19 23:00:00'),
(198, 'PROMO023', 'VF Promotion 023', 3, 1, '2019-02-19 23:00:00', '2019-02-19 23:00:00'),
(199, 'PROMO024', 'VF Promotion 024', 3, 1, '2019-02-19 23:00:00', '2019-02-19 23:00:00'),
(200, 'PROMO025', 'VF Promotion 025', 3, 1, '2019-02-19 23:00:00', '2019-02-19 23:00:00'),
(201, 'PROMO026', 'VF Promotion 026', 3, 1, '2019-02-19 23:00:00', '2019-02-19 23:00:00'),
(202, 'PROMO027', 'VF Promotion 027', 3, 1, '2019-02-19 23:00:00', '2019-02-19 23:00:00'),
(203, 'PROMO028', 'VF Promotion 028', 3, 1, '2019-02-19 23:00:00', '2019-02-19 23:00:00'),
(204, 'PROMO029', 'VF Promotion 029', 3, 1, '2019-02-19 23:00:00', '2019-02-19 23:00:00'),
(205, 'PROMO030', 'VF Promotion 030', 3, 1, '2019-02-19 23:00:00', '2019-02-19 23:00:00'),
(206, 'PROMO031', 'VF Promotion 031', 3, 1, '2019-02-19 23:00:00', '2019-02-19 23:00:00'),
(207, 'PROMO032', 'VF Promotion 032', 3, 1, '2019-02-19 23:00:00', '2019-02-19 23:00:00'),
(208, 'PROMO033', 'VF Promotion 033', 3, 1, '2019-02-19 23:00:00', '2019-02-19 23:00:00'),
(209, 'PROMO034', 'VF Promotion 034', 3, 1, '2019-02-19 23:00:00', '2019-02-19 23:00:00'),
(210, 'PROMO035', 'VF Promotion 035', 3, 1, '2019-02-19 23:00:00', '2019-02-19 23:00:00'),
(211, 'PROMO036', 'VF Promotion 036', 3, 1, '2019-02-19 23:00:00', '2019-02-19 23:00:00'),
(212, 'PROMO037', 'VF Promotion 037', 3, 1, '2019-02-19 23:00:00', '2019-02-19 23:00:00'),
(213, 'PROMO038', 'VF Promotion 038', 3, 1, '2019-02-19 23:00:00', '2019-02-19 23:00:00'),
(214, 'PROMO039', 'VF Promotion 039', 3, 1, '2019-02-19 23:00:00', '2019-02-19 23:00:00'),
(215, 'PROMOSFIR', 'VF SFIR Promotion 2011', 3, 1, '2019-02-19 23:00:00', '2019-02-19 23:00:00'),
(216, 'PROMSFS01', 'VF Promotion 040', 3, 1, '2019-02-19 23:00:00', '2019-02-19 23:00:00'),
(217, 'PROMSFS02', 'VF Promotion 041', 3, 1, '2019-02-19 23:00:00', '2019-02-19 23:00:00'),
(218, 'PROMSFS03', 'VF Promotion 042', 3, 1, '2019-02-19 23:00:00', '2019-02-19 23:00:00'),
(219, 'PROMSFS04', 'VF Promotion 043', 3, 1, '2019-02-19 23:00:00', '2019-02-19 23:00:00'),
(220, 'PROMSFS05', 'VF Promotion 044', 3, 1, '2019-02-19 23:00:00', '2019-02-19 23:00:00'),
(221, 'PYPCHAT', 'PYP Chat Pass SOC', 2, 1, '2019-02-19 23:00:00', '2019-02-19 23:00:00'),
(222, 'PYPMUSIC', 'PYP Music Pass SOC', 2, 1, '2019-02-19 23:00:00', '2019-02-19 23:00:00'),
(223, 'PYPSOCIAL', 'PYP Social Media Pass SOC', 2, 1, '2019-02-19 23:00:00', '2019-02-19 23:00:00'),
(224, 'PYPVIDEO', 'PYP Video Pass SOC', 2, 1, '2019-02-19 23:00:00', '2019-02-19 23:00:00'),
(225, 'QCP_KSTPF', 'Vodafone-QuickCheckPlus', 2, 1, '2019-02-19 23:00:00', '2019-02-19 23:00:00'),
(226, 'RED3_01GB', 'Vodafone Red 1 GB Datenoption', 2, 1, '2019-02-19 23:00:00', '2019-02-19 23:00:00'),
(227, 'RED3_02GB', 'Vodafone Red 2 GB Datenoption', 2, 1, '2019-02-19 23:00:00', '2019-02-19 23:00:00'),
(228, 'RED3_03GB', 'Vodafone Red 3 GB Datenoption', 2, 1, '2019-02-19 23:00:00', '2019-02-19 23:00:00'),
(229, 'RED3_04GB', 'Vodafone Red 4 GB Datenoption', 2, 1, '2019-02-19 23:00:00', '2019-02-19 23:00:00'),
(230, 'RED3_05GB', 'Vodafone Red 5 GB Datenoption', 2, 1, '2019-02-19 23:00:00', '2019-02-19 23:00:00'),
(231, 'RED3_06GB', 'Vodafone Red 6 GB Datenoption', 2, 1, '2019-02-19 23:00:00', '2019-02-19 23:00:00'),
(232, 'RED3_07GB', 'Vodafone Red 7 GB Datenoption', 2, 1, '2019-02-19 23:00:00', '2019-02-19 23:00:00'),
(233, 'RED3_08GB', 'Vodafone Red 8 GB Datenoption', 2, 1, '2019-02-19 23:00:00', '2019-02-19 23:00:00'),
(234, 'RED3_09GB', 'Vodafone Red 9 GB Datenoption', 2, 1, '2019-02-19 23:00:00', '2019-02-19 23:00:00'),
(235, 'RED3_10GB', 'Vodafone Red 10 GB Datenoption', 2, 1, '2019-02-19 23:00:00', '2019-02-19 23:00:00'),
(236, 'REDDATA1G', 'Red DatenOption 1 GB', 2, 1, '2019-02-19 23:00:00', '2019-02-19 23:00:00'),
(237, 'REPLCHAR', 'zus. BP f. Red+ im Red XL UNL', 2, 1, '2019-02-19 23:00:00', '2019-02-19 23:00:00'),
(238, 'RFLATDAY', 'EasyTravel Flat Tag', 2, 1, '2019-02-19 23:00:00', '2019-02-19 23:00:00'),
(239, 'RFLATTKMM', 'EasyTravel Flat T?rkei', 2, 1, '2019-02-19 23:00:00', '2019-02-19 23:00:00'),
(240, 'RVORTMIN', 'Vodafone Vorteil Minuten Retention', 2, 1, '2019-02-19 23:00:00', '2019-02-19 23:00:00'),
(241, 'SHBBDIS', 'Gesch?ftskundenrabatt Sprachtarif', 2, 1, '2019-02-19 23:00:00', '2019-02-19 23:00:00'),
(242, 'SHDISUMTS', 'Gesch?ftskundenrabatt Sprachtarif', 2, 1, '2019-02-19 23:00:00', '2019-02-19 23:00:00'),
(243, 'SMALTEDAT', 'Vodafone Smart LTE Option', 2, 1, '2019-02-19 23:00:00', '2019-02-19 23:00:00'),
(244, 'SMS_150', 'SMS-150', 2, 1, '2019-02-19 23:00:00', '2019-02-19 23:00:00'),
(245, 'SNBU3', 'Secure Net gesch?ftlich', 2, 1, '2019-02-19 23:00:00', '2019-02-19 23:00:00'),
(246, 'SNSUB', 'Consumer Secure Net', 2, 1, '2019-02-19 23:00:00', '2019-02-19 23:00:00'),
(247, 'SOHOV15_1', 'Vorteil f?r Selbst?ndige', 2, 1, '2019-02-19 23:00:00', '2019-02-19 23:00:00'),
(248, 'SO_SO', 'Anrufe zum Service 137x', 2, 1, '2019-02-19 23:00:00', '2019-02-19 23:00:00'),
(249, 'SPEEDDRO1', 'VF SpeedUp 1 GB DRO', 2, 1, '2019-02-19 23:00:00', '2019-02-19 23:00:00'),
(250, 'SPEEDDRO3', 'VF SpeedUp 3 GB DRO', 2, 1, '2019-02-19 23:00:00', '2019-02-19 23:00:00'),
(251, 'SPEEDDRO6', 'VF SpeedUp 6 GB DRO', 2, 1, '2019-02-19 23:00:00', '2019-02-19 23:00:00'),
(252, 'SPEEDUP1G', 'VF SpeedUp 1 GB', 2, 1, '2019-02-19 23:00:00', '2019-02-19 23:00:00'),
(253, 'SPEEDUP3G', 'VF SpeedUp 3 GB', 2, 1, '2019-02-19 23:00:00', '2019-02-19 23:00:00'),
(254, 'SPEEDUP6G', 'VF SpeedUp 6 GB', 2, 1, '2019-02-19 23:00:00', '2019-02-19 23:00:00'),
(255, 'STUDRAB_1', 'Studenten-Vorteil', 2, 1, '2019-02-19 23:00:00', '2019-02-19 23:00:00'),
(256, 'TAKESMS', 'TakeSMS', 2, 1, '2019-02-19 23:00:00', '2019-02-19 23:00:00'),
(257, 'TAKEVODAF', 'TakeVodafone', 2, 1, '2019-02-19 23:00:00', '2019-02-19 23:00:00'),
(258, 'TURKEY99', 'Vodafone-T?rkei-Inklusiv-Option', 2, 1, '2019-02-19 23:00:00', '2019-02-19 23:00:00'),
(259, 'UMTS_3GSO', 'UMTS-Option f?r BusinessMinutenPakete', 2, 1, '2019-02-19 23:00:00', '2019-02-19 23:00:00'),
(260, 'UMTS_BT0E', 'Vodafone-HappyLive! UMTS by time', 2, 1, '2019-02-19 23:00:00', '2019-02-19 23:00:00'),
(261, 'UMTS_DSL1', 'Zuhause Web FairFlat', 2, 1, '2019-02-19 23:00:00', '2019-02-19 23:00:00'),
(262, 'UMUR_M1', 'Vodafone IP Plus Option 2', 2, 1, '2019-02-19 23:00:00', '2019-02-19 23:00:00'),
(263, 'UMUR_MS', 'Vodafone IP Plus Option 1', 2, 1, '2019-02-19 23:00:00', '2019-02-19 23:00:00'),
(264, 'UNI10SIM', 'Unidays 10% auf SIM only BP', 2, 1, '2019-02-19 23:00:00', '2019-02-19 23:00:00'),
(265, 'UNI10SUB', 'Unidays 10% auf alle Substufen', 2, 1, '2019-02-19 23:00:00', '2019-02-19 23:00:00'),
(266, 'VFAIO2MRK', 'GigaKombi', 2, 1, '2019-02-19 23:00:00', '2019-02-19 23:00:00'),
(267, 'VFWEBZHI', 'VF Zuhause Internet', 2, 1, '2019-02-19 23:00:00', '2019-02-19 23:00:00'),
(268, 'VFZHINTFL', 'VF Happy International', 2, 1, '2019-02-19 23:00:00', '2019-02-19 23:00:00'),
(269, 'VFZHMFL24', 'Vodafone ZuhauseFlatrate', 2, 1, '2019-02-19 23:00:00', '2019-02-19 23:00:00'),
(270, 'VFZHMFLAT', 'Vodafone ZuhauseFlatrate', 2, 1, '2019-02-19 23:00:00', '2019-02-19 23:00:00'),
(271, 'VFZHMOFLT', 'Vodafone Zuhause MobileFlat', 2, 1, '2019-02-19 23:00:00', '2019-02-19 23:00:00'),
(272, 'VFZHWFLAT', 'Vodafone-Zuhause Web Flat', 2, 1, '2019-02-19 23:00:00', '2019-02-19 23:00:00'),
(273, 'VFZHWV500', 'Vodafone-Zuhause Volume 500', 2, 1, '2019-02-19 23:00:00', '2019-02-19 23:00:00'),
(274, 'VF_ASOPT', 'Vodafone ReiseVersprechen Asien', 2, 1, '2019-02-19 23:00:00', '2019-02-19 23:00:00'),
(275, 'VF_NAVI', 'Vodafone Navigator', 2, 1, '2019-02-19 23:00:00', '2019-02-19 23:00:00'),
(276, 'VF_RCROW', 'VF-ReisePaket Data Rest of World', 2, 1, '2019-02-19 23:00:00', '2019-02-19 23:00:00'),
(277, 'VF_WDATAB', 'Vodafone World Data BarringSOC', 2, 1, '2019-02-19 23:00:00', '2019-02-19 23:00:00'),
(278, 'VITA', 'Vodafone-Care Option', 2, 1, '2019-02-19 23:00:00', '2019-02-19 23:00:00'),
(279, 'VODAFONEP', 'Vodafone-WorldPremium', 2, 1, '2019-02-19 23:00:00', '2019-02-19 23:00:00'),
(280, 'VOL1', 'Vodafone IN Limit: max. 1 GB', 2, 1, '2019-02-19 23:00:00', '2019-02-19 23:00:00'),
(281, 'VOL10', 'Vodafone IN Limit: max. 10 GB', 2, 1, '2019-02-19 23:00:00', '2019-02-19 23:00:00'),
(282, 'VOL10_5', 'Vodafone IN Limit: max. 10,5 GB', 2, 1, '2019-02-19 23:00:00', '2019-02-19 23:00:00'),
(283, 'VOL11', 'Vodafone IN Limit: max. 11 GB', 2, 1, '2019-02-19 23:00:00', '2019-02-19 23:00:00'),
(284, 'VOL11_5', 'Vodafone IN Limit: max. 11,5 GB', 2, 1, '2019-02-19 23:00:00', '2019-02-19 23:00:00'),
(285, 'VOL12', 'Vodafone IN Limit: max. 12 GB', 2, 1, '2019-02-19 23:00:00', '2019-02-19 23:00:00'),
(286, 'VOL12_5', 'Vodafone IN Limit: max. 12,5 GB', 2, 1, '2019-02-19 23:00:00', '2019-02-19 23:00:00'),
(287, 'VOL13', 'Vodafone IN Limit: max. 13 GB', 2, 1, '2019-02-19 23:00:00', '2019-02-19 23:00:00'),
(288, 'VOL13_5', 'Vodafone IN Limit: max. 13,5 GB', 2, 1, '2019-02-19 23:00:00', '2019-02-19 23:00:00'),
(289, 'VOL14', 'Vodafone IN Limit: max. 14 GB', 2, 1, '2019-02-19 23:00:00', '2019-02-19 23:00:00'),
(290, 'VOL14_5', 'Vodafone IN Limit: max. 14,5 GB', 2, 1, '2019-02-19 23:00:00', '2019-02-19 23:00:00'),
(291, 'VOL15', 'Vodafone IN Limit: max. 15 GB', 2, 1, '2019-02-19 23:00:00', '2019-02-19 23:00:00'),
(292, 'VOL15_5', 'Vodafone IN Limit: max. 15,5 GB', 2, 1, '2019-02-19 23:00:00', '2019-02-19 23:00:00'),
(293, 'VOL16', 'Vodafone IN Limit: max. 16 GB', 2, 1, '2019-02-19 23:00:00', '2019-02-19 23:00:00'),
(294, 'VOL1_5', 'Vodafone IN Limit: max. 1,5 GB', 2, 1, '2019-02-19 23:00:00', '2019-02-19 23:00:00'),
(295, 'VOL2', 'Vodafone IN Limit: max. 2 GB', 2, 1, '2019-02-19 23:00:00', '2019-02-19 23:00:00'),
(296, 'VOL2_5', 'Vodafone IN Limit: max. 2,5 GB', 2, 1, '2019-02-19 23:00:00', '2019-02-19 23:00:00'),
(297, 'VOL3', 'Vodafone IN Limit: max. 3 GB', 2, 1, '2019-02-19 23:00:00', '2019-02-19 23:00:00'),
(298, 'VOL3_5', 'Vodafone IN Limit: max. 3,5 GB', 2, 1, '2019-02-19 23:00:00', '2019-02-19 23:00:00'),
(299, 'VOL4', 'Vodafone IN Limit: max. 4 GB', 2, 1, '2019-02-19 23:00:00', '2019-02-19 23:00:00'),
(300, 'VOL4_5', 'Vodafone IN Limit: max. 4,5 GB', 2, 1, '2019-02-19 23:00:00', '2019-02-19 23:00:00'),
(301, 'VOL5', 'Vodafone IN Limit: max. 5 GB', 2, 1, '2019-02-19 23:00:00', '2019-02-19 23:00:00'),
(302, 'VOL5_5', 'Vodafone IN Limit: max. 5,5 GB', 2, 1, '2019-02-19 23:00:00', '2019-02-19 23:00:00'),
(303, 'VOL6', 'Vodafone IN Limit: max. 6 GB', 2, 1, '2019-02-19 23:00:00', '2019-02-19 23:00:00'),
(304, 'VOL6_5', 'Vodafone IN Limit: max. 6,5 GB', 2, 1, '2019-02-19 23:00:00', '2019-02-19 23:00:00'),
(305, 'VOL7', 'Vodafone IN Limit: max. 7 GB', 2, 1, '2019-02-19 23:00:00', '2019-02-19 23:00:00'),
(306, 'VOL7_5', 'Vodafone IN Limit: max. 7,5 GB', 2, 1, '2019-02-19 23:00:00', '2019-02-19 23:00:00'),
(307, 'VOL8', 'Vodafone IN Limit: max. 8 GB', 2, 1, '2019-02-19 23:00:00', '2019-02-19 23:00:00'),
(308, 'VOL8_5', 'Vodafone IN Limit: max. 8,5 GB', 2, 1, '2019-02-19 23:00:00', '2019-02-19 23:00:00'),
(309, 'VOL9', 'Vodafone IN Limit: max. 9 GB', 2, 1, '2019-02-19 23:00:00', '2019-02-19 23:00:00'),
(310, 'VOL9_5', 'Vodafone IN Limit: max. 9,5 GB', 2, 1, '2019-02-19 23:00:00', '2019-02-19 23:00:00'),
(311, 'VOWIFIB', 'Vodafone WiFi Calling', 2, 1, '2019-02-19 23:00:00', '2019-02-19 23:00:00'),
(312, 'VVLINTMRK', 'VVL-Interesse-Marker', 2, 1, '2019-02-19 23:00:00', '2019-02-19 23:00:00'),
(313, 'WRLDFLT03', 'Vodafone World Flat Flex', 2, 1, '2019-02-19 23:00:00', '2019-02-19 23:00:00'),
(314, 'WRLDFLT24', 'Vodafone World Flat', 2, 1, '2019-02-19 23:00:00', '2019-02-19 23:00:00'),
(315, 'YOU03GB', 'Vodafone Young 3 GB Datenvolumen', 2, 1, '2019-02-19 23:00:00', '2019-02-19 23:00:00'),
(316, 'YOU06GB', 'Vodafone Young 6 GB Datenvolumen', 2, 1, '2019-02-19 23:00:00', '2019-02-19 23:00:00'),
(317, 'YOU1_5GB', 'Vodafone Young 1.5 GB Datenvolumen', 2, 1, '2019-02-19 23:00:00', '2019-02-19 23:00:00'),
(318, 'YOU4_5GB', 'Vodafone Young 4.5 GB Datenvolumen', 2, 1, '2019-02-19 23:00:00', '2019-02-19 23:00:00'),
(319, 'YOU7_5GB', 'Vodafone Young 7.5 GB Datenvolumen', 2, 1, '2019-02-19 23:00:00', '2019-02-19 23:00:00'),
(320, 'YOUABIAGE', 'Young f?r Minderj?hrige (10-17 Jahre)', 2, 1, '2019-02-19 23:00:00', '2019-02-19 23:00:00'),
(321, 'YOUAGEVAL', 'Young Standard (18-27 Jahre)', 2, 1, '2019-02-19 23:00:00', '2019-02-19 23:00:00'),
(322, 'ZFRHAPAB', 'Vodafone-HappyAbend', 2, 1, '2019-02-19 23:00:00', '2019-02-19 23:00:00'),
(323, 'ZH_MOBNR', 'Mobilnummer ausgehende Calls', 2, 1, '2019-02-19 23:00:00', '2019-02-19 23:00:00'),
(324, 'ZH_MOBNR2', 'Mobilnummer ausgehende Calls', 2, 1, '2019-02-19 23:00:00', '2019-02-19 23:00:00'),
(325, '01LI', 'Servis_lorem ipsum', 1, 1, '2019-10-02 11:43:09', '2019-10-02 11:43:09');

-- --------------------------------------------------------

--
-- Table structure for table `service_vodafonetariff`
--

CREATE TABLE `service_vodafonetariff` (
  `id` int(10) UNSIGNED NOT NULL,
  `vodafone_tariff_id` int(11) NOT NULL,
  `service_id` int(11) NOT NULL,
  `property` smallint(6) NOT NULL,
  `is_favorite` tinyint(1) NOT NULL,
  `created_at` timestamp NULL DEFAULT NULL,
  `updated_at` timestamp NULL DEFAULT NULL
) ENGINE=InnoDB DEFAULT CHARSET=utf8mb4 COLLATE=utf8mb4_unicode_ci;

--
-- Dumping data for table `service_vodafonetariff`
--

INSERT INTO `service_vodafonetariff` (`id`, `vodafone_tariff_id`, `service_id`, `property`, `is_favorite`, `created_at`, `updated_at`) VALUES
(265, 1, 44, 1, 0, NULL, NULL),
(266, 1, 45, 2, 0, NULL, NULL),
(267, 1, 46, 2, 0, NULL, NULL),
(268, 1, 47, 2, 0, NULL, NULL),
(269, 1, 78, 2, 0, NULL, NULL),
(270, 1, 81, 2, 0, NULL, NULL),
(271, 1, 86, 1, 0, NULL, NULL),
(272, 1, 87, 2, 0, NULL, NULL),
(273, 1, 106, 2, 0, NULL, NULL),
(274, 1, 108, 2, 0, NULL, NULL),
(275, 1, 141, 2, 0, NULL, NULL),
(276, 1, 143, 2, 0, NULL, NULL),
(277, 1, 169, 2, 0, NULL, NULL),
(278, 1, 170, 2, 0, NULL, NULL),
(279, 1, 171, 2, 0, NULL, NULL),
(280, 1, 172, 2, 0, NULL, NULL),
(281, 1, 173, 2, 0, NULL, NULL),
(282, 1, 174, 2, 0, NULL, NULL),
(283, 1, 175, 2, 0, NULL, NULL),
(284, 1, 176, 2, 0, NULL, NULL),
(285, 1, 177, 2, 0, NULL, NULL),
(286, 1, 178, 2, 0, NULL, NULL),
(287, 1, 179, 2, 0, NULL, NULL),
(288, 1, 180, 2, 0, NULL, NULL),
(289, 1, 181, 2, 0, NULL, NULL),
(290, 1, 182, 2, 0, NULL, NULL),
(291, 1, 183, 2, 0, NULL, NULL),
(292, 1, 184, 2, 0, NULL, NULL),
(293, 1, 185, 2, 0, NULL, NULL),
(294, 1, 186, 2, 0, NULL, NULL),
(295, 1, 187, 2, 0, NULL, NULL),
(296, 1, 188, 2, 0, NULL, NULL),
(297, 1, 189, 2, 0, NULL, NULL),
(298, 1, 190, 2, 0, NULL, NULL),
(299, 1, 191, 2, 0, NULL, NULL),
(300, 1, 192, 2, 0, NULL, NULL),
(301, 1, 193, 2, 0, NULL, NULL),
(302, 1, 194, 2, 0, NULL, NULL),
(303, 1, 195, 2, 0, NULL, NULL),
(304, 1, 196, 2, 0, NULL, NULL),
(305, 1, 197, 2, 0, NULL, NULL),
(306, 1, 198, 2, 0, NULL, NULL),
(307, 1, 199, 2, 0, NULL, NULL),
(308, 1, 200, 2, 0, NULL, NULL),
(309, 1, 201, 2, 0, NULL, NULL),
(310, 1, 202, 2, 0, NULL, NULL),
(311, 1, 203, 2, 0, NULL, NULL),
(312, 1, 204, 2, 0, NULL, NULL),
(313, 1, 205, 2, 0, NULL, NULL),
(314, 1, 206, 2, 0, NULL, NULL),
(315, 1, 207, 2, 0, NULL, NULL),
(316, 1, 208, 2, 0, NULL, NULL),
(317, 1, 209, 2, 0, NULL, NULL),
(318, 1, 210, 2, 0, NULL, NULL),
(319, 1, 211, 2, 0, NULL, NULL),
(320, 1, 212, 2, 0, NULL, NULL),
(321, 1, 213, 2, 0, NULL, NULL),
(322, 1, 214, 2, 0, NULL, NULL),
(323, 1, 216, 2, 0, NULL, NULL),
(324, 1, 217, 2, 0, NULL, NULL),
(325, 1, 218, 2, 0, NULL, NULL),
(326, 1, 219, 2, 0, NULL, NULL),
(327, 1, 220, 2, 0, NULL, NULL),
(328, 1, 246, 2, 0, NULL, NULL),
(329, 1, 277, 2, 0, NULL, NULL),
(330, 1, 312, 2, 0, NULL, NULL),
(331, 2, 44, 1, 1, NULL, NULL),
(332, 2, 45, 2, 1, NULL, NULL),
(333, 2, 46, 1, 0, NULL, NULL),
(334, 2, 47, 1, 0, NULL, NULL),
(335, 2, 78, 2, 0, NULL, NULL),
(336, 2, 81, 2, 0, NULL, NULL),
(337, 2, 86, 2, 0, NULL, NULL),
(338, 2, 87, 2, 0, NULL, NULL),
(339, 2, 106, 2, 0, NULL, NULL),
(340, 2, 108, 2, 0, NULL, NULL),
(341, 2, 141, 2, 0, NULL, NULL),
(342, 2, 143, 2, 1, NULL, NULL),
(343, 2, 169, 2, 0, NULL, NULL),
(344, 2, 170, 2, 0, NULL, NULL),
(345, 2, 171, 2, 0, NULL, NULL),
(346, 2, 172, 2, 0, NULL, NULL),
(347, 2, 173, 2, 0, NULL, NULL),
(348, 2, 174, 2, 0, NULL, NULL),
(349, 2, 175, 2, 0, NULL, NULL),
(350, 2, 176, 2, 0, NULL, NULL),
(351, 2, 177, 2, 0, NULL, NULL),
(352, 2, 178, 2, 0, NULL, NULL),
(353, 2, 179, 2, 0, NULL, NULL),
(354, 2, 180, 2, 0, NULL, NULL),
(355, 2, 181, 2, 0, NULL, NULL),
(356, 2, 182, 2, 0, NULL, NULL),
(357, 2, 183, 2, 0, NULL, NULL),
(358, 2, 184, 2, 0, NULL, NULL),
(359, 2, 185, 2, 0, NULL, NULL),
(360, 2, 186, 2, 0, NULL, NULL),
(361, 2, 187, 2, 0, NULL, NULL),
(362, 2, 188, 2, 0, NULL, NULL),
(363, 2, 189, 2, 0, NULL, NULL),
(364, 2, 190, 2, 0, NULL, NULL),
(365, 2, 191, 2, 0, NULL, NULL),
(366, 2, 192, 2, 0, NULL, NULL),
(367, 2, 193, 2, 0, NULL, NULL),
(368, 2, 194, 2, 0, NULL, NULL),
(369, 2, 195, 2, 0, NULL, NULL),
(370, 2, 196, 2, 0, NULL, NULL),
(371, 2, 197, 2, 0, NULL, NULL),
(372, 2, 198, 2, 0, NULL, NULL),
(373, 2, 199, 2, 0, NULL, NULL),
(374, 2, 200, 2, 0, NULL, NULL),
(375, 2, 201, 2, 0, NULL, NULL),
(376, 2, 202, 2, 0, NULL, NULL),
(377, 2, 203, 2, 0, NULL, NULL),
(378, 2, 204, 1, 0, NULL, NULL),
(379, 2, 205, 2, 0, NULL, NULL),
(380, 2, 206, 2, 0, NULL, NULL),
(381, 2, 207, 2, 0, NULL, NULL),
(382, 2, 208, 2, 0, NULL, NULL),
(383, 2, 209, 2, 0, NULL, NULL),
(384, 2, 210, 2, 0, NULL, NULL),
(385, 2, 211, 2, 0, NULL, NULL),
(386, 2, 212, 2, 0, NULL, NULL),
(387, 2, 213, 2, 0, NULL, NULL),
(388, 2, 214, 2, 0, NULL, NULL),
(389, 2, 216, 2, 0, NULL, NULL),
(390, 2, 217, 2, 0, NULL, NULL),
(391, 2, 218, 2, 0, NULL, NULL),
(392, 2, 219, 2, 0, NULL, NULL),
(393, 2, 220, 2, 0, NULL, NULL),
(394, 2, 246, 2, 0, NULL, NULL),
(395, 2, 277, 2, 0, NULL, NULL),
(396, 2, 312, 1, 0, NULL, NULL),
(397, 3, 44, 2, 1, NULL, NULL),
(398, 3, 45, 2, 1, NULL, NULL),
(399, 3, 46, 2, 0, NULL, NULL),
(400, 3, 47, 2, 0, NULL, NULL),
(401, 3, 78, 2, 0, NULL, NULL),
(402, 3, 81, 2, 0, NULL, NULL),
(403, 3, 86, 2, 0, NULL, NULL),
(404, 3, 87, 2, 0, NULL, NULL),
(405, 3, 106, 2, 0, NULL, NULL),
(406, 3, 108, 2, 0, NULL, NULL),
(407, 3, 141, 2, 0, NULL, NULL),
(408, 3, 143, 2, 1, NULL, NULL),
(409, 3, 169, 2, 0, NULL, NULL),
(410, 3, 170, 2, 0, NULL, NULL),
(411, 3, 171, 2, 0, NULL, NULL),
(412, 3, 172, 2, 0, NULL, NULL),
(413, 3, 173, 2, 0, NULL, NULL),
(414, 3, 174, 2, 0, NULL, NULL),
(415, 3, 175, 2, 0, NULL, NULL),
(416, 3, 176, 2, 0, NULL, NULL),
(417, 3, 177, 2, 0, NULL, NULL),
(418, 3, 178, 2, 0, NULL, NULL),
(419, 3, 179, 2, 0, NULL, NULL),
(420, 3, 180, 2, 0, NULL, NULL),
(421, 3, 181, 2, 0, NULL, NULL),
(422, 3, 182, 2, 0, NULL, NULL),
(423, 3, 183, 2, 0, NULL, NULL),
(424, 3, 184, 2, 0, NULL, NULL),
(425, 3, 185, 2, 0, NULL, NULL),
(426, 3, 186, 2, 0, NULL, NULL),
(427, 3, 187, 2, 0, NULL, NULL),
(428, 3, 188, 2, 0, NULL, NULL),
(429, 3, 189, 2, 0, NULL, NULL),
(430, 3, 190, 2, 0, NULL, NULL),
(431, 3, 191, 2, 0, NULL, NULL),
(432, 3, 192, 2, 0, NULL, NULL),
(433, 3, 193, 2, 0, NULL, NULL),
(434, 3, 194, 2, 0, NULL, NULL),
(435, 3, 195, 2, 0, NULL, NULL),
(436, 3, 196, 2, 0, NULL, NULL),
(437, 3, 197, 2, 0, NULL, NULL),
(438, 3, 198, 2, 0, NULL, NULL),
(439, 3, 199, 2, 0, NULL, NULL),
(440, 3, 200, 2, 0, NULL, NULL),
(441, 3, 201, 2, 0, NULL, NULL),
(442, 3, 202, 2, 0, NULL, NULL),
(443, 3, 203, 2, 0, NULL, NULL),
(444, 3, 204, 2, 0, NULL, NULL),
(445, 3, 205, 2, 0, NULL, NULL),
(446, 3, 206, 2, 0, NULL, NULL),
(447, 3, 207, 2, 0, NULL, NULL),
(448, 3, 208, 2, 0, NULL, NULL),
(449, 3, 209, 2, 0, NULL, NULL),
(450, 3, 210, 2, 0, NULL, NULL),
(451, 3, 211, 2, 0, NULL, NULL),
(452, 3, 212, 2, 0, NULL, NULL),
(453, 3, 213, 2, 0, NULL, NULL),
(454, 3, 214, 2, 0, NULL, NULL),
(455, 3, 216, 2, 0, NULL, NULL),
(456, 3, 217, 2, 0, NULL, NULL),
(457, 3, 218, 2, 0, NULL, NULL),
(458, 3, 219, 2, 0, NULL, NULL),
(459, 3, 220, 2, 0, NULL, NULL),
(460, 3, 246, 2, 0, NULL, NULL),
(461, 3, 277, 2, 0, NULL, NULL),
(462, 3, 312, 2, 0, NULL, NULL),
(463, 4, 44, 2, 1, NULL, NULL),
(464, 4, 45, 2, 1, NULL, NULL),
(465, 4, 46, 2, 0, NULL, NULL),
(466, 4, 47, 2, 0, NULL, NULL),
(467, 4, 78, 2, 0, NULL, NULL),
(468, 4, 81, 2, 0, NULL, NULL),
(469, 4, 86, 2, 0, NULL, NULL),
(470, 4, 87, 2, 0, NULL, NULL),
(471, 4, 106, 2, 0, NULL, NULL),
(472, 4, 108, 2, 0, NULL, NULL),
(473, 4, 141, 2, 0, NULL, NULL),
(474, 4, 143, 2, 1, NULL, NULL),
(475, 4, 169, 2, 0, NULL, NULL),
(476, 4, 170, 2, 0, NULL, NULL),
(477, 4, 171, 2, 0, NULL, NULL),
(478, 4, 172, 2, 0, NULL, NULL),
(479, 4, 173, 2, 0, NULL, NULL),
(480, 4, 174, 2, 0, NULL, NULL),
(481, 4, 175, 2, 0, NULL, NULL),
(482, 4, 176, 2, 0, NULL, NULL),
(483, 4, 177, 2, 0, NULL, NULL),
(484, 4, 178, 2, 0, NULL, NULL),
(485, 4, 179, 2, 0, NULL, NULL),
(486, 4, 180, 2, 0, NULL, NULL),
(487, 4, 181, 2, 0, NULL, NULL),
(488, 4, 182, 2, 0, NULL, NULL),
(489, 4, 183, 2, 0, NULL, NULL),
(490, 4, 184, 2, 0, NULL, NULL),
(491, 4, 185, 2, 0, NULL, NULL),
(492, 4, 186, 2, 0, NULL, NULL),
(493, 4, 187, 2, 0, NULL, NULL),
(494, 4, 188, 2, 0, NULL, NULL),
(495, 4, 189, 2, 0, NULL, NULL),
(496, 4, 190, 2, 0, NULL, NULL),
(497, 4, 191, 2, 0, NULL, NULL),
(498, 4, 192, 2, 0, NULL, NULL),
(499, 4, 193, 2, 0, NULL, NULL),
(500, 4, 194, 2, 0, NULL, NULL),
(501, 4, 195, 2, 0, NULL, NULL),
(502, 4, 196, 2, 0, NULL, NULL),
(503, 4, 197, 2, 0, NULL, NULL),
(504, 4, 198, 2, 0, NULL, NULL),
(505, 4, 199, 2, 0, NULL, NULL),
(506, 4, 200, 2, 0, NULL, NULL),
(507, 4, 201, 2, 0, NULL, NULL),
(508, 4, 202, 2, 0, NULL, NULL),
(509, 4, 203, 2, 0, NULL, NULL),
(510, 4, 204, 2, 0, NULL, NULL),
(511, 4, 205, 2, 0, NULL, NULL),
(512, 4, 206, 2, 0, NULL, NULL),
(513, 4, 207, 2, 0, NULL, NULL),
(514, 4, 208, 2, 0, NULL, NULL),
(515, 4, 209, 2, 0, NULL, NULL),
(516, 4, 210, 2, 0, NULL, NULL),
(517, 4, 211, 2, 0, NULL, NULL),
(518, 4, 212, 2, 0, NULL, NULL),
(519, 4, 213, 2, 0, NULL, NULL),
(520, 4, 214, 2, 0, NULL, NULL),
(521, 4, 216, 2, 0, NULL, NULL),
(522, 4, 217, 2, 0, NULL, NULL),
(523, 4, 218, 2, 0, NULL, NULL),
(524, 4, 219, 2, 0, NULL, NULL),
(525, 4, 220, 2, 0, NULL, NULL),
(526, 4, 246, 2, 0, NULL, NULL),
(527, 4, 277, 2, 0, NULL, NULL),
(528, 4, 312, 2, 0, NULL, NULL),
(529, 5, 44, 2, 1, NULL, NULL),
(530, 5, 45, 2, 1, NULL, NULL),
(531, 5, 46, 2, 0, NULL, NULL),
(532, 5, 47, 2, 0, NULL, NULL),
(533, 5, 78, 2, 0, NULL, NULL),
(534, 5, 81, 2, 0, NULL, NULL),
(535, 5, 86, 2, 0, NULL, NULL),
(536, 5, 87, 2, 0, NULL, NULL),
(537, 5, 106, 2, 0, NULL, NULL),
(538, 5, 108, 2, 0, NULL, NULL),
(539, 5, 141, 2, 0, NULL, NULL),
(540, 5, 143, 2, 1, NULL, NULL),
(541, 5, 169, 2, 0, NULL, NULL),
(542, 5, 170, 2, 0, NULL, NULL),
(543, 5, 171, 2, 0, NULL, NULL),
(544, 5, 172, 2, 0, NULL, NULL),
(545, 5, 173, 2, 0, NULL, NULL),
(546, 5, 174, 2, 0, NULL, NULL),
(547, 5, 175, 2, 0, NULL, NULL),
(548, 5, 176, 2, 0, NULL, NULL),
(549, 5, 177, 2, 0, NULL, NULL),
(550, 5, 178, 2, 0, NULL, NULL),
(551, 5, 179, 2, 0, NULL, NULL),
(552, 5, 180, 2, 0, NULL, NULL),
(553, 5, 181, 2, 0, NULL, NULL),
(554, 5, 182, 2, 0, NULL, NULL),
(555, 5, 183, 2, 0, NULL, NULL),
(556, 5, 184, 2, 0, NULL, NULL),
(557, 5, 185, 2, 0, NULL, NULL),
(558, 5, 186, 2, 0, NULL, NULL),
(559, 5, 187, 2, 0, NULL, NULL),
(560, 5, 188, 2, 0, NULL, NULL),
(561, 5, 189, 2, 0, NULL, NULL),
(562, 5, 190, 2, 0, NULL, NULL),
(563, 5, 191, 2, 0, NULL, NULL),
(564, 5, 192, 2, 0, NULL, NULL),
(565, 5, 193, 2, 0, NULL, NULL),
(566, 5, 194, 2, 0, NULL, NULL),
(567, 5, 195, 2, 0, NULL, NULL),
(568, 5, 196, 2, 0, NULL, NULL),
(569, 5, 197, 2, 0, NULL, NULL),
(570, 5, 198, 2, 0, NULL, NULL),
(571, 5, 199, 2, 0, NULL, NULL),
(572, 5, 200, 2, 0, NULL, NULL),
(573, 5, 201, 2, 0, NULL, NULL),
(574, 5, 202, 2, 0, NULL, NULL),
(575, 5, 203, 2, 0, NULL, NULL),
(576, 5, 204, 2, 0, NULL, NULL),
(577, 5, 205, 2, 0, NULL, NULL),
(578, 5, 206, 2, 0, NULL, NULL),
(579, 5, 207, 2, 0, NULL, NULL),
(580, 5, 208, 2, 0, NULL, NULL),
(581, 5, 209, 2, 0, NULL, NULL),
(582, 5, 210, 2, 0, NULL, NULL),
(583, 5, 211, 2, 0, NULL, NULL),
(584, 5, 212, 2, 0, NULL, NULL),
(585, 5, 213, 2, 0, NULL, NULL),
(586, 5, 214, 2, 0, NULL, NULL),
(587, 5, 216, 2, 0, NULL, NULL),
(588, 5, 217, 2, 0, NULL, NULL),
(589, 5, 218, 2, 0, NULL, NULL),
(590, 5, 219, 2, 0, NULL, NULL),
(591, 5, 220, 2, 0, NULL, NULL),
(592, 5, 246, 2, 0, NULL, NULL),
(593, 5, 277, 2, 0, NULL, NULL),
(594, 5, 312, 2, 0, NULL, NULL),
(595, 6, 44, 2, 1, NULL, NULL),
(596, 6, 45, 2, 1, NULL, NULL),
(597, 6, 46, 2, 0, NULL, NULL),
(598, 6, 47, 2, 0, NULL, NULL),
(599, 6, 78, 2, 0, NULL, NULL),
(600, 6, 81, 2, 0, NULL, NULL),
(601, 6, 86, 2, 0, NULL, NULL),
(602, 6, 87, 2, 0, NULL, NULL),
(603, 6, 106, 2, 0, NULL, NULL),
(604, 6, 108, 2, 0, NULL, NULL),
(605, 6, 141, 2, 0, NULL, NULL),
(606, 6, 143, 2, 1, NULL, NULL),
(607, 6, 169, 2, 0, NULL, NULL),
(608, 6, 170, 2, 0, NULL, NULL),
(609, 6, 171, 2, 0, NULL, NULL),
(610, 6, 172, 2, 0, NULL, NULL),
(611, 6, 173, 2, 0, NULL, NULL),
(612, 6, 174, 2, 0, NULL, NULL),
(613, 6, 175, 2, 0, NULL, NULL),
(614, 6, 176, 2, 0, NULL, NULL),
(615, 6, 177, 2, 0, NULL, NULL),
(616, 6, 178, 2, 0, NULL, NULL),
(617, 6, 179, 2, 0, NULL, NULL),
(618, 6, 180, 2, 0, NULL, NULL),
(619, 6, 181, 2, 0, NULL, NULL),
(620, 6, 182, 2, 0, NULL, NULL),
(621, 6, 183, 2, 0, NULL, NULL),
(622, 6, 184, 2, 0, NULL, NULL),
(623, 6, 185, 2, 0, NULL, NULL),
(624, 6, 186, 2, 0, NULL, NULL),
(625, 6, 187, 2, 0, NULL, NULL),
(626, 6, 188, 2, 0, NULL, NULL),
(627, 6, 189, 2, 0, NULL, NULL),
(628, 6, 190, 2, 0, NULL, NULL),
(629, 6, 191, 2, 0, NULL, NULL),
(630, 6, 192, 2, 0, NULL, NULL),
(631, 6, 193, 2, 0, NULL, NULL),
(632, 6, 194, 2, 0, NULL, NULL),
(633, 6, 195, 2, 0, NULL, NULL),
(634, 6, 196, 2, 0, NULL, NULL),
(635, 6, 197, 2, 0, NULL, NULL),
(636, 6, 198, 2, 0, NULL, NULL),
(637, 6, 199, 2, 0, NULL, NULL),
(638, 6, 200, 2, 0, NULL, NULL),
(639, 6, 201, 2, 0, NULL, NULL),
(640, 6, 202, 2, 0, NULL, NULL),
(641, 6, 203, 2, 0, NULL, NULL),
(642, 6, 204, 2, 0, NULL, NULL),
(643, 6, 205, 2, 0, NULL, NULL),
(644, 6, 206, 2, 0, NULL, NULL),
(645, 6, 207, 2, 0, NULL, NULL),
(646, 6, 208, 2, 0, NULL, NULL),
(647, 6, 209, 2, 0, NULL, NULL),
(648, 6, 210, 2, 0, NULL, NULL),
(649, 6, 211, 2, 0, NULL, NULL),
(650, 6, 212, 2, 0, NULL, NULL),
(651, 6, 213, 2, 0, NULL, NULL),
(652, 6, 214, 2, 0, NULL, NULL),
(653, 6, 216, 2, 0, NULL, NULL),
(654, 6, 217, 2, 0, NULL, NULL),
(655, 6, 218, 2, 0, NULL, NULL),
(656, 6, 219, 2, 0, NULL, NULL),
(657, 6, 220, 2, 0, NULL, NULL),
(658, 6, 246, 2, 0, NULL, NULL),
(659, 6, 277, 2, 0, NULL, NULL),
(660, 6, 312, 2, 0, NULL, NULL),
(661, 7, 44, 2, 1, NULL, NULL),
(662, 7, 45, 2, 1, NULL, NULL),
(663, 7, 46, 2, 0, NULL, NULL),
(664, 7, 47, 2, 0, NULL, NULL),
(665, 7, 78, 2, 0, NULL, NULL),
(666, 7, 81, 2, 0, NULL, NULL),
(667, 7, 86, 2, 0, NULL, NULL),
(668, 7, 87, 2, 0, NULL, NULL),
(669, 7, 106, 2, 0, NULL, NULL),
(670, 7, 108, 2, 0, NULL, NULL),
(671, 7, 141, 2, 0, NULL, NULL),
(672, 7, 143, 2, 1, NULL, NULL),
(673, 7, 169, 2, 0, NULL, NULL),
(674, 7, 170, 2, 0, NULL, NULL),
(675, 7, 171, 2, 0, NULL, NULL),
(676, 7, 172, 2, 0, NULL, NULL),
(677, 7, 173, 2, 0, NULL, NULL),
(678, 7, 174, 2, 0, NULL, NULL),
(679, 7, 175, 2, 0, NULL, NULL),
(680, 7, 176, 2, 0, NULL, NULL),
(681, 7, 177, 2, 0, NULL, NULL),
(682, 7, 178, 2, 0, NULL, NULL),
(683, 7, 179, 2, 0, NULL, NULL),
(684, 7, 180, 2, 0, NULL, NULL),
(685, 7, 181, 2, 0, NULL, NULL),
(686, 7, 182, 2, 0, NULL, NULL),
(687, 7, 183, 2, 0, NULL, NULL),
(688, 7, 184, 2, 0, NULL, NULL),
(689, 7, 185, 2, 0, NULL, NULL),
(690, 7, 186, 2, 0, NULL, NULL),
(691, 7, 187, 2, 0, NULL, NULL),
(692, 7, 188, 2, 0, NULL, NULL),
(693, 7, 189, 2, 0, NULL, NULL),
(694, 7, 190, 2, 0, NULL, NULL),
(695, 7, 191, 2, 0, NULL, NULL),
(696, 7, 192, 2, 0, NULL, NULL),
(697, 7, 193, 2, 0, NULL, NULL),
(698, 7, 194, 2, 0, NULL, NULL),
(699, 7, 195, 2, 0, NULL, NULL),
(700, 7, 196, 2, 0, NULL, NULL),
(701, 7, 197, 2, 0, NULL, NULL),
(702, 7, 198, 2, 0, NULL, NULL),
(703, 7, 199, 2, 0, NULL, NULL),
(704, 7, 200, 2, 0, NULL, NULL),
(705, 7, 201, 2, 0, NULL, NULL),
(706, 7, 202, 2, 0, NULL, NULL),
(707, 7, 203, 2, 0, NULL, NULL),
(708, 7, 204, 2, 0, NULL, NULL),
(709, 7, 205, 2, 0, NULL, NULL),
(710, 7, 206, 2, 0, NULL, NULL),
(711, 7, 207, 2, 0, NULL, NULL),
(712, 7, 208, 2, 0, NULL, NULL),
(713, 7, 209, 2, 0, NULL, NULL),
(714, 7, 210, 2, 0, NULL, NULL),
(715, 7, 211, 2, 0, NULL, NULL),
(716, 7, 212, 2, 0, NULL, NULL),
(717, 7, 213, 2, 0, NULL, NULL),
(718, 7, 214, 2, 0, NULL, NULL),
(719, 7, 216, 2, 0, NULL, NULL),
(720, 7, 217, 2, 0, NULL, NULL),
(721, 7, 218, 2, 0, NULL, NULL),
(722, 7, 219, 2, 0, NULL, NULL),
(723, 7, 220, 2, 0, NULL, NULL),
(724, 7, 246, 2, 0, NULL, NULL),
(725, 7, 277, 2, 0, NULL, NULL),
(726, 7, 312, 2, 0, NULL, NULL),
(727, 8, 44, 2, 1, NULL, NULL),
(728, 8, 45, 2, 1, NULL, NULL),
(729, 8, 46, 2, 0, NULL, NULL),
(730, 8, 47, 2, 0, NULL, NULL),
(731, 8, 78, 2, 0, NULL, NULL),
(732, 8, 81, 2, 0, NULL, NULL),
(733, 8, 86, 2, 0, NULL, NULL),
(734, 8, 87, 2, 0, NULL, NULL),
(735, 8, 106, 2, 0, NULL, NULL),
(736, 8, 108, 2, 0, NULL, NULL),
(737, 8, 141, 2, 0, NULL, NULL),
(738, 8, 143, 2, 1, NULL, NULL),
(739, 8, 169, 2, 0, NULL, NULL),
(740, 8, 170, 2, 0, NULL, NULL),
(741, 8, 171, 2, 0, NULL, NULL),
(742, 8, 172, 2, 0, NULL, NULL),
(743, 8, 173, 2, 0, NULL, NULL),
(744, 8, 174, 2, 0, NULL, NULL),
(745, 8, 175, 2, 0, NULL, NULL),
(746, 8, 176, 2, 0, NULL, NULL),
(747, 8, 177, 2, 0, NULL, NULL),
(748, 8, 178, 2, 0, NULL, NULL),
(749, 8, 179, 2, 0, NULL, NULL),
(750, 8, 180, 2, 0, NULL, NULL),
(751, 8, 181, 2, 0, NULL, NULL),
(752, 8, 182, 2, 0, NULL, NULL),
(753, 8, 183, 2, 0, NULL, NULL),
(754, 8, 184, 2, 0, NULL, NULL),
(755, 8, 185, 2, 0, NULL, NULL),
(756, 8, 186, 2, 0, NULL, NULL),
(757, 8, 187, 2, 0, NULL, NULL),
(758, 8, 188, 2, 0, NULL, NULL),
(759, 8, 189, 2, 0, NULL, NULL),
(760, 8, 190, 2, 0, NULL, NULL),
(761, 8, 191, 2, 0, NULL, NULL),
(762, 8, 192, 2, 0, NULL, NULL),
(763, 8, 193, 2, 0, NULL, NULL),
(764, 8, 194, 2, 0, NULL, NULL),
(765, 8, 195, 2, 0, NULL, NULL),
(766, 8, 196, 2, 0, NULL, NULL),
(767, 8, 197, 2, 0, NULL, NULL),
(768, 8, 198, 2, 0, NULL, NULL),
(769, 8, 199, 2, 0, NULL, NULL),
(770, 8, 200, 2, 0, NULL, NULL),
(771, 8, 201, 2, 0, NULL, NULL),
(772, 8, 202, 2, 0, NULL, NULL),
(773, 8, 203, 2, 0, NULL, NULL),
(774, 8, 204, 2, 0, NULL, NULL),
(775, 8, 205, 2, 0, NULL, NULL),
(776, 8, 206, 2, 0, NULL, NULL),
(777, 8, 207, 2, 0, NULL, NULL),
(778, 8, 208, 2, 0, NULL, NULL),
(779, 8, 209, 2, 0, NULL, NULL),
(780, 8, 210, 2, 0, NULL, NULL),
(781, 8, 211, 2, 0, NULL, NULL),
(782, 8, 212, 2, 0, NULL, NULL),
(783, 8, 213, 2, 0, NULL, NULL),
(784, 8, 214, 2, 0, NULL, NULL),
(785, 8, 216, 2, 0, NULL, NULL),
(786, 8, 217, 2, 0, NULL, NULL),
(787, 8, 218, 2, 0, NULL, NULL),
(788, 8, 219, 2, 0, NULL, NULL),
(789, 8, 220, 2, 0, NULL, NULL),
(790, 8, 246, 2, 0, NULL, NULL),
(791, 8, 277, 2, 0, NULL, NULL),
(792, 8, 312, 2, 0, NULL, NULL),
(793, 9, 44, 2, 1, NULL, NULL),
(794, 9, 45, 2, 1, NULL, NULL),
(795, 9, 46, 2, 0, NULL, NULL),
(796, 9, 47, 2, 0, NULL, NULL),
(797, 9, 78, 2, 0, NULL, NULL),
(798, 9, 81, 2, 0, NULL, NULL),
(799, 9, 86, 2, 0, NULL, NULL),
(800, 9, 87, 2, 0, NULL, NULL),
(801, 9, 106, 2, 0, NULL, NULL),
(802, 9, 108, 2, 0, NULL, NULL),
(803, 9, 141, 2, 0, NULL, NULL),
(804, 9, 143, 2, 1, NULL, NULL),
(805, 9, 169, 2, 0, NULL, NULL),
(806, 9, 170, 2, 0, NULL, NULL),
(807, 9, 171, 2, 0, NULL, NULL),
(808, 9, 172, 2, 0, NULL, NULL),
(809, 9, 173, 2, 0, NULL, NULL),
(810, 9, 174, 2, 0, NULL, NULL),
(811, 9, 175, 2, 0, NULL, NULL),
(812, 9, 176, 2, 0, NULL, NULL),
(813, 9, 177, 2, 0, NULL, NULL),
(814, 9, 178, 2, 0, NULL, NULL),
(815, 9, 179, 2, 0, NULL, NULL),
(816, 9, 180, 2, 0, NULL, NULL),
(817, 9, 181, 2, 0, NULL, NULL),
(818, 9, 182, 2, 0, NULL, NULL),
(819, 9, 183, 2, 0, NULL, NULL),
(820, 9, 184, 2, 0, NULL, NULL),
(821, 9, 185, 2, 0, NULL, NULL),
(822, 9, 186, 2, 0, NULL, NULL),
(823, 9, 187, 2, 0, NULL, NULL),
(824, 9, 188, 2, 0, NULL, NULL),
(825, 9, 189, 2, 0, NULL, NULL),
(826, 9, 190, 2, 0, NULL, NULL),
(827, 9, 191, 2, 0, NULL, NULL),
(828, 9, 192, 2, 0, NULL, NULL),
(829, 9, 193, 2, 0, NULL, NULL),
(830, 9, 194, 2, 0, NULL, NULL),
(831, 9, 195, 2, 0, NULL, NULL),
(832, 9, 196, 2, 0, NULL, NULL),
(833, 9, 197, 2, 0, NULL, NULL),
(834, 9, 198, 2, 0, NULL, NULL),
(835, 9, 199, 2, 0, NULL, NULL),
(836, 9, 200, 2, 0, NULL, NULL),
(837, 9, 201, 2, 0, NULL, NULL),
(838, 9, 202, 2, 0, NULL, NULL),
(839, 9, 203, 2, 0, NULL, NULL),
(840, 9, 204, 2, 0, NULL, NULL),
(841, 9, 205, 2, 0, NULL, NULL),
(842, 9, 206, 2, 0, NULL, NULL),
(843, 9, 207, 2, 0, NULL, NULL),
(844, 9, 208, 2, 0, NULL, NULL),
(845, 9, 209, 2, 0, NULL, NULL),
(846, 9, 210, 2, 0, NULL, NULL),
(847, 9, 211, 2, 0, NULL, NULL),
(848, 9, 212, 2, 0, NULL, NULL),
(849, 9, 213, 2, 0, NULL, NULL),
(850, 9, 214, 2, 0, NULL, NULL),
(851, 9, 216, 2, 0, NULL, NULL),
(852, 9, 217, 2, 0, NULL, NULL),
(853, 9, 218, 2, 0, NULL, NULL),
(854, 9, 219, 2, 0, NULL, NULL),
(855, 9, 220, 2, 0, NULL, NULL),
(856, 9, 246, 2, 0, NULL, NULL),
(857, 9, 277, 2, 0, NULL, NULL),
(858, 9, 312, 2, 0, NULL, NULL),
(859, 10, 44, 2, 1, NULL, NULL),
(860, 10, 45, 2, 1, NULL, NULL),
(861, 10, 46, 2, 0, NULL, NULL),
(862, 10, 47, 2, 0, NULL, NULL),
(863, 10, 78, 2, 0, NULL, NULL),
(864, 10, 81, 2, 0, NULL, NULL),
(865, 10, 86, 2, 0, NULL, NULL),
(866, 10, 87, 2, 0, NULL, NULL),
(867, 10, 106, 2, 0, NULL, NULL),
(868, 10, 108, 2, 0, NULL, NULL),
(869, 10, 141, 2, 0, NULL, NULL),
(870, 10, 143, 2, 1, NULL, NULL),
(871, 10, 169, 2, 0, NULL, NULL),
(872, 10, 170, 2, 0, NULL, NULL),
(873, 10, 171, 2, 0, NULL, NULL),
(874, 10, 172, 2, 0, NULL, NULL),
(875, 10, 173, 2, 0, NULL, NULL),
(876, 10, 174, 2, 0, NULL, NULL),
(877, 10, 175, 2, 0, NULL, NULL),
(878, 10, 176, 2, 0, NULL, NULL),
(879, 10, 177, 2, 0, NULL, NULL),
(880, 10, 178, 2, 0, NULL, NULL),
(881, 10, 179, 2, 0, NULL, NULL),
(882, 10, 180, 2, 0, NULL, NULL),
(883, 10, 181, 2, 0, NULL, NULL),
(884, 10, 182, 2, 0, NULL, NULL),
(885, 10, 183, 2, 0, NULL, NULL),
(886, 10, 184, 2, 0, NULL, NULL),
(887, 10, 185, 2, 0, NULL, NULL),
(888, 10, 186, 2, 0, NULL, NULL),
(889, 10, 187, 2, 0, NULL, NULL),
(890, 10, 188, 2, 0, NULL, NULL),
(891, 10, 189, 2, 0, NULL, NULL),
(892, 10, 190, 2, 0, NULL, NULL),
(893, 10, 191, 2, 0, NULL, NULL),
(894, 10, 192, 2, 0, NULL, NULL),
(895, 10, 193, 2, 0, NULL, NULL),
(896, 10, 194, 2, 0, NULL, NULL),
(897, 10, 195, 2, 0, NULL, NULL),
(898, 10, 196, 2, 0, NULL, NULL),
(899, 10, 197, 2, 0, NULL, NULL),
(900, 10, 198, 2, 0, NULL, NULL),
(901, 10, 199, 2, 0, NULL, NULL),
(902, 10, 200, 2, 0, NULL, NULL),
(903, 10, 201, 2, 0, NULL, NULL),
(904, 10, 202, 2, 0, NULL, NULL),
(905, 10, 203, 2, 0, NULL, NULL),
(906, 10, 204, 2, 0, NULL, NULL),
(907, 10, 205, 2, 0, NULL, NULL),
(908, 10, 206, 2, 0, NULL, NULL),
(909, 10, 207, 2, 0, NULL, NULL),
(910, 10, 208, 2, 0, NULL, NULL),
(911, 10, 209, 2, 0, NULL, NULL),
(912, 10, 210, 2, 0, NULL, NULL),
(913, 10, 211, 2, 0, NULL, NULL),
(914, 10, 212, 2, 0, NULL, NULL),
(915, 10, 213, 2, 0, NULL, NULL),
(916, 10, 214, 2, 0, NULL, NULL),
(917, 10, 216, 2, 0, NULL, NULL),
(918, 10, 217, 2, 0, NULL, NULL),
(919, 10, 218, 2, 0, NULL, NULL),
(920, 10, 219, 2, 0, NULL, NULL),
(921, 10, 220, 2, 0, NULL, NULL),
(922, 10, 246, 2, 0, NULL, NULL),
(923, 10, 277, 2, 0, NULL, NULL),
(924, 10, 312, 2, 0, NULL, NULL),
(925, 11, 44, 2, 1, NULL, NULL),
(926, 11, 45, 2, 1, NULL, NULL),
(927, 11, 46, 2, 0, NULL, NULL),
(928, 11, 47, 2, 0, NULL, NULL),
(929, 11, 78, 2, 0, NULL, NULL),
(930, 11, 81, 2, 0, NULL, NULL),
(931, 11, 86, 2, 0, NULL, NULL),
(932, 11, 87, 2, 0, NULL, NULL),
(933, 11, 106, 2, 0, NULL, NULL),
(934, 11, 108, 2, 0, NULL, NULL),
(935, 11, 141, 2, 0, NULL, NULL),
(936, 11, 143, 2, 1, NULL, NULL),
(937, 11, 169, 2, 0, NULL, NULL),
(938, 11, 170, 2, 0, NULL, NULL),
(939, 11, 171, 2, 0, NULL, NULL),
(940, 11, 172, 2, 0, NULL, NULL),
(941, 11, 173, 2, 0, NULL, NULL),
(942, 11, 174, 2, 0, NULL, NULL),
(943, 11, 175, 2, 0, NULL, NULL),
(944, 11, 176, 2, 0, NULL, NULL),
(945, 11, 177, 2, 0, NULL, NULL),
(946, 11, 178, 2, 0, NULL, NULL),
(947, 11, 179, 2, 0, NULL, NULL),
(948, 11, 180, 2, 0, NULL, NULL),
(949, 11, 181, 2, 0, NULL, NULL),
(950, 11, 182, 2, 0, NULL, NULL),
(951, 11, 183, 2, 0, NULL, NULL),
(952, 11, 184, 2, 0, NULL, NULL),
(953, 11, 185, 2, 0, NULL, NULL),
(954, 11, 186, 2, 0, NULL, NULL),
(955, 11, 187, 2, 0, NULL, NULL),
(956, 11, 188, 2, 0, NULL, NULL),
(957, 11, 189, 2, 0, NULL, NULL),
(958, 11, 190, 2, 0, NULL, NULL),
(959, 11, 191, 2, 0, NULL, NULL),
(960, 11, 192, 2, 0, NULL, NULL),
(961, 11, 193, 2, 0, NULL, NULL),
(962, 11, 194, 2, 0, NULL, NULL),
(963, 11, 195, 2, 0, NULL, NULL),
(964, 11, 196, 2, 0, NULL, NULL),
(965, 11, 197, 2, 0, NULL, NULL),
(966, 11, 198, 2, 0, NULL, NULL),
(967, 11, 199, 2, 0, NULL, NULL),
(968, 11, 200, 2, 0, NULL, NULL),
(969, 11, 201, 2, 0, NULL, NULL),
(970, 11, 202, 2, 0, NULL, NULL),
(971, 11, 203, 2, 0, NULL, NULL),
(972, 11, 204, 2, 0, NULL, NULL),
(973, 11, 205, 2, 0, NULL, NULL),
(974, 11, 206, 2, 0, NULL, NULL),
(975, 11, 207, 2, 0, NULL, NULL),
(976, 11, 208, 2, 0, NULL, NULL),
(977, 11, 209, 2, 0, NULL, NULL),
(978, 11, 210, 2, 0, NULL, NULL),
(979, 11, 211, 2, 0, NULL, NULL),
(980, 11, 212, 2, 0, NULL, NULL),
(981, 11, 213, 2, 0, NULL, NULL),
(982, 11, 214, 2, 0, NULL, NULL),
(983, 11, 216, 2, 0, NULL, NULL),
(984, 11, 217, 2, 0, NULL, NULL),
(985, 11, 218, 2, 0, NULL, NULL),
(986, 11, 219, 2, 0, NULL, NULL),
(987, 11, 220, 2, 0, NULL, NULL),
(988, 11, 246, 2, 0, NULL, NULL),
(989, 11, 277, 2, 0, NULL, NULL),
(990, 11, 312, 2, 0, NULL, NULL),
(991, 12, 44, 2, 1, NULL, NULL),
(992, 12, 45, 2, 1, NULL, NULL),
(993, 12, 46, 2, 0, NULL, NULL),
(994, 12, 47, 2, 0, NULL, NULL),
(995, 12, 78, 2, 0, NULL, NULL),
(996, 12, 81, 2, 0, NULL, NULL),
(997, 12, 86, 2, 0, NULL, NULL),
(998, 12, 87, 2, 0, NULL, NULL),
(999, 12, 106, 2, 0, NULL, NULL),
(1000, 12, 108, 2, 0, NULL, NULL),
(1001, 12, 141, 2, 0, NULL, NULL),
(1002, 12, 143, 2, 1, NULL, NULL),
(1003, 12, 169, 2, 0, NULL, NULL),
(1004, 12, 170, 2, 0, NULL, NULL),
(1005, 12, 171, 2, 0, NULL, NULL),
(1006, 12, 172, 2, 0, NULL, NULL),
(1007, 12, 173, 2, 0, NULL, NULL),
(1008, 12, 174, 2, 0, NULL, NULL),
(1009, 12, 175, 2, 0, NULL, NULL),
(1010, 12, 176, 2, 0, NULL, NULL),
(1011, 12, 177, 2, 0, NULL, NULL),
(1012, 12, 178, 2, 0, NULL, NULL),
(1013, 12, 179, 2, 0, NULL, NULL),
(1014, 12, 180, 2, 0, NULL, NULL),
(1015, 12, 181, 2, 0, NULL, NULL),
(1016, 12, 182, 2, 0, NULL, NULL),
(1017, 12, 183, 2, 0, NULL, NULL),
(1018, 12, 184, 2, 0, NULL, NULL),
(1019, 12, 185, 2, 0, NULL, NULL),
(1020, 12, 186, 2, 0, NULL, NULL),
(1021, 12, 187, 2, 0, NULL, NULL),
(1022, 12, 188, 2, 0, NULL, NULL),
(1023, 12, 189, 2, 0, NULL, NULL),
(1024, 12, 190, 2, 0, NULL, NULL),
(1025, 12, 191, 2, 0, NULL, NULL),
(1026, 12, 192, 2, 0, NULL, NULL),
(1027, 12, 193, 2, 0, NULL, NULL),
(1028, 12, 194, 2, 0, NULL, NULL),
(1029, 12, 195, 2, 0, NULL, NULL),
(1030, 12, 196, 2, 0, NULL, NULL),
(1031, 12, 197, 2, 0, NULL, NULL),
(1032, 12, 198, 2, 0, NULL, NULL),
(1033, 12, 199, 2, 0, NULL, NULL),
(1034, 12, 200, 2, 0, NULL, NULL),
(1035, 12, 201, 2, 0, NULL, NULL),
(1036, 12, 202, 2, 0, NULL, NULL),
(1037, 12, 203, 2, 0, NULL, NULL),
(1038, 12, 204, 2, 0, NULL, NULL),
(1039, 12, 205, 2, 0, NULL, NULL),
(1040, 12, 206, 2, 0, NULL, NULL),
(1041, 12, 207, 2, 0, NULL, NULL),
(1042, 12, 208, 2, 0, NULL, NULL),
(1043, 12, 209, 2, 0, NULL, NULL),
(1044, 12, 210, 2, 0, NULL, NULL),
(1045, 12, 211, 2, 0, NULL, NULL),
(1046, 12, 212, 2, 0, NULL, NULL),
(1047, 12, 213, 2, 0, NULL, NULL),
(1048, 12, 214, 2, 0, NULL, NULL),
(1049, 12, 216, 2, 0, NULL, NULL),
(1050, 12, 217, 2, 0, NULL, NULL),
(1051, 12, 218, 2, 0, NULL, NULL),
(1052, 12, 219, 2, 0, NULL, NULL),
(1053, 12, 220, 2, 0, NULL, NULL),
(1054, 12, 246, 2, 0, NULL, NULL),
(1055, 12, 277, 2, 0, NULL, NULL),
(1056, 12, 312, 2, 0, NULL, NULL),
(1057, 13, 44, 2, 1, NULL, NULL),
(1058, 13, 45, 2, 1, NULL, NULL),
(1059, 13, 46, 2, 0, NULL, NULL),
(1060, 13, 47, 2, 0, NULL, NULL),
(1061, 13, 78, 2, 0, NULL, NULL),
(1062, 13, 81, 2, 0, NULL, NULL),
(1063, 13, 86, 2, 0, NULL, NULL),
(1064, 13, 87, 2, 0, NULL, NULL),
(1065, 13, 106, 2, 0, NULL, NULL),
(1066, 13, 108, 2, 0, NULL, NULL),
(1067, 13, 141, 2, 0, NULL, NULL),
(1068, 13, 143, 2, 1, NULL, NULL),
(1069, 13, 169, 2, 0, NULL, NULL),
(1070, 13, 170, 2, 0, NULL, NULL),
(1071, 13, 171, 2, 0, NULL, NULL),
(1072, 13, 172, 2, 0, NULL, NULL),
(1073, 13, 173, 2, 0, NULL, NULL),
(1074, 13, 174, 2, 0, NULL, NULL),
(1075, 13, 175, 2, 0, NULL, NULL),
(1076, 13, 176, 2, 0, NULL, NULL),
(1077, 13, 177, 2, 0, NULL, NULL),
(1078, 13, 178, 2, 0, NULL, NULL),
(1079, 13, 179, 2, 0, NULL, NULL),
(1080, 13, 180, 2, 0, NULL, NULL),
(1081, 13, 181, 2, 0, NULL, NULL),
(1082, 13, 182, 2, 0, NULL, NULL),
(1083, 13, 183, 2, 0, NULL, NULL),
(1084, 13, 184, 2, 0, NULL, NULL),
(1085, 13, 185, 2, 0, NULL, NULL),
(1086, 13, 186, 2, 0, NULL, NULL),
(1087, 13, 187, 2, 0, NULL, NULL),
(1088, 13, 188, 2, 0, NULL, NULL),
(1089, 13, 189, 2, 0, NULL, NULL),
(1090, 13, 190, 2, 0, NULL, NULL),
(1091, 13, 191, 2, 0, NULL, NULL),
(1092, 13, 192, 2, 0, NULL, NULL),
(1093, 13, 193, 2, 0, NULL, NULL),
(1094, 13, 194, 2, 0, NULL, NULL),
(1095, 13, 195, 2, 0, NULL, NULL),
(1096, 13, 196, 2, 0, NULL, NULL),
(1097, 13, 197, 2, 0, NULL, NULL),
(1098, 13, 198, 2, 0, NULL, NULL),
(1099, 13, 199, 2, 0, NULL, NULL),
(1100, 13, 200, 2, 0, NULL, NULL),
(1101, 13, 201, 2, 0, NULL, NULL),
(1102, 13, 202, 2, 0, NULL, NULL),
(1103, 13, 203, 2, 0, NULL, NULL),
(1104, 13, 204, 2, 0, NULL, NULL),
(1105, 13, 205, 2, 0, NULL, NULL),
(1106, 13, 206, 2, 0, NULL, NULL),
(1107, 13, 207, 2, 0, NULL, NULL),
(1108, 13, 208, 2, 0, NULL, NULL),
(1109, 13, 209, 2, 0, NULL, NULL),
(1110, 13, 210, 2, 0, NULL, NULL),
(1111, 13, 211, 2, 0, NULL, NULL),
(1112, 13, 212, 2, 0, NULL, NULL),
(1113, 13, 213, 2, 0, NULL, NULL),
(1114, 13, 214, 2, 0, NULL, NULL),
(1115, 13, 216, 2, 0, NULL, NULL),
(1116, 13, 217, 2, 0, NULL, NULL),
(1117, 13, 218, 2, 0, NULL, NULL),
(1118, 13, 219, 2, 0, NULL, NULL),
(1119, 13, 220, 2, 0, NULL, NULL),
(1120, 13, 246, 2, 0, NULL, NULL),
(1121, 13, 277, 2, 0, NULL, NULL),
(1122, 13, 312, 2, 0, NULL, NULL),
(1123, 14, 44, 2, 1, NULL, NULL),
(1124, 14, 45, 2, 1, NULL, NULL),
(1125, 14, 46, 2, 0, NULL, NULL),
(1126, 14, 47, 2, 0, NULL, NULL),
(1127, 14, 78, 2, 0, NULL, NULL),
(1128, 14, 81, 2, 0, NULL, NULL),
(1129, 14, 86, 2, 0, NULL, NULL),
(1130, 14, 87, 2, 0, NULL, NULL),
(1131, 14, 106, 2, 0, NULL, NULL),
(1132, 14, 108, 2, 0, NULL, NULL),
(1133, 14, 141, 2, 0, NULL, NULL),
(1134, 14, 143, 2, 1, NULL, NULL),
(1135, 14, 169, 2, 0, NULL, NULL),
(1136, 14, 170, 2, 0, NULL, NULL),
(1137, 14, 171, 2, 0, NULL, NULL),
(1138, 14, 172, 2, 0, NULL, NULL),
(1139, 14, 173, 2, 0, NULL, NULL),
(1140, 14, 174, 2, 0, NULL, NULL),
(1141, 14, 175, 2, 0, NULL, NULL),
(1142, 14, 176, 2, 0, NULL, NULL),
(1143, 14, 177, 2, 0, NULL, NULL),
(1144, 14, 178, 2, 0, NULL, NULL),
(1145, 14, 179, 2, 0, NULL, NULL),
(1146, 14, 180, 2, 0, NULL, NULL),
(1147, 14, 181, 2, 0, NULL, NULL),
(1148, 14, 182, 2, 0, NULL, NULL),
(1149, 14, 183, 2, 0, NULL, NULL),
(1150, 14, 184, 2, 0, NULL, NULL),
(1151, 14, 185, 2, 0, NULL, NULL),
(1152, 14, 186, 2, 0, NULL, NULL),
(1153, 14, 187, 2, 0, NULL, NULL),
(1154, 14, 188, 2, 0, NULL, NULL),
(1155, 14, 189, 2, 0, NULL, NULL),
(1156, 14, 190, 2, 0, NULL, NULL),
(1157, 14, 191, 2, 0, NULL, NULL),
(1158, 14, 192, 2, 0, NULL, NULL),
(1159, 14, 193, 2, 0, NULL, NULL),
(1160, 14, 194, 2, 0, NULL, NULL),
(1161, 14, 195, 2, 0, NULL, NULL),
(1162, 14, 196, 2, 0, NULL, NULL),
(1163, 14, 197, 2, 0, NULL, NULL),
(1164, 14, 198, 2, 0, NULL, NULL),
(1165, 14, 199, 2, 0, NULL, NULL),
(1166, 14, 200, 2, 0, NULL, NULL),
(1167, 14, 201, 2, 0, NULL, NULL),
(1168, 14, 202, 2, 0, NULL, NULL),
(1169, 14, 203, 2, 0, NULL, NULL),
(1170, 14, 204, 2, 0, NULL, NULL),
(1171, 14, 205, 2, 0, NULL, NULL),
(1172, 14, 206, 2, 0, NULL, NULL),
(1173, 14, 207, 2, 0, NULL, NULL),
(1174, 14, 208, 2, 0, NULL, NULL),
(1175, 14, 209, 2, 0, NULL, NULL),
(1176, 14, 210, 2, 0, NULL, NULL),
(1177, 14, 211, 2, 0, NULL, NULL),
(1178, 14, 212, 2, 0, NULL, NULL),
(1179, 14, 213, 2, 0, NULL, NULL),
(1180, 14, 214, 2, 0, NULL, NULL),
(1181, 14, 216, 2, 0, NULL, NULL),
(1182, 14, 217, 2, 0, NULL, NULL),
(1183, 14, 218, 2, 0, NULL, NULL),
(1184, 14, 219, 2, 0, NULL, NULL),
(1185, 14, 220, 2, 0, NULL, NULL),
(1186, 14, 246, 2, 0, NULL, NULL),
(1187, 14, 277, 2, 0, NULL, NULL),
(1188, 14, 312, 2, 0, NULL, NULL),
(1189, 15, 44, 2, 1, NULL, NULL),
(1190, 15, 45, 2, 1, NULL, NULL),
(1191, 15, 46, 2, 0, NULL, NULL),
(1192, 15, 47, 2, 0, NULL, NULL),
(1193, 15, 78, 2, 0, NULL, NULL),
(1194, 15, 81, 2, 0, NULL, NULL),
(1195, 15, 86, 2, 0, NULL, NULL),
(1196, 15, 87, 2, 0, NULL, NULL),
(1197, 15, 106, 2, 0, NULL, NULL),
(1198, 15, 108, 2, 0, NULL, NULL),
(1199, 15, 141, 2, 0, NULL, NULL),
(1200, 15, 143, 2, 1, NULL, NULL),
(1201, 15, 169, 2, 0, NULL, NULL),
(1202, 15, 170, 2, 0, NULL, NULL),
(1203, 15, 171, 2, 0, NULL, NULL),
(1204, 15, 172, 2, 0, NULL, NULL),
(1205, 15, 173, 2, 0, NULL, NULL),
(1206, 15, 174, 2, 0, NULL, NULL),
(1207, 15, 175, 2, 0, NULL, NULL),
(1208, 15, 176, 2, 0, NULL, NULL),
(1209, 15, 177, 2, 0, NULL, NULL),
(1210, 15, 178, 2, 0, NULL, NULL),
(1211, 15, 179, 2, 0, NULL, NULL),
(1212, 15, 180, 2, 0, NULL, NULL),
(1213, 15, 181, 2, 0, NULL, NULL),
(1214, 15, 182, 2, 0, NULL, NULL),
(1215, 15, 183, 2, 0, NULL, NULL),
(1216, 15, 184, 2, 0, NULL, NULL),
(1217, 15, 185, 2, 0, NULL, NULL),
(1218, 15, 186, 2, 0, NULL, NULL),
(1219, 15, 187, 2, 0, NULL, NULL),
(1220, 15, 188, 2, 0, NULL, NULL),
(1221, 15, 189, 2, 0, NULL, NULL),
(1222, 15, 190, 2, 0, NULL, NULL),
(1223, 15, 191, 2, 0, NULL, NULL),
(1224, 15, 192, 2, 0, NULL, NULL),
(1225, 15, 193, 2, 0, NULL, NULL),
(1226, 15, 194, 2, 0, NULL, NULL),
(1227, 15, 195, 2, 0, NULL, NULL),
(1228, 15, 196, 2, 0, NULL, NULL),
(1229, 15, 197, 2, 0, NULL, NULL),
(1230, 15, 198, 2, 0, NULL, NULL),
(1231, 15, 199, 2, 0, NULL, NULL),
(1232, 15, 200, 2, 0, NULL, NULL),
(1233, 15, 201, 2, 0, NULL, NULL),
(1234, 15, 202, 2, 0, NULL, NULL),
(1235, 15, 203, 2, 0, NULL, NULL),
(1236, 15, 204, 2, 0, NULL, NULL),
(1237, 15, 205, 2, 0, NULL, NULL),
(1238, 15, 206, 2, 0, NULL, NULL),
(1239, 15, 207, 2, 0, NULL, NULL),
(1240, 15, 208, 2, 0, NULL, NULL),
(1241, 15, 209, 2, 0, NULL, NULL),
(1242, 15, 210, 2, 0, NULL, NULL),
(1243, 15, 211, 2, 0, NULL, NULL),
(1244, 15, 212, 2, 0, NULL, NULL),
(1245, 15, 213, 2, 0, NULL, NULL),
(1246, 15, 214, 2, 0, NULL, NULL),
(1247, 15, 216, 2, 0, NULL, NULL),
(1248, 15, 217, 2, 0, NULL, NULL),
(1249, 15, 218, 2, 0, NULL, NULL),
(1250, 15, 219, 2, 0, NULL, NULL),
(1251, 15, 220, 2, 0, NULL, NULL),
(1252, 15, 246, 2, 0, NULL, NULL),
(1253, 15, 277, 2, 0, NULL, NULL),
(1254, 15, 312, 2, 0, NULL, NULL),
(1255, 16, 44, 2, 1, NULL, NULL),
(1256, 16, 45, 2, 1, NULL, NULL),
(1257, 16, 46, 2, 0, NULL, NULL),
(1258, 16, 47, 2, 0, NULL, NULL),
(1259, 16, 78, 2, 0, NULL, NULL),
(1260, 16, 81, 2, 0, NULL, NULL),
(1261, 16, 86, 2, 0, NULL, NULL),
(1262, 16, 87, 2, 0, NULL, NULL),
(1263, 16, 106, 2, 0, NULL, NULL),
(1264, 16, 108, 2, 0, NULL, NULL),
(1265, 16, 141, 2, 0, NULL, NULL),
(1266, 16, 143, 2, 1, NULL, NULL),
(1267, 16, 169, 2, 0, NULL, NULL),
(1268, 16, 170, 2, 0, NULL, NULL),
(1269, 16, 171, 2, 0, NULL, NULL),
(1270, 16, 172, 2, 0, NULL, NULL),
(1271, 16, 173, 2, 0, NULL, NULL),
(1272, 16, 174, 2, 0, NULL, NULL),
(1273, 16, 175, 2, 0, NULL, NULL),
(1274, 16, 176, 2, 0, NULL, NULL),
(1275, 16, 177, 2, 0, NULL, NULL),
(1276, 16, 178, 2, 0, NULL, NULL),
(1277, 16, 179, 2, 0, NULL, NULL),
(1278, 16, 180, 2, 0, NULL, NULL),
(1279, 16, 181, 2, 0, NULL, NULL),
(1280, 16, 182, 2, 0, NULL, NULL),
(1281, 16, 183, 2, 0, NULL, NULL),
(1282, 16, 184, 2, 0, NULL, NULL),
(1283, 16, 185, 2, 0, NULL, NULL),
(1284, 16, 186, 2, 0, NULL, NULL),
(1285, 16, 187, 2, 0, NULL, NULL),
(1286, 16, 188, 2, 0, NULL, NULL),
(1287, 16, 189, 2, 0, NULL, NULL),
(1288, 16, 190, 2, 0, NULL, NULL),
(1289, 16, 191, 2, 0, NULL, NULL),
(1290, 16, 192, 2, 0, NULL, NULL),
(1291, 16, 193, 2, 0, NULL, NULL),
(1292, 16, 194, 2, 0, NULL, NULL),
(1293, 16, 195, 2, 0, NULL, NULL),
(1294, 16, 196, 2, 0, NULL, NULL),
(1295, 16, 197, 2, 0, NULL, NULL),
(1296, 16, 198, 2, 0, NULL, NULL),
(1297, 16, 199, 2, 0, NULL, NULL),
(1298, 16, 200, 2, 0, NULL, NULL),
(1299, 16, 201, 2, 0, NULL, NULL),
(1300, 16, 202, 2, 0, NULL, NULL),
(1301, 16, 203, 2, 0, NULL, NULL),
(1302, 16, 204, 2, 0, NULL, NULL),
(1303, 16, 205, 2, 0, NULL, NULL),
(1304, 16, 206, 2, 0, NULL, NULL),
(1305, 16, 207, 2, 0, NULL, NULL),
(1306, 16, 208, 2, 0, NULL, NULL),
(1307, 16, 209, 2, 0, NULL, NULL),
(1308, 16, 210, 2, 0, NULL, NULL),
(1309, 16, 211, 2, 0, NULL, NULL),
(1310, 16, 212, 2, 0, NULL, NULL),
(1311, 16, 213, 2, 0, NULL, NULL),
(1312, 16, 214, 2, 0, NULL, NULL),
(1313, 16, 216, 2, 0, NULL, NULL),
(1314, 16, 217, 2, 0, NULL, NULL),
(1315, 16, 218, 2, 0, NULL, NULL),
(1316, 16, 219, 2, 0, NULL, NULL),
(1317, 16, 220, 2, 0, NULL, NULL),
(1318, 16, 246, 2, 0, NULL, NULL),
(1319, 16, 277, 2, 0, NULL, NULL),
(1320, 16, 312, 2, 0, NULL, NULL),
(1321, 17, 44, 2, 1, NULL, NULL),
(1322, 17, 45, 2, 1, NULL, NULL),
(1323, 17, 46, 2, 0, NULL, NULL),
(1324, 17, 47, 2, 0, NULL, NULL),
(1325, 17, 78, 2, 0, NULL, NULL),
(1326, 17, 81, 2, 0, NULL, NULL),
(1327, 17, 86, 2, 0, NULL, NULL),
(1328, 17, 87, 2, 0, NULL, NULL),
(1329, 17, 106, 2, 0, NULL, NULL),
(1330, 17, 108, 2, 0, NULL, NULL),
(1331, 17, 141, 2, 0, NULL, NULL),
(1332, 17, 143, 2, 1, NULL, NULL),
(1333, 17, 169, 2, 0, NULL, NULL),
(1334, 17, 170, 2, 0, NULL, NULL),
(1335, 17, 171, 2, 0, NULL, NULL),
(1336, 17, 172, 2, 0, NULL, NULL),
(1337, 17, 173, 2, 0, NULL, NULL),
(1338, 17, 174, 2, 0, NULL, NULL),
(1339, 17, 175, 2, 0, NULL, NULL),
(1340, 17, 176, 2, 0, NULL, NULL),
(1341, 17, 177, 2, 0, NULL, NULL),
(1342, 17, 178, 2, 0, NULL, NULL),
(1343, 17, 179, 2, 0, NULL, NULL),
(1344, 17, 180, 2, 0, NULL, NULL),
(1345, 17, 181, 2, 0, NULL, NULL),
(1346, 17, 182, 2, 0, NULL, NULL),
(1347, 17, 183, 2, 0, NULL, NULL),
(1348, 17, 184, 2, 0, NULL, NULL),
(1349, 17, 185, 2, 0, NULL, NULL),
(1350, 17, 186, 2, 0, NULL, NULL),
(1351, 17, 187, 2, 0, NULL, NULL),
(1352, 17, 188, 2, 0, NULL, NULL),
(1353, 17, 189, 2, 0, NULL, NULL),
(1354, 17, 190, 2, 0, NULL, NULL),
(1355, 17, 191, 2, 0, NULL, NULL),
(1356, 17, 192, 2, 0, NULL, NULL),
(1357, 17, 193, 2, 0, NULL, NULL),
(1358, 17, 194, 2, 0, NULL, NULL),
(1359, 17, 195, 2, 0, NULL, NULL),
(1360, 17, 196, 2, 0, NULL, NULL),
(1361, 17, 197, 2, 0, NULL, NULL),
(1362, 17, 198, 2, 0, NULL, NULL),
(1363, 17, 199, 2, 0, NULL, NULL),
(1364, 17, 200, 2, 0, NULL, NULL),
(1365, 17, 201, 2, 0, NULL, NULL),
(1366, 17, 202, 2, 0, NULL, NULL),
(1367, 17, 203, 2, 0, NULL, NULL),
(1368, 17, 204, 2, 0, NULL, NULL),
(1369, 17, 205, 2, 0, NULL, NULL),
(1370, 17, 206, 2, 0, NULL, NULL),
(1371, 17, 207, 2, 0, NULL, NULL),
(1372, 17, 208, 2, 0, NULL, NULL),
(1373, 17, 209, 2, 0, NULL, NULL),
(1374, 17, 210, 2, 0, NULL, NULL),
(1375, 17, 211, 2, 0, NULL, NULL),
(1376, 17, 212, 2, 0, NULL, NULL),
(1377, 17, 213, 2, 0, NULL, NULL),
(1378, 17, 214, 2, 0, NULL, NULL),
(1379, 17, 216, 2, 0, NULL, NULL),
(1380, 17, 217, 2, 0, NULL, NULL),
(1381, 17, 218, 2, 0, NULL, NULL),
(1382, 17, 219, 2, 0, NULL, NULL),
(1383, 17, 220, 2, 0, NULL, NULL),
(1384, 17, 246, 2, 0, NULL, NULL),
(1385, 17, 277, 2, 0, NULL, NULL),
(1386, 17, 312, 2, 0, NULL, NULL),
(1387, 18, 44, 2, 1, NULL, NULL),
(1388, 18, 45, 2, 1, NULL, NULL),
(1389, 18, 46, 2, 0, NULL, NULL),
(1390, 18, 47, 2, 0, NULL, NULL),
(1391, 18, 78, 2, 0, NULL, NULL),
(1392, 18, 81, 2, 0, NULL, NULL),
(1393, 18, 86, 2, 0, NULL, NULL),
(1394, 18, 87, 2, 0, NULL, NULL),
(1395, 18, 106, 2, 0, NULL, NULL),
(1396, 18, 108, 2, 0, NULL, NULL),
(1397, 18, 141, 2, 0, NULL, NULL),
(1398, 18, 143, 2, 1, NULL, NULL),
(1399, 18, 169, 2, 0, NULL, NULL),
(1400, 18, 170, 2, 0, NULL, NULL),
(1401, 18, 171, 2, 0, NULL, NULL),
(1402, 18, 172, 2, 0, NULL, NULL),
(1403, 18, 173, 2, 0, NULL, NULL),
(1404, 18, 174, 2, 0, NULL, NULL),
(1405, 18, 175, 2, 0, NULL, NULL),
(1406, 18, 176, 2, 0, NULL, NULL),
(1407, 18, 177, 2, 0, NULL, NULL),
(1408, 18, 178, 2, 0, NULL, NULL),
(1409, 18, 179, 2, 0, NULL, NULL),
(1410, 18, 180, 2, 0, NULL, NULL),
(1411, 18, 181, 2, 0, NULL, NULL),
(1412, 18, 182, 2, 0, NULL, NULL),
(1413, 18, 183, 2, 0, NULL, NULL),
(1414, 18, 184, 2, 0, NULL, NULL),
(1415, 18, 185, 2, 0, NULL, NULL),
(1416, 18, 186, 2, 0, NULL, NULL),
(1417, 18, 187, 2, 0, NULL, NULL),
(1418, 18, 188, 2, 0, NULL, NULL),
(1419, 18, 189, 2, 0, NULL, NULL),
(1420, 18, 190, 2, 0, NULL, NULL),
(1421, 18, 191, 2, 0, NULL, NULL),
(1422, 18, 192, 2, 0, NULL, NULL),
(1423, 18, 193, 2, 0, NULL, NULL),
(1424, 18, 194, 2, 0, NULL, NULL),
(1425, 18, 195, 2, 0, NULL, NULL),
(1426, 18, 196, 2, 0, NULL, NULL),
(1427, 18, 197, 2, 0, NULL, NULL),
(1428, 18, 198, 2, 0, NULL, NULL),
(1429, 18, 199, 2, 0, NULL, NULL),
(1430, 18, 200, 2, 0, NULL, NULL),
(1431, 18, 201, 2, 0, NULL, NULL),
(1432, 18, 202, 2, 0, NULL, NULL),
(1433, 18, 203, 2, 0, NULL, NULL),
(1434, 18, 204, 2, 0, NULL, NULL),
(1435, 18, 205, 2, 0, NULL, NULL),
(1436, 18, 206, 2, 0, NULL, NULL),
(1437, 18, 207, 2, 0, NULL, NULL),
(1438, 18, 208, 2, 0, NULL, NULL),
(1439, 18, 209, 2, 0, NULL, NULL),
(1440, 18, 210, 2, 0, NULL, NULL),
(1441, 18, 211, 2, 0, NULL, NULL),
(1442, 18, 212, 2, 0, NULL, NULL),
(1443, 18, 213, 2, 0, NULL, NULL),
(1444, 18, 214, 2, 0, NULL, NULL),
(1445, 18, 216, 2, 0, NULL, NULL),
(1446, 18, 217, 2, 0, NULL, NULL),
(1447, 18, 218, 2, 0, NULL, NULL),
(1448, 18, 219, 2, 0, NULL, NULL),
(1449, 18, 220, 2, 0, NULL, NULL),
(1450, 18, 246, 2, 0, NULL, NULL),
(1451, 18, 277, 2, 0, NULL, NULL),
(1452, 18, 312, 2, 0, NULL, NULL),
(4471, 141, 325, 1, 1, '2019-10-02 11:43:09', '2019-10-02 11:43:09'),
(4472, 141, 2, 1, 1, '2019-10-02 11:43:09', '2019-10-02 11:43:09'),
(4473, 141, 16, 1, 0, '2019-10-02 11:43:09', '2019-10-02 11:43:09'),
(4474, 141, 17, 2, 0, '2019-10-02 11:43:09', '2019-10-02 11:43:09'),
(4475, 141, 44, 2, 1, '2019-10-02 11:43:09', '2019-10-02 11:43:09'),
(4476, 141, 45, 2, 1, '2019-10-02 11:43:09', '2019-10-02 11:43:09'),
(4477, 141, 46, 2, 0, '2019-10-02 11:43:09', '2019-10-02 11:43:09'),
(4478, 141, 47, 2, 0, '2019-10-02 11:43:09', '2019-10-02 11:43:09'),
(4479, 141, 78, 2, 0, '2019-10-02 11:43:09', '2019-10-02 11:43:09'),
(4480, 141, 81, 2, 0, '2019-10-02 11:43:09', '2019-10-02 11:43:09'),
(4481, 141, 86, 2, 0, '2019-10-02 11:43:09', '2019-10-02 11:43:09'),
(4482, 141, 87, 2, 0, '2019-10-02 11:43:09', '2019-10-02 11:43:09'),
(4483, 141, 106, 2, 0, '2019-10-02 11:43:09', '2019-10-02 11:43:09'),
(4484, 141, 108, 2, 0, '2019-10-02 11:43:09', '2019-10-02 11:43:09'),
(4485, 141, 141, 2, 0, '2019-10-02 11:43:09', '2019-10-02 11:43:09'),
(4486, 141, 143, 2, 1, '2019-10-02 11:43:09', '2019-10-02 11:43:09'),
(4487, 141, 169, 2, 0, '2019-10-02 11:43:09', '2019-10-02 11:43:09'),
(4488, 141, 170, 2, 0, '2019-10-02 11:43:09', '2019-10-02 11:43:09'),
(4489, 141, 171, 2, 0, '2019-10-02 11:43:09', '2019-10-02 11:43:09'),
(4490, 141, 172, 2, 0, '2019-10-02 11:43:09', '2019-10-02 11:43:09'),
(4491, 141, 173, 2, 0, '2019-10-02 11:43:09', '2019-10-02 11:43:09'),
(4492, 141, 174, 2, 0, '2019-10-02 11:43:09', '2019-10-02 11:43:09'),
(4493, 141, 175, 2, 0, '2019-10-02 11:43:09', '2019-10-02 11:43:09'),
(4494, 141, 176, 2, 0, '2019-10-02 11:43:09', '2019-10-02 11:43:09'),
(4495, 141, 177, 2, 0, '2019-10-02 11:43:09', '2019-10-02 11:43:09'),
(4496, 141, 178, 2, 0, '2019-10-02 11:43:09', '2019-10-02 11:43:09'),
(4497, 141, 179, 2, 0, '2019-10-02 11:43:09', '2019-10-02 11:43:09'),
(4498, 141, 180, 2, 0, '2019-10-02 11:43:09', '2019-10-02 11:43:09'),
(4499, 141, 181, 2, 0, '2019-10-02 11:43:09', '2019-10-02 11:43:09'),
(4500, 141, 182, 2, 0, '2019-10-02 11:43:09', '2019-10-02 11:43:09'),
(4501, 141, 183, 2, 0, '2019-10-02 11:43:09', '2019-10-02 11:43:09'),
(4502, 141, 184, 2, 0, '2019-10-02 11:43:09', '2019-10-02 11:43:09'),
(4503, 141, 185, 2, 0, '2019-10-02 11:43:09', '2019-10-02 11:43:09'),
(4504, 141, 186, 2, 0, '2019-10-02 11:43:09', '2019-10-02 11:43:09'),
(4505, 141, 187, 2, 0, '2019-10-02 11:43:09', '2019-10-02 11:43:09'),
(4506, 141, 188, 2, 0, '2019-10-02 11:43:09', '2019-10-02 11:43:09'),
(4507, 141, 189, 2, 0, '2019-10-02 11:43:09', '2019-10-02 11:43:09'),
(4508, 141, 190, 2, 0, '2019-10-02 11:43:09', '2019-10-02 11:43:09'),
(4509, 141, 191, 2, 0, '2019-10-02 11:43:09', '2019-10-02 11:43:09'),
(4510, 141, 192, 2, 0, '2019-10-02 11:43:09', '2019-10-02 11:43:09'),
(4511, 141, 193, 2, 0, '2019-10-02 11:43:09', '2019-10-02 11:43:09'),
(4512, 141, 194, 2, 0, '2019-10-02 11:43:09', '2019-10-02 11:43:09'),
(4513, 141, 195, 2, 0, '2019-10-02 11:43:09', '2019-10-02 11:43:09'),
(4514, 141, 196, 2, 0, '2019-10-02 11:43:09', '2019-10-02 11:43:09'),
(4515, 141, 197, 2, 0, '2019-10-02 11:43:09', '2019-10-02 11:43:09'),
(4516, 141, 198, 2, 0, '2019-10-02 11:43:09', '2019-10-02 11:43:09'),
(4517, 141, 199, 2, 0, '2019-10-02 11:43:09', '2019-10-02 11:43:09'),
(4518, 141, 200, 2, 0, '2019-10-02 11:43:09', '2019-10-02 11:43:09'),
(4519, 141, 201, 2, 0, '2019-10-02 11:43:09', '2019-10-02 11:43:09'),
(4520, 141, 202, 2, 0, '2019-10-02 11:43:09', '2019-10-02 11:43:09'),
(4521, 141, 203, 2, 0, '2019-10-02 11:43:09', '2019-10-02 11:43:09'),
(4522, 141, 204, 2, 0, '2019-10-02 11:43:09', '2019-10-02 11:43:09'),
(4523, 141, 205, 2, 0, '2019-10-02 11:43:09', '2019-10-02 11:43:09'),
(4524, 141, 206, 2, 0, '2019-10-02 11:43:09', '2019-10-02 11:43:09'),
(4525, 141, 207, 2, 0, '2019-10-02 11:43:09', '2019-10-02 11:43:09'),
(4526, 141, 208, 2, 0, '2019-10-02 11:43:09', '2019-10-02 11:43:09'),
(4527, 141, 209, 2, 0, '2019-10-02 11:43:09', '2019-10-02 11:43:09'),
(4528, 141, 210, 2, 0, '2019-10-02 11:43:09', '2019-10-02 11:43:09'),
(4529, 141, 211, 2, 0, '2019-10-02 11:43:09', '2019-10-02 11:43:09'),
(4530, 141, 212, 2, 0, '2019-10-02 11:43:09', '2019-10-02 11:43:09'),
(4531, 141, 213, 2, 0, '2019-10-02 11:43:09', '2019-10-02 11:43:09'),
(4532, 141, 214, 2, 0, '2019-10-02 11:43:09', '2019-10-02 11:43:09'),
(4533, 141, 216, 2, 0, '2019-10-02 11:43:09', '2019-10-02 11:43:09'),
(4534, 141, 217, 2, 0, '2019-10-02 11:43:09', '2019-10-02 11:43:09'),
(4535, 141, 218, 2, 0, '2019-10-02 11:43:09', '2019-10-02 11:43:09'),
(4536, 141, 219, 2, 0, '2019-10-02 11:43:09', '2019-10-02 11:43:09'),
(4537, 141, 220, 2, 0, '2019-10-02 11:43:09', '2019-10-02 11:43:09'),
(4538, 141, 246, 2, 0, '2019-10-02 11:43:09', '2019-10-02 11:43:09'),
(4539, 141, 277, 2, 0, '2019-10-02 11:43:09', '2019-10-02 11:43:09'),
(4540, 141, 312, 2, 0, '2019-10-02 11:43:09', '2019-10-02 11:43:09');

-- --------------------------------------------------------

--
-- Table structure for table `service_vodafone_tariff`
--

CREATE TABLE `service_vodafone_tariff` (
  `id` int(10) UNSIGNED NOT NULL,
  `vodafone_tariff_id` int(11) NOT NULL,
  `service_id` int(11) NOT NULL,
  `property` smallint(6) NOT NULL,
  `is_favorite` tinyint(1) NOT NULL,
  `created_at` timestamp NULL DEFAULT NULL,
  `updated_at` timestamp NULL DEFAULT NULL
) ENGINE=InnoDB DEFAULT CHARSET=utf8mb4 COLLATE=utf8mb4_unicode_ci;

-- --------------------------------------------------------

--
-- Table structure for table `shopping_carts`
--

CREATE TABLE `shopping_carts` (
  `id` int(10) UNSIGNED NOT NULL,
  `employee_id` int(11) NOT NULL,
  `office_id` int(11) NOT NULL,
  `dealer_id` int(11) NOT NULL,
  `product_type` int(11) NOT NULL,
  `producer_id` int(11) NOT NULL,
  `product_id` int(11) NOT NULL,
  `additional_tariff` tinyint(1) NOT NULL,
  `created_at` timestamp NULL DEFAULT NULL,
  `updated_at` timestamp NULL DEFAULT NULL
) ENGINE=InnoDB DEFAULT CHARSET=utf8mb4 COLLATE=utf8mb4_unicode_ci;

--
-- Dumping data for table `shopping_carts`
--

INSERT INTO `shopping_carts` (`id`, `employee_id`, `office_id`, `dealer_id`, `product_type`, `producer_id`, `product_id`, `additional_tariff`, `created_at`, `updated_at`) VALUES
(263, 26, 6, 74, 1, 1, 2, 0, '2019-10-10 08:52:20', '2019-10-10 08:52:20'),
(264, 26, 6, 74, 1, 2, 19, 0, '2019-10-10 12:37:42', '2019-10-10 12:37:42');

-- --------------------------------------------------------

--
-- Table structure for table `system_features`
--

CREATE TABLE `system_features` (
  `id` int(10) UNSIGNED NOT NULL,
  `model` varchar(191) COLLATE utf8mb4_unicode_ci NOT NULL,
  `action` varchar(191) COLLATE utf8mb4_unicode_ci NOT NULL,
  `lang_key_for_feature` varchar(191) COLLATE utf8mb4_unicode_ci NOT NULL,
  `lang_key_for_description` varchar(191) COLLATE utf8mb4_unicode_ci NOT NULL,
  `created_at` timestamp NULL DEFAULT NULL,
  `updated_at` timestamp NULL DEFAULT NULL
) ENGINE=InnoDB DEFAULT CHARSET=utf8mb4 COLLATE=utf8mb4_unicode_ci;

--
-- Dumping data for table `system_features`
--

INSERT INTO `system_features` (`id`, `model`, `action`, `lang_key_for_feature`, `lang_key_for_description`, `created_at`, `updated_at`) VALUES
(1, 'Dealer', 'Create', 'featureDealerCreate', 'descDealerCreate', '2018-11-27 08:02:03', '2018-11-27 08:02:03'),
(7, 'Dealer', 'Update', 'featureDealerUpdate', 'descDealerUpdate', '2018-11-27 08:05:41', '2018-11-27 08:05:41'),
(8, 'Office', 'List', 'featureOfficeList', 'descOfficeList', '2018-11-27 08:06:57', '2018-11-27 08:06:57'),
(9, 'Employee', 'Create', 'featureEmployeeCreate', 'descEmployeeCreate', '2018-11-28 09:46:13', '2018-11-28 09:46:13'),
(10, 'Employee', 'List', 'featureEmployeeList', 'descEmployeeList', '2018-11-28 09:53:17', '2018-11-28 09:53:17'),
(11, 'Office', 'Update', 'featureOfficeUpdate', 'descOfficeUpdate', '2018-11-28 14:01:49', '2018-11-28 14:01:49'),
(12, 'Dealer', 'View', 'featureDealerView', 'descDealerView', '2018-11-29 06:25:38', '2018-11-29 06:25:38'),
(13, 'Office', 'Create', 'featureOfficeCreate', 'descOfficeCreate', '2018-11-29 07:56:19', '2018-11-29 07:56:19'),
(14, 'Employee', 'Update', 'featureEmployeeUpdate', 'descEmployeeUpdate', '2018-11-29 07:57:23', '2018-11-29 07:57:23'),
(15, 'ShoppingCart', 'ViewProvisionColumn', 'featureShoppingCartViewProvisionColumn', 'descShoppingCartViewProvisionColumn', '2019-07-08 16:22:57', '2019-07-08 16:22:57');

-- --------------------------------------------------------

--
-- Table structure for table `system_variables`
--

CREATE TABLE `system_variables` (
  `id` int(10) UNSIGNED NOT NULL,
  `subject` varchar(191) COLLATE utf8mb4_unicode_ci NOT NULL,
  `name` varchar(191) COLLATE utf8mb4_unicode_ci NOT NULL,
  `type` varchar(191) COLLATE utf8mb4_unicode_ci NOT NULL,
  `value` varchar(191) COLLATE utf8mb4_unicode_ci NOT NULL,
  `created_at` timestamp NULL DEFAULT NULL,
  `updated_at` timestamp NULL DEFAULT NULL
) ENGINE=InnoDB DEFAULT CHARSET=utf8mb4 COLLATE=utf8mb4_unicode_ci;

--
-- Dumping data for table `system_variables`
--

INSERT INTO `system_variables` (`id`, `subject`, `name`, `type`, `value`, `created_at`, `updated_at`) VALUES
(1, 'IMEI', 'isIMEIPoolActive', 'Boolean', '0', '2019-05-14 22:00:00', '2019-05-13 13:27:21'),
(2, 'IMEI', 'isIMEIOnDemandFieldActive', 'Boolean', '1', '2019-05-14 22:00:00', '2019-05-13 13:29:32'),
(3, 'IMEI', 'IMEIPoolActiveFrom', 'Date', '2019-01-27', '2019-05-14 22:00:00', '2019-04-16 09:15:21'),
(4, 'IMEI', 'IMEIPoolActiveTo', 'Date', '2020-05-10', '2019-05-14 22:00:00', '2019-05-13 12:49:19');

-- --------------------------------------------------------

--
-- Table structure for table `tariffs`
--

CREATE TABLE `tariffs` (
  `id` int(10) UNSIGNED NOT NULL,
  `name` varchar(191) COLLATE utf8mb4_unicode_ci NOT NULL,
  `tariff_code` varchar(191) COLLATE utf8mb4_unicode_ci NOT NULL,
  `status` tinyint(1) NOT NULL,
  `group_id` int(11) NOT NULL,
  `provider_id` int(11) NOT NULL,
  `network_id` int(11) NOT NULL,
  `made_by_toker` tinyint(1) NOT NULL,
  `action_tariff` tinyint(1) NOT NULL,
  `base_price` double(8,2) DEFAULT NULL,
  `provision` double(8,2) DEFAULT NULL,
  `valid_from` date NOT NULL,
  `valid_to` date DEFAULT NULL,
  `is_limited` int(11) NOT NULL,
  `created_at` timestamp NULL DEFAULT NULL,
  `updated_at` timestamp NULL DEFAULT NULL
) ENGINE=InnoDB DEFAULT CHARSET=utf8mb4 COLLATE=utf8mb4_unicode_ci;

--
-- Dumping data for table `tariffs`
--

INSERT INTO `tariffs` (`id`, `name`, `tariff_code`, `status`, `group_id`, `provider_id`, `network_id`, `made_by_toker`, `action_tariff`, `base_price`, `provision`, `valid_from`, `valid_to`, `is_limited`, `created_at`, `updated_at`) VALUES
(1, 'VF-Tariff-1', 'Code-VF-Tariff-1', 1, 2, 1, 1, 0, 0, 64.00, 588.00, '2011-08-19', '2021-01-01', 1, '2019-02-11 12:55:07', '2019-10-10 08:32:26'),
(2, 'VF-Tariff-2', 'VFZH24FFN', 1, 2, 1, 3, 0, 1, 55.00, 655.00, '2011-08-19', '2021-01-01', 1, '2019-02-11 10:04:09', '2019-10-10 08:32:29'),
(3, 'VF-Tariff-3', 'Code-VF-Tariff-3', 1, 2, 1, 2, 0, 1, 33.00, 613.00, '2019-08-22', NULL, 1, '2019-02-11 10:06:10', '2019-10-08 14:06:23'),
(4, 'VF-Tariff-4', 'Code-VF-Tariff-4', 1, 2, 1, 1, 0, 0, 80.00, 688.00, '2011-08-19', '2021-01-01', 1, '2019-02-11 10:07:42', '2019-10-10 08:32:31'),
(5, 'VF-Tariff-5', 'Code-VF-Tariff-5', 1, 3, 1, 1, 0, 1, 85.00, 603.00, '2011-08-19', '2021-01-01', 1, '2019-02-11 10:14:36', '2019-10-10 12:05:50'),
(6, 'VF-Tariff-6', 'Code-VF-Tariff-6', 0, 3, 1, 1, 0, 1, 87.00, 583.00, '2011-08-19', '2021-01-01', 1, '2019-02-11 10:15:33', '2019-10-10 08:44:52'),
(7, 'VF-Tariff-7', 'Code-VF-Tariff-7', 0, 4, 1, 1, 0, 0, 92.00, 674.00, '2011-08-19', '2021-01-01', 1, '2019-02-11 10:21:34', '2019-10-04 08:01:54'),
(8, 'VF-Tariff-8', 'Code-VF-Tariff-8', 0, 4, 1, 1, 0, 0, 77.00, 651.00, '2011-08-19', '2021-01-01', 1, '2019-02-11 10:22:33', '2019-10-10 08:29:11'),
(9, 'VF-Tariff-9', 'Code-VF-Tariff-9', 1, 5, 1, 1, 0, 0, 57.00, 788.00, '2011-08-19', '2021-01-01', 1, '2019-02-11 10:24:55', '2019-07-29 11:35:32'),
(10, 'VF-Tariff-10', 'Code-VF-Tariff-10', 1, 6, 1, 1, 0, 0, 98.00, 633.00, '2011-08-19', '2021-01-01', 0, '2019-02-11 10:29:12', '2019-09-23 09:08:06'),
(11, 'VF-Tariff-11', 'Code-VF-Tariff-11', 1, 7, 1, 4, 0, 0, 36.00, 703.00, '2011-08-19', '2021-01-01', 0, '2019-02-11 10:31:21', '2019-09-23 11:46:29'),
(12, 'VF-Tariff-12', 'Code-VF-Tariff-12', 0, 7, 1, 1, 0, 0, 73.00, 594.00, '2011-08-19', '2021-01-01', 0, '2019-02-11 10:50:10', '2019-10-10 08:43:03'),
(13, 'VF-Tariff-13', 'Code-VF-Tariff-13', 1, 8, 1, 1, 0, 0, 80.00, 562.00, '2011-08-19', '2021-01-01', 0, '2019-02-11 10:58:48', '2019-04-15 08:37:30'),
(14, 'VF-Tariff-14', 'Code-VF-Tariff-14', 1, 8, 1, 1, 0, 0, 76.00, 697.00, '2011-08-19', '2021-01-01', 0, '2019-02-11 11:36:17', '2019-07-29 12:09:54'),
(15, 'VF-Tariff-15', 'Code-VF-Tariff-15', 1, 9, 1, 1, 0, 0, 49.00, 669.00, '2011-08-19', '2021-01-01', 0, '2019-02-11 11:38:16', '2019-07-29 11:58:30'),
(16, 'VF-Tariff-16', 'Code-VF-Tariff-16', 1, 9, 1, 1, 0, 0, 55.00, 514.00, '2011-08-19', '2021-01-01', 0, '2019-02-11 11:41:18', '2019-04-15 08:37:30'),
(17, 'VF-Tariff-17', 'Code-VF-Tariff-17', 1, 10, 1, 1, 0, 0, 41.00, 740.00, '2011-08-19', '2021-01-01', 0, '2019-02-11 11:45:34', '2019-04-15 08:37:30'),
(18, 'VF-Tariff-18', 'Code-VF-Tariff-18', 0, 10, 1, 1, 0, 0, 77.00, 784.00, '2011-08-19', '2021-01-01', 0, '2019-02-11 11:51:12', '2019-10-10 08:43:15'),
(19, 'AY-Tariff-1', 'Code-AY-Tariff-1', 1, 12, 2, 1, 0, 0, 73.00, 708.00, '2011-08-19', '2021-01-01', 0, '2019-02-11 11:52:26', '2019-07-29 12:09:25'),
(20, 'AY-Tariff-2', 'Code-AY-Tariff-2', 1, 11, 2, 1, 0, 0, 51.00, 644.00, '2011-08-19', '2021-01-01', 0, '2019-02-11 12:30:46', '2019-09-25 08:33:35'),
(21, 'O2-Tariff-1', 'Code-O2-Tariff-1', 1, 14, 3, 1, 0, 0, 35.00, 713.00, '2011-08-19', '2021-01-01', 0, '2019-02-11 12:32:14', '2019-04-15 08:37:30'),
(22, 'O2-Tariff-2', 'Code-O2-Tariff-2', 1, 13, 3, 1, 0, 0, 67.00, 724.00, '2011-08-19', '2021-01-01', 0, '2019-02-11 12:34:24', '2019-07-29 11:58:57'),
(23, 'O2-Tariff-3', 'Code-O2-Tariff-3', 1, 13, 3, 1, 0, 0, 68.00, 776.00, '2011-08-19', '2021-01-01', 0, '2019-02-11 12:52:44', '2019-04-15 08:37:30'),
(28, 'VF-Tariff-19', 'Code-VF-Tariff-19', 1, 4, 1, 3, 0, 0, 555.00, 0.00, '2019-09-30', NULL, 0, '2019-09-30 12:27:58', '2019-09-30 12:27:58'),
(29, 'VF-Tariff-20', 'Code-VF-Tariff-20', 1, 4, 1, 3, 0, 1, 551.00, 0.00, '2019-09-30', NULL, 0, '2019-09-30 12:39:51', '2019-10-02 08:34:56');

-- --------------------------------------------------------

--
-- Table structure for table `tariffs_groups`
--

CREATE TABLE `tariffs_groups` (
  `id` int(10) UNSIGNED NOT NULL,
  `name` varchar(191) COLLATE utf8mb4_unicode_ci NOT NULL,
  `status` tinyint(1) NOT NULL,
  `provider_id` int(11) NOT NULL,
  `created_at` timestamp NULL DEFAULT NULL,
  `updated_at` timestamp NULL DEFAULT NULL
) ENGINE=InnoDB DEFAULT CHARSET=utf8mb4 COLLATE=utf8mb4_unicode_ci;

--
-- Dumping data for table `tariffs_groups`
--

INSERT INTO `tariffs_groups` (`id`, `name`, `status`, `provider_id`, `created_at`, `updated_at`) VALUES
(1, 'Aktionstarife', 1, 1, '0000-00-00 00:00:00', '0000-00-00 00:00:00'),
(2, 'Basic ', 1, 1, '0000-00-00 00:00:00', '2019-10-08 14:06:23'),
(3, 'DataGo', 1, 1, '0000-00-00 00:00:00', '2019-10-10 12:05:50'),
(4, 'Mobile Internet', 1, 1, '0000-00-00 00:00:00', '0000-00-00 00:00:00'),
(5, 'Red', 1, 1, '0000-00-00 00:00:00', '0000-00-00 00:00:00'),
(6, 'Smart', 1, 1, '0000-00-00 00:00:00', '0000-00-00 00:00:00'),
(7, 'Sonstiges', 1, 1, '0000-00-00 00:00:00', '0000-00-00 00:00:00'),
(8, 'Spezial', 1, 1, '0000-00-00 00:00:00', '0000-00-00 00:00:00'),
(9, 'SuperFlat', 1, 1, '0000-00-00 00:00:00', '0000-00-00 00:00:00'),
(10, 'Young', 1, 1, NULL, NULL),
(11, 'Ay-Group-1', 1, 2, NULL, '2019-09-25 08:33:35'),
(12, 'Ay-Group-2', 1, 2, NULL, NULL),
(13, 'O2-G-1', 1, 3, NULL, NULL),
(14, 'O2-G-2', 1, 3, NULL, NULL);

-- --------------------------------------------------------

--
-- Table structure for table `tariffs_highlights`
--

CREATE TABLE `tariffs_highlights` (
  `id` int(10) UNSIGNED NOT NULL,
  `tariff_id` int(11) NOT NULL,
  `content` text COLLATE utf8mb4_unicode_ci NOT NULL,
  `created_at` timestamp NULL DEFAULT NULL,
  `updated_at` timestamp NULL DEFAULT NULL
) ENGINE=InnoDB DEFAULT CHARSET=utf8mb4 COLLATE=utf8mb4_unicode_ci;

--
-- Dumping data for table `tariffs_highlights`
--

INSERT INTO `tariffs_highlights` (`id`, `tariff_id`, `content`, `created_at`, `updated_at`) VALUES
(148, 1, '{\"internet1\":\"Internet Flat - 12 GB bis zu 12 Mbit\\/s\",\"internet2\":\"\",\"internet3\":\"\",\"internet4\":\"\",\"SMS1\":\"SMS-Flat in alle dt. Netz\",\"SMS2\":\"\",\"SMS3\":\"\",\"SMS4\":\"\",\"telephony1\":\"Telefonie-Flat in alle dt. Netz\",\"telephony2\":\"Lorem ipsum-Teleohny\",\"telephony3\":\"\",\"telephony4\":\"\",\"other1\":\"\",\"other2\":\"Lorem ipsum-Other\",\"other3\":\"\"}', '2019-09-18 12:12:52', '2019-09-18 12:12:52'),
(150, 2, '{\"internet1\":\"Internet Flat - 12 GB bis zu 12 Mbit\\/s LTE-f\\u00e4hig\",\"internet2\":\"\",\"internet3\":\"\",\"internet4\":\"\",\"SMS1\":\"SMS-Flat in alle dt. Netz\",\"SMS2\":\"\",\"SMS3\":\"\",\"SMS4\":\"\",\"telephony1\":\"Telefonie-Flat in alle dt. Netz\",\"telephony2\":\"Lorem ipsum-Telefonie\",\"telephony3\":\"\",\"telephony4\":\"\",\"other1\":\"\",\"other2\":\"Lorem ipsum-Other\",\"other3\":\"\"}', '2019-09-18 12:12:52', '2019-09-18 12:12:52'),
(151, 3, '{\"internet1\":\"Internet Flat - 12 GB bis zu 12 Mbit\\/s LTE-f\\u00e4hig\",\"internet2\":\"\",\"internet3\":\"\",\"internet4\":\"\",\"SMS1\":\"SMS-Flat in alle dt. Netz\",\"SMS2\":\"\",\"SMS3\":\"\",\"SMS4\":\"\",\"telephony1\":\"Telefonie-Flat in alle dt. Netz\",\"telephony2\":\"Lorem ipsum-Teleohny\",\"telephony3\":\"\",\"telephony4\":\"\",\"other1\":\"\",\"other2\":\"Lorem ipsum-Sonstige\",\"other3\":\"\"}', '2019-09-18 12:12:52', '2019-09-18 12:12:52'),
(156, 28, '{\"internet1\":\"Internet Flat - 7 GB bis zu 700 Mbit\\/s\",\"internet2\":\"\",\"internet3\":\"\",\"internet4\":\"\",\"SMS1\":\"SMS-Flat in alle dt. Netz\",\"SMS2\":\"\",\"SMS3\":\"\",\"SMS4\":\"\",\"telephony1\":\"Telefonie-Flat in alle dt. Netz\",\"telephony2\":\"Lorem ipsum - Tel\",\"telephony3\":\"\",\"telephony4\":\"\",\"other1\":\"\",\"other2\":\"\",\"other3\":\"\"}', '2019-09-30 12:27:58', '2019-09-30 12:27:58'),
(157, 29, '{\"internet1\":\"Internet Flat - 7 GB bis zu 700 Mbit\\/s LTE-f\\u00e4hig\",\"internet2\":\"\",\"internet3\":\"\",\"internet4\":\"\",\"SMS1\":\"SMS-Flat in alle dt. Netz\",\"SMS2\":\"Lorem ipsum - SMS\",\"SMS3\":\"\",\"SMS4\":\"\",\"telephony1\":\"Telefonie-Flat in alle dt. Netz\",\"telephony2\":\"\",\"telephony3\":\"\",\"telephony4\":\"\",\"other1\":\"\",\"other2\":\"\",\"other3\":\"\"}', '2019-09-30 12:39:51', '2019-09-30 12:39:51');

-- --------------------------------------------------------

--
-- Table structure for table `tariffs_limits`
--

CREATE TABLE `tariffs_limits` (
  `id` int(10) UNSIGNED NOT NULL,
  `tariff_id` int(11) NOT NULL,
  `limit` int(11) NOT NULL,
  `remaining_amount` int(11) NOT NULL,
  `created_at` timestamp NULL DEFAULT NULL,
  `updated_at` timestamp NULL DEFAULT NULL
) ENGINE=InnoDB DEFAULT CHARSET=utf8mb4 COLLATE=utf8mb4_unicode_ci;

--
-- Dumping data for table `tariffs_limits`
--

INSERT INTO `tariffs_limits` (`id`, `tariff_id`, `limit`, `remaining_amount`, `created_at`, `updated_at`) VALUES
(1, 1, 111, 111, '2019-02-13 10:12:14', '2019-02-13 10:12:14'),
(2, 2, 44, 44, '2019-02-13 14:37:22', '2019-02-13 14:37:22'),
(3, 3, 333, 333, '2019-08-23 08:49:20', '2019-08-23 08:49:20'),
(4, 4, 333, 333, '2019-08-23 08:56:49', '2019-08-23 08:56:49'),
(5, 5, 333, 333, '2019-08-23 08:58:21', '2019-08-23 08:58:21'),
(6, 6, 333, 333, '2019-08-23 09:13:02', '2019-08-23 09:13:02'),
(7, 7, 333, 333, '2019-08-23 09:13:20', '2019-08-23 09:13:20'),
(8, 8, 444, 444, '2019-09-11 09:31:24', '2019-09-11 09:31:24'),
(9, 9, 111, 111, '2019-02-13 10:12:14', '2019-02-13 10:12:14');

-- --------------------------------------------------------

--
-- Table structure for table `tariffs_provisions`
--

CREATE TABLE `tariffs_provisions` (
  `id` int(10) UNSIGNED NOT NULL,
  `tariff_id` int(11) NOT NULL,
  `status` smallint(6) NOT NULL,
  `base_price` double(8,2) NOT NULL,
  `provision` double(8,2) NOT NULL,
  `valid_from` date NOT NULL,
  `valid_to` date DEFAULT NULL,
  `created_at` timestamp NULL DEFAULT NULL,
  `updated_at` timestamp NULL DEFAULT NULL
) ENGINE=InnoDB DEFAULT CHARSET=utf8mb4 COLLATE=utf8mb4_unicode_ci;

--
-- Dumping data for table `tariffs_provisions`
--

INSERT INTO `tariffs_provisions` (`id`, `tariff_id`, `status`, `base_price`, `provision`, `valid_from`, `valid_to`, `created_at`, `updated_at`) VALUES
(1, 1, 0, 80.00, 655.00, '2017-01-01', '2017-12-31', '2019-04-30 22:00:00', '2019-04-30 22:00:00'),
(2, 2, 1, 84.00, 650.00, '2018-01-01', NULL, '2019-04-30 22:00:00', '2019-04-30 22:00:00'),
(5, 3, 1, 99.00, 500.00, '2018-01-01', NULL, '2019-04-30 22:00:00', '2019-04-30 22:00:00'),
(7, 4, 1, 75.00, 688.00, '2019-06-03', NULL, '2019-04-30 22:00:00', '2019-04-30 22:00:00'),
(8, 5, 1, 85.00, 603.00, '2019-06-04', NULL, '2019-04-30 22:00:00', '2019-04-30 22:00:00'),
(9, 6, 1, 87.00, 583.00, '2019-06-05', NULL, '2019-04-30 22:00:00', '2019-04-30 22:00:00'),
(10, 7, 1, 92.00, 674.00, '2019-06-06', NULL, '2019-04-30 22:00:00', '2019-04-30 22:00:00'),
(11, 8, 1, 77.00, 651.00, '2019-06-07', NULL, '2019-04-30 22:00:00', '2019-04-30 22:00:00'),
(12, 9, 1, 57.00, 788.00, '2019-06-08', NULL, '2019-04-30 22:00:00', '2019-04-30 22:00:00'),
(13, 12, 1, 73.00, 594.00, '2019-06-09', NULL, '2019-04-30 22:00:00', '2019-04-30 22:00:00'),
(14, 13, 1, 80.00, 562.00, '2019-06-10', NULL, '2019-04-30 22:00:00', '2019-04-30 22:00:00'),
(15, 14, 1, 76.00, 697.00, '2019-06-11', NULL, '2019-04-30 22:00:00', '2019-04-30 22:00:00'),
(16, 15, 1, 49.00, 669.00, '2019-06-12', NULL, '2019-04-30 22:00:00', '2019-04-30 22:00:00'),
(17, 16, 1, 55.00, 514.00, '2019-06-13', NULL, '2019-04-30 22:00:00', '2019-04-30 22:00:00'),
(18, 17, 1, 41.00, 740.00, '2019-06-14', NULL, '2019-04-30 22:00:00', '2019-04-30 22:00:00'),
(19, 18, 1, 77.00, 784.00, '2019-06-15', NULL, '2019-04-30 22:00:00', '2019-04-30 22:00:00'),
(20, 10, 1, 73.00, 708.00, '2019-06-16', NULL, '2019-04-30 22:00:00', '2019-04-30 22:00:00'),
(21, 11, 1, 51.00, 644.00, '2019-06-17', NULL, '2019-04-30 22:00:00', '2019-04-30 22:00:00'),
(244, 14, 2, 76.00, 111.00, '2019-07-30', NULL, '2019-07-23 13:27:06', '2019-07-23 13:27:06'),
(248, 3, 2, 99.00, 333.00, '2019-07-29', NULL, '2019-07-24 11:59:15', '2019-07-24 11:59:15');

-- --------------------------------------------------------

--
-- Table structure for table `tariff_property`
--

CREATE TABLE `tariff_property` (
  `id` int(10) UNSIGNED NOT NULL,
  `tariff_id` int(11) NOT NULL,
  `property_id` int(11) NOT NULL,
  `value` varchar(191) COLLATE utf8mb4_unicode_ci NOT NULL,
  `created_at` timestamp NULL DEFAULT NULL,
  `updated_at` timestamp NULL DEFAULT NULL
) ENGINE=InnoDB DEFAULT CHARSET=utf8mb4 COLLATE=utf8mb4_unicode_ci;

--
-- Dumping data for table `tariff_property`
--

INSERT INTO `tariff_property` (`id`, `tariff_id`, `property_id`, `value`, `created_at`, `updated_at`) VALUES
(1, 250, 2, '488', '2019-09-09 07:09:19', '2019-09-09 07:09:19'),
(2, 250, 6, '02', '2019-09-09 07:09:19', '2019-09-09 07:09:19'),
(3, 250, 7, 'Vodafone', '2019-09-09 07:09:19', '2019-09-09 07:09:19'),
(4, 250, 8, '0', '2019-09-09 07:09:19', '2019-09-09 07:09:19'),
(5, 250, 9, '1', '2019-09-09 07:09:19', '2019-09-09 07:09:19'),
(6, 250, 10, '0', '2019-09-09 07:09:19', '2019-09-09 07:09:19'),
(7, 250, 13, '2', '2019-09-09 07:09:19', '2019-09-09 07:09:19'),
(8, 250, 14, '2', '2019-09-09 07:09:19', '2019-09-09 07:09:19'),
(9, 250, 17, '1', '2019-09-09 07:09:19', '2019-09-09 07:09:19');

-- --------------------------------------------------------

--
-- Table structure for table `tariff_region`
--

CREATE TABLE `tariff_region` (
  `id` int(10) UNSIGNED NOT NULL,
  `tariff_id` int(11) NOT NULL,
  `region_id` int(11) NOT NULL,
  `provider_id` int(11) NOT NULL,
  `created_at` timestamp NULL DEFAULT NULL,
  `updated_at` timestamp NULL DEFAULT NULL
) ENGINE=InnoDB DEFAULT CHARSET=utf8mb4 COLLATE=utf8mb4_unicode_ci;

--
-- Dumping data for table `tariff_region`
--

INSERT INTO `tariff_region` (`id`, `tariff_id`, `region_id`, `provider_id`, `created_at`, `updated_at`) VALUES
(1, 12, 1, 0, NULL, NULL),
(2, 13, 1, 1, NULL, NULL),
(3, 14, 1, 1, NULL, NULL),
(4, 2, 5, 1, NULL, NULL),
(5, 2, 9, 1, NULL, NULL),
(6, 1, 5, 1, NULL, NULL),
(7, 2, 7, 1, NULL, NULL),
(8, 1, 9, 1, NULL, NULL),
(9, 4, 5, 1, NULL, NULL),
(10, 4, 7, 1, NULL, NULL),
(11, 4, 8, 1, NULL, NULL),
(12, 5, 5, 1, NULL, NULL),
(13, 5, 7, 1, NULL, NULL),
(14, 5, 8, 1, NULL, NULL),
(15, 6, 5, 1, NULL, NULL),
(16, 6, 6, 1, NULL, NULL),
(17, 6, 8, 1, NULL, NULL),
(18, 7, 5, 1, NULL, NULL),
(19, 7, 6, 1, NULL, NULL),
(20, 7, 8, 1, NULL, NULL),
(21, 8, 9, 1, NULL, NULL),
(22, 9, 9, 1, NULL, NULL),
(23, 10, 9, 1, NULL, NULL),
(24, 11, 5, 1, NULL, NULL),
(25, 12, 5, 1, NULL, NULL),
(26, 13, 5, 1, NULL, NULL),
(27, 14, 5, 1, NULL, NULL),
(28, 15, 5, 1, NULL, NULL),
(29, 16, 5, 1, NULL, NULL),
(30, 17, 5, 1, NULL, NULL),
(31, 18, 5, 1, NULL, NULL),
(453, 3, 7, 1, NULL, NULL),
(604, 28, 5, 1, '2019-09-30 12:27:58', '2019-09-30 12:27:58'),
(605, 28, 6, 1, '2019-09-30 12:27:58', '2019-09-30 12:27:58'),
(606, 28, 7, 1, '2019-09-30 12:27:58', '2019-09-30 12:27:58'),
(607, 28, 8, 1, '2019-09-30 12:27:58', '2019-09-30 12:27:58'),
(608, 28, 9, 1, '2019-09-30 12:27:58', '2019-09-30 12:27:58'),
(687, 29, 6, 1, '2019-10-02 11:43:09', '2019-10-02 11:43:09'),
(688, 29, 8, 1, '2019-10-02 11:43:09', '2019-10-02 11:43:09');

-- --------------------------------------------------------

--
-- Table structure for table `users`
--

CREATE TABLE `users` (
  `id` int(10) UNSIGNED NOT NULL,
  `name` varchar(191) COLLATE utf8mb4_unicode_ci NOT NULL,
  `surname` varchar(191) COLLATE utf8mb4_unicode_ci NOT NULL,
  `user_name` varchar(25) COLLATE utf8mb4_unicode_ci NOT NULL,
  `password` varchar(191) COLLATE utf8mb4_unicode_ci NOT NULL,
  `email` varchar(191) COLLATE utf8mb4_unicode_ci NOT NULL,
  `mobile` varchar(20) COLLATE utf8mb4_unicode_ci NOT NULL,
  `role_id` int(11) DEFAULT '1',
  `dealer_id` int(11) DEFAULT '1',
  `office_id` int(11) NOT NULL,
  `status` varchar(10) COLLATE utf8mb4_unicode_ci NOT NULL,
  `email_verified_at` timestamp NULL DEFAULT NULL,
  `remember_token` varchar(100) COLLATE utf8mb4_unicode_ci DEFAULT NULL,
  `created_at` timestamp NULL DEFAULT NULL,
  `updated_at` timestamp NULL DEFAULT NULL
) ENGINE=InnoDB DEFAULT CHARSET=utf8mb4 COLLATE=utf8mb4_unicode_ci;

--
-- Dumping data for table `users`
--

INSERT INTO `users` (`id`, `name`, `surname`, `user_name`, `password`, `email`, `mobile`, `role_id`, `dealer_id`, `office_id`, `status`, `email_verified_at`, `remember_token`, `created_at`, `updated_at`) VALUES
(1, 'Günay ', 'Karlı', '00000', '$2y$10$73Dwz01MBdEgXEGFNsNM8OkP1IoL4MZRLnQyiDWSxdve4nBbSLUt.', 'gunaykarli@gmail.com', '1111', 1, 0, 0, 'on', NULL, 'wc07MOZ7GIN6Y8Kp4FcScKnGtpTOtIoll8ApCANsq9C64wYR1LSzxjppe2zX', '2018-10-05 14:50:55', '2018-10-05 14:50:55'),
(25, 'Sancak', 'Bir', '', '$2y$10$9S8TCRc2h6fmz5J/lfPsJeMutHbrg2LB4twWz8rYMdYsh/t1qDDgq', 'sancak@gmail.com', '22222', 4, 73, 1, 'on', NULL, 'ZRinzQpKY74CWR8q1xazGZbA7Yj9Lw2nbUJaxZI025McZpTr7LreHzt1Khd9', '2018-10-29 21:39:10', '2018-11-09 09:56:36'),
(26, 'Ünlü', 'Şanlı', '00074', '$2y$10$Wvn0Pc3V.R5tBmG18YHrEOhJ.3Mmo3LgSULTLKB2npUgkrBgRsTaG', 'unlu@gmail.com', '3333', 4, 74, 6, 'on', NULL, '2SgeVtpKuPtlX2dhNUi2QDeo80r8hE0Lrt0RkKDrtHabq0Ip0JO4HQ6N2zvH', '2018-10-30 10:04:12', '2019-09-03 16:05:17'),
(27, '123', '123', '', '$2y$10$ZthH3VH2tUZAoIQ9/xK1bumGZuoYJBXd0XD9m2RC4NVNNA6a5tCWG', 'www@gmail.com', '4444', 4, 75, 7, 'on', NULL, 'AFLrhXXaVJ4Bx1ZpLMeT8qhQTXUU4AIb77YSfCC9Z1VSPr60xpUsCAWWSHos', '2018-10-30 10:17:52', '2018-10-30 10:17:52'),
(28, 'Jor', '1233', '', '$2y$10$4MwvtTaEBgXFtxYSrHxMVO9k4w.0UIKMj2uFfRrJKLHVVTAs7GOU6', 'Jjjj@gmail.com', '5555', 4, 76, 10, 'on', NULL, 'wXPsO0m4NkQvPEARdtya6LxuipBhihOdjI4sU9VlvGpmc8KQn0rvJvRHb77n', '2018-10-31 09:51:06', '2018-10-31 09:55:55'),
(36, 'Cihan', 'Cenk', '00074-1', '$2y$10$byGYxMJp6bMWazToGvRww.H9BjhfLGI4fDaJS5mkzN/SdvAhnK0SG', 'cenk2@gmail.com', '8888', 5, 74, 6, 'on', NULL, 'wVyXYFNcYUX9O1MeYr4E9sizABmwPd9biQggD1rDUsuvcNAR0uV1AN4ToJb0', '2018-11-09 08:52:24', '2019-11-06 19:44:33'),
(37, 'Cenk', 'Dört', '', '$2y$10$torqOZdk6AhyA9Xh9PTT5O7jXD2z4eVvliOgzGT7XUQR4YE/3krfO', 'cenk@gmail.com', '999', 5, 73, 3, 'on', NULL, 'GgxEOCHKfalYmlYcbev6NzIj1SKgfpDItBxmVCh9rBdVMFq4qYTJA2TSzyVt', '2018-11-09 09:13:50', '2018-11-13 17:07:46'),
(52, 'Can', 'Beş', '', '$2y$10$UKHpbbq9ozNS7wBZXgdDcOmwscsQpdUEK91t6zdQ2TOsIfyHg5Boe', 'can@gmail.com', '121212', 5, 73, 5, 'on', NULL, 'yeKrQ3b3Q2sWKaSdrPoP2yL0qHIBDdvQWseeVCwzxc7aX3Yo01AsJiP7mltW', '2018-11-13 08:56:42', '2018-11-13 08:56:42'),
(53, 'Cem', 'Altı', '', '$2y$10$3YUr9XAqIP8yTG4PsZFsLuZMAFu4sTf7k.1A/IrvUW3zhhIY0wmJO', '234den@gmail.com', '131313', 5, 73, 5, 'on', NULL, NULL, '2018-11-13 11:26:24', '2018-11-16 13:55:09'),
(54, 'Serkan', 'Zor', '00074-2', '$2y$10$WrdkliAcR.ikyKFo1P19gelLVJPxh4hghHWTkz/4K64KWt4dXYVji', 'zor@gmail.com', '555', 5, 74, 9, 'on', NULL, NULL, '2018-11-13 18:34:23', '2018-11-13 18:37:21'),
(55, 'Sanemp', 'Yedi', '', '$2y$10$8I7Ri7iPYUHTQx5C8rhB1uqFc/2XVpUbDW.q0yRyFrvRAmPgHAjQy', 'sanemp@gmail.com', '45345', 5, 73, 5, 'on', NULL, NULL, '2018-11-14 10:10:08', '2018-11-14 10:10:08'),
(56, 'Günter', 'Duman', '', '$2y$10$OIiorWMLaUU601fB2BYFwOctYa409yEZXvj8FjwtYdGxGofj96nme', 'duman@gmail.com', '1-541-754-3010', 4, 91, 15, 'on', NULL, NULL, '2018-11-19 14:17:27', '2018-11-20 11:19:29'),
(59, 'Dum', 'An', '', '$2y$10$yB3B5xH8A.T0pLEOtcKpqO4uKP34HeoE9fHnZRpl3dYLPrxkn3jJa', 'an@gmail.com', '8475879', 5, 91, 16, 'on', NULL, NULL, '2018-11-20 12:52:07', '2018-11-20 14:22:04'),
(60, 'Bul', 'Ut', '', '$2y$10$uBw0g9GwiF0BskHXqm8VheezcYmJGDMrhnbVHHGsmX4kj/pqxulmG', 'ut@gmail.com', '72348728', 5, 91, 15, 'on', NULL, NULL, '2018-11-20 14:23:26', '2018-11-20 14:35:02'),
(61, 'OwnerName1', 'OwnerSurname1', '', '$2y$10$RMaddCbLQMD.NWJXftLOJ.2rzFAjcTtR715WSuZk5BB5q2Resz1Ei', 'owner1@gmail.com', '1-541-754-3010', 4, 92, 17, 'on', NULL, NULL, '2018-12-20 08:06:25', '2018-12-20 08:06:25'),
(62, 'A', 'B', '', '$2y$10$Yi16AI4x/WDymAnjefIGnuTFLzLi2hy6aNRqPFVUi4cSnljyAZQ7C', 'abc@gmail.com', '1-541-754-3010', 4, 93, 18, 'on', NULL, NULL, '2018-12-20 08:17:39', '2018-12-20 08:17:39'),
(66, 'Tuğrul', 'Yanlı', '00074-3', '$2y$10$dvs.rFsKd0bpAmTIWYSnZOiqK5YM9aDDOmlkAdXsYWK64vc4uuSom', 't@g.com', '+49000', 5, 74, 9, 'on', NULL, 'zGdEfvTIYSDfO9oSPFU50qaefd4mimsNLY0JSyMSWqmumWEo6PPmO74dZtht', '2019-09-03 08:17:58', '2019-11-06 19:31:39'),
(72, 'Gaffar', 'Abi', '00074-5', '$2y$10$EgqNG3mz9CAGrfSl2CClsO2broZ9Uwy8/yQim8mvr6Vk8bYDrdf.q', 'ga@g.com', '+49', 5, 74, 9, 'on', NULL, 'NbXZnm48mJLM6deRgl1WC3QclsLyqPSMtiwvaBSkQ2ejGM6Chuzxvzf4LX2i', '2019-09-05 07:07:59', '2019-11-06 19:38:42'),
(73, 'Fuat', 'Kıy', '00074-6', '$2y$10$bBF3T3F1.ljS0zZuRaJ4R.RL9Url8jL8rctRonNwH0M/fUUFdxjyq', 'fk@g.com', '+49 177', 5, 74, 6, 'on', NULL, NULL, '2019-09-05 08:47:12', '2019-09-05 08:47:12'),
(74, 'Günter', 'Günter', '00099', '$2y$10$16PszuoT5NjdKlWKlLZk4eUQDapCy6B2d.2mleu1TpX0/qW5E50iC', 'g@g.com', '555 1390', 4, 102, 45, 'on', NULL, NULL, '2019-10-30 15:07:04', '2019-10-30 15:07:04'),
(76, 'Günter', 'Günter', '00099', '$2y$10$YXCVaU.LGqwsX5RbifNjqOvxBxQCSjlYnL6tG9XdvY/7lIUal80j6', 'g@gg1g.com', '555 1390', 4, 104, 47, 'on', NULL, NULL, '2019-10-30 15:09:23', '2019-10-30 15:09:23'),
(77, 'Günter', 'Günter', 'gunter', '$2y$10$HMibaz5lNJXLZx5wpulSP.SLgqdcPzel2/qqBU8vUJD49Dqd7xFPS', 'ggg@gunter.com', '555', 4, 105, 48, 'on', NULL, NULL, '2019-10-31 09:13:31', '2019-10-31 11:30:43'),
(78, 'Günter', 'Günter', '000999', '$2y$10$miAQzY.CdBWe95gpXX2ej.l3UGjRvpWRIBC4f2sVOx/utbG8bycFK', 'sdf@gg.com', '555 1390', 4, 106, 49, 'on', NULL, NULL, '2019-10-31 09:15:12', '2019-10-31 09:15:12'),
(79, 'Günter', 'Günter', 'Bdd', '$2y$10$gMFmN.ruLFn1LB59Eyf7iOxssgGAs7R96.A7uj1gQlaBWA9Y7wE.K', 'gumm@ggg.com', '555 1390', 4, 107, 50, 'on', NULL, NULL, '2019-10-31 09:37:27', '2019-10-31 09:37:27'),
(81, 'Günter', 'Günter', 'Bdd', '$2y$10$WRBCrgszGmVsPciLY3y1P./s1buXsshJGqGbpWepIdQwwdwDaqxoa', 'gumkm@ggg.com', '555 1390', 4, 109, 52, 'on', NULL, NULL, '2019-10-31 09:38:34', '2019-10-31 09:38:34'),
(82, 'Ayran', 'Yürek', '00074-7', '$2y$10$D0vjIYsYNKsTBkkfUSJrG.fCBY58iB7ZeP4XxRsfVvP7.k/skA3fW', 'ayran@gma.com', '0049', 5, 74, 9, 'on', NULL, NULL, '2019-11-06 16:41:05', '2019-11-06 16:41:05'),
(87, 'Lorem', 'Ipsum', '00074-8', '$2y$10$KvQi8/JnqVr5gFgGt.XluOBSD1Fq4nJc1SXCKgEManb1RT1.6Ydva', 'lorem@gmail.com', '0049123', 5, 74, 6, 'off', NULL, NULL, '2019-11-06 19:40:04', '2019-11-06 19:44:52'),
(89, 'Günay ', 'Karlı', '00000-1', '$2y$10$73Dwz01MBdEgXEGFNsNM8OkP1IoL4MZRLnQyiDWSxdve4nBbSLUt.', 'gunaykarli-1@gmail.com', '1111', 4, 0, 0, 'on', NULL, 'JHxB5jRSEYtZgV1iP7esl93AO9OL5nZzRjxzGM2rMiPbX0USrdvajwLeY63e', '2018-10-05 14:50:55', '2018-10-05 14:50:55');

-- --------------------------------------------------------

--
-- Table structure for table `users_authorizations`
--

CREATE TABLE `users_authorizations` (
  `id` int(10) UNSIGNED NOT NULL,
  `system_feature_id` int(11) NOT NULL,
  `user_id` int(11) NOT NULL,
  `created_at` timestamp NULL DEFAULT NULL,
  `updated_at` timestamp NULL DEFAULT NULL
) ENGINE=InnoDB DEFAULT CHARSET=utf8mb4 COLLATE=utf8mb4_unicode_ci;

--
-- Dumping data for table `users_authorizations`
--

INSERT INTO `users_authorizations` (`id`, `system_feature_id`, `user_id`, `created_at`, `updated_at`) VALUES
(3, 7, 25, '2018-11-28 08:58:58', '2018-11-28 08:58:58'),
(28, 7, 37, '2018-12-07 14:16:39', '2018-12-07 14:16:39'),
(29, 14, 55, '2018-12-07 14:19:32', '2018-12-07 14:19:32');

-- --------------------------------------------------------

--
-- Table structure for table `vf_credit_activations`
--

CREATE TABLE `vf_credit_activations` (
  `id` int(10) UNSIGNED NOT NULL,
  `contract_id` int(11) NOT NULL,
  `AO_bundle_offering_code` varchar(191) COLLATE utf8mb4_unicode_ci NOT NULL,
  `group_change_group_id` int(11) NOT NULL,
  `objection` tinyint(1) NOT NULL,
  `additional_contract` tinyint(1) NOT NULL,
  `customer_number` int(11) NOT NULL,
  `password` varchar(191) COLLATE utf8mb4_unicode_ci NOT NULL,
  `activation_with_hardware` tinyint(1) NOT NULL,
  `created_at` timestamp NULL DEFAULT NULL,
  `updated_at` timestamp NULL DEFAULT NULL
) ENGINE=InnoDB DEFAULT CHARSET=utf8mb4 COLLATE=utf8mb4_unicode_ci;

-- --------------------------------------------------------

--
-- Table structure for table `vf_dc_changes`
--

CREATE TABLE `vf_dc_changes` (
  `id` int(10) UNSIGNED NOT NULL,
  `contract_id` int(11) NOT NULL,
  `contract_start` date NOT NULL,
  `entry_date` date NOT NULL,
  `phone_number_NDC` int(11) NOT NULL,
  `phone_number_MSISDN` int(11) NOT NULL,
  `previous_customer_name` varchar(191) COLLATE utf8mb4_unicode_ci NOT NULL,
  `birth_date` date NOT NULL,
  `IMEI_type` smallint(6) NOT NULL,
  `same_contact_address` tinyint(1) NOT NULL,
  `tariff_id` int(11) NOT NULL,
  `connection_overview` smallint(6) NOT NULL,
  `represent_destination_number` smallint(6) NOT NULL,
  `objection` smallint(6) NOT NULL,
  `additional_contract` tinyint(1) NOT NULL,
  `customer_number` int(11) NOT NULL,
  `password` varchar(191) COLLATE utf8mb4_unicode_ci NOT NULL,
  `supplementary_services` varchar(191) COLLATE utf8mb4_unicode_ci NOT NULL,
  `data _services` varchar(191) COLLATE utf8mb4_unicode_ci NOT NULL,
  `mailbox` smallint(6) NOT NULL,
  `call_barring` smallint(6) NOT NULL,
  `show_phone_numbers` tinyint(1) NOT NULL,
  `created_at` timestamp NULL DEFAULT NULL,
  `updated_at` timestamp NULL DEFAULT NULL
) ENGINE=InnoDB DEFAULT CHARSET=utf8mb4 COLLATE=utf8mb4_unicode_ci;

-- --------------------------------------------------------

--
-- Table structure for table `vf_dsls`
--

CREATE TABLE `vf_dsls` (
  `id` int(10) UNSIGNED NOT NULL,
  `contract_id` int(11) NOT NULL,
  `AO_bundle_offering_code` varchar(191) COLLATE utf8mb4_unicode_ci NOT NULL,
  `group_change_group_id` int(11) NOT NULL,
  `objection` tinyint(1) NOT NULL,
  `additional_contract` tinyint(1) NOT NULL,
  `customer_number` int(11) NOT NULL,
  `password` varchar(191) COLLATE utf8mb4_unicode_ci NOT NULL,
  `subscriber_id` int(11) NOT NULL,
  `tariff_id` int(11) NOT NULL,
  `tariff_and _services` varchar(191) COLLATE utf8mb4_unicode_ci NOT NULL,
  `owner_name` varchar(191) COLLATE utf8mb4_unicode_ci NOT NULL,
  `owner_surname` varchar(191) COLLATE utf8mb4_unicode_ci NOT NULL,
  `same_contact_address_owner` tinyint(1) NOT NULL,
  `DSL_available` tinyint(1) NOT NULL,
  `approval_DSL_downgrade` tinyint(1) NOT NULL,
  `NTBA_installation` smallint(6) NOT NULL,
  `house_type` smallint(6) NOT NULL,
  `apartment` smallint(6) NOT NULL,
  `entrance` smallint(6) NOT NULL,
  `floor` smallint(6) NOT NULL,
  `location_TAE _box` varchar(191) COLLATE utf8mb4_unicode_ci NOT NULL,
  `same_contact_address_for_installation` tinyint(1) NOT NULL,
  `same_contact_address_for_shipping` tinyint(1) NOT NULL,
  `salutation_for_shipping` varchar(191) COLLATE utf8mb4_unicode_ci NOT NULL,
  `name_for_shipping` varchar(191) COLLATE utf8mb4_unicode_ci NOT NULL,
  `surname_for_shipping` varchar(191) COLLATE utf8mb4_unicode_ci NOT NULL,
  `company_name_for_shipping` varchar(191) COLLATE utf8mb4_unicode_ci NOT NULL,
  `created_at` timestamp NULL DEFAULT NULL,
  `updated_at` timestamp NULL DEFAULT NULL
) ENGINE=InnoDB DEFAULT CHARSET=utf8mb4 COLLATE=utf8mb4_unicode_ci;

-- --------------------------------------------------------

--
-- Table structure for table `vf_gsms`
--

CREATE TABLE `vf_gsms` (
  `id` int(10) UNSIGNED NOT NULL,
  `contract_id` int(11) DEFAULT NULL,
  `AO_bundle_offering_code` varchar(191) COLLATE utf8mb4_unicode_ci DEFAULT NULL,
  `group_change_group_id` int(11) DEFAULT NULL,
  `objection` tinyint(1) DEFAULT NULL,
  `additional_contract` tinyint(1) DEFAULT NULL,
  `customer_number` int(11) DEFAULT NULL,
  `activation_with_hardware` tinyint(1) DEFAULT NULL,
  `additional_tariff` tinyint(1) NOT NULL,
  `SIM_serial_number` varchar(191) COLLATE utf8mb4_unicode_ci DEFAULT NULL,
  `SIM_IMEI_type` int(15) DEFAULT NULL,
  `tariff_id` int(11) DEFAULT NULL,
  `contract_start` date DEFAULT NULL,
  `different_invoice_address` tinyint(1) DEFAULT NULL,
  `different_home_address` tinyint(1) DEFAULT NULL,
  `connection_overview` varchar(19) COLLATE utf8mb4_unicode_ci DEFAULT NULL,
  `represent_destination_number` varchar(15) COLLATE utf8mb4_unicode_ci DEFAULT NULL,
  `supplementary_services` varchar(191) COLLATE utf8mb4_unicode_ci DEFAULT NULL,
  `data_services` varchar(191) COLLATE utf8mb4_unicode_ci DEFAULT NULL,
  `mailbox` varchar(25) COLLATE utf8mb4_unicode_ci DEFAULT NULL,
  `call_barring` varchar(11) COLLATE utf8mb4_unicode_ci DEFAULT NULL,
  `show_phone_numbers` varchar(11) COLLATE utf8mb4_unicode_ci DEFAULT NULL,
  `disabled_card_id` varchar(191) COLLATE utf8mb4_unicode_ci DEFAULT NULL,
  `disability_degree` smallint(6) DEFAULT NULL,
  `created_at` timestamp NULL DEFAULT NULL,
  `updated_at` timestamp NULL DEFAULT NULL
) ENGINE=InnoDB DEFAULT CHARSET=utf8mb4 COLLATE=utf8mb4_unicode_ci;

--
-- Dumping data for table `vf_gsms`
--

INSERT INTO `vf_gsms` (`id`, `contract_id`, `AO_bundle_offering_code`, `group_change_group_id`, `objection`, `additional_contract`, `customer_number`, `activation_with_hardware`, `additional_tariff`, `SIM_serial_number`, `SIM_IMEI_type`, `tariff_id`, `contract_start`, `different_invoice_address`, `different_home_address`, `connection_overview`, `represent_destination_number`, `supplementary_services`, `data_services`, `mailbox`, `call_barring`, `show_phone_numbers`, `disabled_card_id`, `disability_degree`, `created_at`, `updated_at`) VALUES
(1, 47, 'Deneme', 0, NULL, NULL, NULL, NULL, 0, NULL, NULL, NULL, NULL, NULL, NULL, NULL, NULL, NULL, NULL, NULL, NULL, NULL, NULL, NULL, '2019-05-13 10:17:31', '2019-05-13 10:17:31'),
(2, 49, 'Deneme', 0, 0, 0, NULL, 0, 0, '1234', NULL, NULL, NULL, NULL, NULL, NULL, NULL, NULL, NULL, NULL, NULL, NULL, NULL, NULL, '2019-05-13 10:21:16', '2019-05-13 10:21:16'),
(3, 50, 'Deneme', 0, 0, 0, NULL, 0, 0, '1234', 1111, NULL, NULL, NULL, NULL, NULL, NULL, NULL, NULL, NULL, NULL, NULL, NULL, NULL, '2019-05-13 10:22:37', '2019-05-13 10:22:37'),
(4, 51, 'Deneme', 0, 0, 0, NULL, 0, 0, '1234', 1111, 2, NULL, 0, NULL, NULL, NULL, NULL, NULL, NULL, NULL, NULL, NULL, NULL, '2019-05-13 10:23:32', '2019-05-13 10:23:32'),
(5, 53, 'Deneme', 0, 0, 0, NULL, 0, 0, '1234', 1111, 2, NULL, 0, NULL, '1', '1', 'Deneme', NULL, NULL, NULL, NULL, NULL, NULL, '2019-05-13 10:25:08', '2019-05-13 10:25:08'),
(6, 56, 'Deneme', 0, 0, 0, NULL, 0, 0, '1234', 1111, 2, NULL, 0, NULL, '1', '1', 'Deneme', NULL, NULL, NULL, NULL, NULL, NULL, '2019-05-13 10:26:44', '2019-05-13 10:26:44'),
(7, 57, 'Deneme', 0, 0, 0, NULL, 0, 0, '1234', 1111, 2, NULL, 0, NULL, '1', '1', 'Deneme', NULL, '3', NULL, NULL, NULL, NULL, '2019-05-13 10:27:06', '2019-05-13 10:27:06'),
(8, 59, 'Deneme', 0, 0, 0, NULL, 0, 0, '1234', 1111, 2, NULL, 0, NULL, '1', '1', 'Deneme', 'Deneme', '3', NULL, NULL, NULL, NULL, '2019-05-13 10:29:42', '2019-05-13 10:29:42'),
(9, 60, 'Deneme', 0, 0, 0, NULL, 0, 0, '1234', 1111, 2, NULL, 0, NULL, '1', '1', 'Deneme', 'Deneme', '3', '1', '2', '1', 90, '2019-05-13 10:31:17', '2019-05-13 10:31:17'),
(10, 61, 'Deneme', 0, 0, 0, NULL, 0, 0, '1234', 1111, 2, NULL, 0, NULL, '1', '1', 'Deneme', 'Deneme', '3', '1', '2', NULL, NULL, '2019-05-13 10:34:29', '2019-05-13 10:34:29'),
(11, 64, 'Deneme', 0, 0, 1, 7, 0, 0, '10001', NULL, 2, NULL, 0, NULL, '3', '2', 'Deneme', 'Deneme', '2', '2', '2', NULL, NULL, '2019-05-13 11:14:40', '2019-05-13 11:14:40'),
(12, 65, 'Deneme', 0, 0, 1, 7, 0, 0, '10001', NULL, 2, NULL, 0, NULL, '3', '2', 'Deneme', 'Deneme', '2', '2', '2', NULL, NULL, '2019-05-13 11:19:02', '2019-05-13 11:19:02'),
(13, 66, 'Deneme', 0, 0, 1, 7, 0, 0, '10001', NULL, 2, NULL, 0, NULL, '3', '2', 'Deneme', 'Deneme', '2', '2', '2', NULL, NULL, '2019-05-13 11:20:27', '2019-05-13 11:20:27'),
(14, 68, 'Deneme', 0, 0, 1, 7, 0, 0, '10001', 1, 2, NULL, 0, NULL, '3', '2', 'Deneme', 'Deneme', '2', '2', '2', NULL, NULL, '2019-05-13 11:23:52', '2019-05-13 11:23:52'),
(15, 70, 'Deneme', 0, 0, 1, 7, 0, 0, '10001', 2147483647, 2, NULL, 0, NULL, '3', '2', 'Deneme', 'Deneme', '2', '2', '2', NULL, NULL, '2019-05-13 11:26:06', '2019-05-13 11:26:06'),
(16, 71, 'Deneme', 0, 0, 1, 7, 0, 0, '10001', 0, 2, NULL, 0, NULL, '3', '2', 'Deneme', 'Deneme', '2', '2', '2', NULL, NULL, '2019-05-13 11:38:47', '2019-05-13 11:38:47'),
(17, 72, 'Deneme', 0, 0, 1, 12, 0, 0, '1122', 2147483647, 2, NULL, 0, NULL, '2', '1', 'Deneme', 'Deneme', '3', '2', '2', NULL, NULL, '2019-05-13 12:23:25', '2019-05-13 12:23:25'),
(18, 73, 'Deneme', 0, 0, 1, 12, 0, 0, '1122', 2147483647, 2, NULL, 0, NULL, '2', '1', 'Deneme', 'Deneme', '3', '2', '2', NULL, NULL, '2019-05-13 12:25:42', '2019-05-13 12:25:42'),
(19, 74, 'Deneme', 0, 0, 1, 12, 0, 0, '1122', 2147483647, 2, NULL, 0, NULL, '2', '1', 'Deneme', 'Deneme', '3', '2', '2', NULL, NULL, '2019-05-13 12:28:11', '2019-05-13 12:28:11'),
(20, 75, 'Deneme', 0, 0, 1, 12, 0, 0, '1122', 4, 2, NULL, 0, NULL, '2', '1', 'Deneme', 'Deneme', '3', '2', '2', NULL, NULL, '2019-05-13 12:30:17', '2019-05-13 12:30:17'),
(21, 76, 'Deneme', 0, 0, 1, 12, 0, 0, '1122', 2147483647, 2, NULL, 0, NULL, '2', '1', 'Deneme', 'Deneme', '3', '2', '2', NULL, NULL, '2019-05-13 12:31:46', '2019-05-13 12:31:46'),
(22, 77, 'Deneme', 0, 0, 1, 12, 0, 0, '1122', NULL, 2, NULL, 0, NULL, '2', '1', 'Deneme', 'Deneme', '3', '2', '2', NULL, NULL, '2019-05-13 13:11:35', '2019-05-13 13:11:35'),
(23, 78, 'Deneme', 0, 0, 1, 12, 0, 0, '1122', 2147483647, 2, NULL, 0, NULL, '2', '1', 'Deneme', 'Deneme', '3', '2', '2', NULL, NULL, '2019-05-13 13:26:16', '2019-05-13 13:26:16'),
(24, 79, 'Deneme', 0, 0, 1, 12, 0, 0, '1122', 4, 2, NULL, 0, NULL, '2', '1', 'Deneme', 'Deneme', '3', '2', '2', NULL, NULL, '2019-05-13 13:27:28', '2019-05-13 13:27:28'),
(25, 80, 'Deneme', 0, 0, 1, 12, 0, 0, '1122', 4, 2, NULL, 0, NULL, '2', '1', 'Deneme', 'Deneme', '3', '2', '2', NULL, NULL, '2019-05-13 13:29:37', '2019-05-13 13:29:37'),
(26, 81, 'Deneme', 0, 0, 1, 12, 0, 0, '1122', 4, 2, NULL, 0, NULL, '2', '1', 'Deneme', 'Deneme', '3', '2', '2', NULL, NULL, '2019-05-13 13:31:37', '2019-05-13 13:31:37'),
(27, 82, 'Deneme', 0, 0, 0, NULL, 0, 0, NULL, NULL, 2, NULL, 0, NULL, '1', '2', NULL, NULL, '1', '2', '1', NULL, NULL, '2019-05-15 09:26:19', '2019-05-15 09:26:19'),
(28, 83, 'Deneme', 0, 0, 0, NULL, 0, 0, NULL, NULL, 2, NULL, 0, NULL, '1', '2', NULL, NULL, '1', '2', '1', NULL, NULL, '2019-05-15 11:22:53', '2019-05-15 11:22:53'),
(29, 84, 'Deneme', 0, 0, 0, NULL, 0, 0, NULL, NULL, 2, NULL, 0, NULL, '1', '2', NULL, NULL, '1', '2', '1', NULL, NULL, '2019-05-15 11:27:48', '2019-05-15 11:27:48'),
(30, 85, 'Deneme', 0, 0, 0, NULL, 0, 0, NULL, NULL, 2, NULL, 0, NULL, '1', '2', NULL, NULL, '1', '2', '1', NULL, NULL, '2019-05-15 11:42:33', '2019-05-15 11:42:33'),
(31, 86, 'Deneme', 0, 0, 0, NULL, 0, 0, NULL, NULL, 2, NULL, 0, NULL, '1', '2', NULL, NULL, '1', '2', '1', NULL, NULL, '2019-05-15 12:20:46', '2019-05-15 12:20:46'),
(32, 87, 'Deneme', 0, 0, 0, NULL, 0, 0, NULL, NULL, 2, NULL, 0, NULL, '1', '2', NULL, NULL, '1', '2', '1', NULL, NULL, '2019-05-15 12:35:14', '2019-05-15 12:35:14'),
(33, 90, 'Deneme', 0, 0, 0, NULL, 0, 0, NULL, NULL, 2, NULL, 0, NULL, '1', '2', NULL, NULL, '1', '2', '1', NULL, NULL, '2019-05-15 12:49:31', '2019-05-15 12:49:31'),
(34, 92, 'Deneme', 0, 0, 0, NULL, 0, 0, NULL, NULL, 2, NULL, 0, NULL, '1', '2', NULL, NULL, '1', '2', '1', NULL, NULL, '2019-05-15 12:51:52', '2019-05-15 12:51:52'),
(35, 93, 'Deneme', 0, 0, 0, NULL, 0, 0, NULL, NULL, 2, NULL, 0, NULL, '1', '2', NULL, '{\"property1\":\"a\",\"property2\":\"b\"}', '1', '2', '1', NULL, NULL, '2019-05-15 12:55:26', '2019-05-15 12:55:26'),
(36, 94, 'Deneme', 0, 0, 0, NULL, 0, 0, NULL, NULL, 2, NULL, 0, NULL, '1', '2', NULL, '{\"property1\":\"a\",\"property2\":\"b\"}', '1', '2', '1', NULL, NULL, '2019-05-15 13:00:12', '2019-05-15 13:00:12'),
(37, 95, 'Deneme', 0, 0, 0, NULL, 0, 0, NULL, NULL, 2, NULL, 0, NULL, '1', '2', NULL, NULL, '1', '2', '1', NULL, NULL, '2019-05-15 13:01:05', '2019-05-15 13:01:05'),
(38, 97, 'Deneme', 0, 0, 0, NULL, 0, 0, NULL, NULL, 2, NULL, 0, NULL, '1', '2', NULL, NULL, '1', '2', '1', NULL, NULL, '2019-05-15 14:17:12', '2019-05-15 14:17:12'),
(39, 98, 'Deneme', 0, 0, 0, NULL, 0, 0, NULL, NULL, 2, NULL, 0, NULL, '1', '2', NULL, NULL, '1', '2', '1', NULL, NULL, '2019-05-15 14:27:03', '2019-05-15 14:27:03'),
(40, 99, 'Deneme', 0, 0, 0, NULL, 0, 0, NULL, NULL, 2, NULL, 0, NULL, '1', '2', NULL, NULL, '1', '2', '1', NULL, NULL, '2019-05-15 14:31:11', '2019-05-15 14:31:11'),
(41, 113, 'Deneme', 0, 1, 0, NULL, 0, 0, '111111', 2147483647, 2, NULL, 0, NULL, '2', '1', NULL, NULL, '2', '1', '1', '222', 50, '2019-05-15 15:21:14', '2019-05-15 15:21:14'),
(42, 115, 'Deneme', 0, 1, 0, NULL, 0, 0, '111111', 2147483647, 2, NULL, 0, NULL, '2', '1', NULL, '[\"24NAVPD\",\"24NAVPTD\"]', '2', '1', '1', '222', 50, '2019-05-15 15:22:13', '2019-05-15 15:22:13'),
(43, 116, 'Deneme', 0, 1, 0, NULL, 0, 0, '111111', 2147483647, 2, NULL, 0, NULL, '2', '1', NULL, '[\"24NAVPD\",\"24NAVPEU\",\"24NAVPTD\"]', '2', '1', '1', '222', 50, '2019-05-15 15:23:21', '2019-05-15 15:23:21'),
(44, 118, 'Deneme', 0, 1, 0, NULL, 0, 0, '111111', 2147483647, 2, NULL, 0, NULL, '2', '1', '[\"DSLHW1\",\"VVLINTMRK\",\"MOBTVPROM\",\"PROM10RA2\",\"PROMSFS05\"]', '[\"24NAVPD\",\"24NAVPEU\",\"24NAVPTD\"]', '2', '1', '1', '222', 50, '2019-05-15 15:26:19', '2019-05-15 15:26:19'),
(45, 119, 'Deneme', 0, 1, 1, 1234, 0, 0, '12', 2147483647, 2, NULL, 1, NULL, '2', '2', '[\"DSLHW1\"]', '[\"24NAVPD\"]', '1', '1', '1', NULL, NULL, '2019-05-16 09:15:48', '2019-05-16 09:15:48'),
(46, 120, 'Deneme', 0, 1, 1, 1234, 0, 0, '12', 2147483647, 2, NULL, 1, NULL, '2', '2', '[\"DSLHW1\"]', '[\"24NAVPD\"]', '1', '1', '1', NULL, NULL, '2019-05-16 09:17:31', '2019-05-16 09:17:31'),
(47, 122, 'Deneme', 0, 1, 1, 1234, 0, 0, '12', 2147483647, 2, NULL, 1, NULL, '2', '2', '[\"DSLHW1\"]', '[\"24NAVPD\"]', '1', '1', '1', NULL, NULL, '2019-05-16 09:23:43', '2019-05-16 09:23:43'),
(48, 123, 'Deneme', 0, 1, 1, 1234, 0, 0, '12', 2147483647, 2, NULL, 1, NULL, '2', '2', '[\"DSLHW1\"]', '[\"24NAVPD\"]', '1', '1', '1', NULL, NULL, '2019-05-16 09:31:07', '2019-05-16 09:31:07'),
(49, 125, 'Deneme', 0, 0, 0, NULL, 0, 0, '234', 2147483647, 2, NULL, 0, NULL, '1', '1', '[\"DSLHW1\"]', '[\"24NAVPD\"]', '1', '1', '1', NULL, NULL, '2019-05-22 13:35:26', '2019-05-22 13:35:26'),
(50, 126, 'Deneme', 0, 0, 0, NULL, 0, 0, '234', 2147483647, 2, NULL, 0, NULL, '1', '1', '[\"DSLHW1\"]', '[\"24NAVPD\"]', '1', '1', '1', NULL, NULL, '2019-05-22 13:38:28', '2019-05-22 13:38:28'),
(51, 127, 'Deneme', 0, 0, 0, NULL, 0, 0, '234', 2147483647, 2, NULL, 0, NULL, '1', '1', '[\"DSLHW1\"]', '[\"24NAVPD\"]', '1', '1', '1', NULL, NULL, '2019-05-22 13:42:03', '2019-05-22 13:42:03'),
(52, 129, 'Deneme', 0, 0, 0, NULL, 0, 0, '234', 2147483647, 2, NULL, 0, NULL, '1', '1', '[\"DSLHW1\"]', '[\"24NAVPD\"]', '1', '1', '1', NULL, NULL, '2019-05-22 14:05:50', '2019-05-22 14:05:50'),
(53, 129, 'Deneme', 0, 0, 0, NULL, 0, 0, '11111111111', 123, 2, NULL, 0, NULL, '1', '1', '[\"DSLHW1\",\"VVLINTMRK\",\"MOBTVPROM\",\"PROM10RA2\",\"PROMSFS05\"]', '[\"24NAVPD\",\"24NAVPEU\",\"24NAVPTD\"]', '1', '1', '1', NULL, NULL, '2019-05-23 07:15:07', '2019-05-23 07:15:07'),
(54, 130, 'Deneme', 0, 0, 0, NULL, 0, 0, NULL, NULL, 2, NULL, 0, NULL, '1', '1', '[\"DSLHW1\"]', '[\"24NAVPD\"]', '1', '1', '1', NULL, NULL, '2019-05-23 07:15:56', '2019-05-23 07:15:56'),
(55, 131, 'Deneme', 0, 0, 0, NULL, 0, 0, NULL, NULL, 2, NULL, 0, NULL, '1', '1', '[\"DSLHW1\"]', '[\"24NAVPD\"]', '1', '1', '1', NULL, NULL, '2019-05-23 07:29:36', '2019-05-23 07:29:36'),
(56, 132, 'Deneme', 0, 0, 0, NULL, 0, 0, NULL, NULL, 2, NULL, 0, NULL, '1', '1', '[\"DSLHW1\"]', '[\"24NAVPD\"]', '1', '1', '1', NULL, NULL, '2019-05-23 07:32:30', '2019-05-23 07:32:30'),
(57, 133, 'Deneme', 0, 0, 0, NULL, 0, 0, NULL, NULL, 2, NULL, 0, NULL, '1', '1', '[\"DSLHW1\"]', '[\"24NAVPD\"]', '1', '1', '1', NULL, NULL, '2019-05-23 07:33:39', '2019-05-23 07:33:39'),
(58, 134, 'Deneme', 0, 0, 0, NULL, 0, 0, NULL, NULL, 2, NULL, 0, NULL, '1', '1', '[\"DSLHW1\"]', '[\"24NAVPD\"]', '1', '1', '1', NULL, NULL, '2019-05-23 07:36:32', '2019-05-23 07:36:32'),
(59, 135, 'Deneme', 0, 0, 0, NULL, 0, 0, NULL, NULL, 2, NULL, 0, NULL, '1', '1', '[\"DSLHW1\"]', '[\"24NAVPD\"]', '1', '1', '1', NULL, NULL, '2019-05-23 07:40:30', '2019-05-23 07:40:30'),
(60, 136, 'Deneme', 0, 0, 0, NULL, 0, 0, NULL, NULL, 2, NULL, 0, NULL, '1', '1', '[\"DSLHW1\"]', '[\"24NAVPD\"]', '1', '1', '1', NULL, NULL, '2019-05-23 08:09:41', '2019-05-23 08:09:41'),
(66, 130, 'Deneme', 0, 1, 1, 22299, 0, 0, '22222222', 4, 4, '2019-07-02', 0, NULL, 'Uebersicht Mini', 'vollstaendig', '[\"PROM10RA1\"]', '[\"24NAVPD\"]', 'MAILBOX', 'KEINE', 'NRDEFJA', NULL, NULL, '2019-07-01 12:05:44', '2019-07-01 12:05:44'),
(67, 131, 'Deneme', 0, 1, 1, 22299, 0, 1, '1111111111', 111, 2, '2019-07-01', 0, NULL, 'Uebersicht', 'verkuerzt', '[\"DSLHW1\",\"VVLINTMRK\",\"PROM10RA1\"]', '[\"24NAVPD\",\"24NAVPTEU\"]', 'MAILBOXP', 'SO_SO', 'NRDEFNEIN', NULL, NULL, '2019-07-01 12:21:30', '2019-07-01 12:21:30'),
(68, 131, 'Deneme', 0, 1, 1, 22299, 0, 0, '22222222', 4, 4, '2019-07-02', 0, NULL, 'Uebersicht Mini', 'vollstaendig', '[\"PROM10RA1\"]', '[\"24NAVPD\"]', 'MAILBOX', 'KEINE', 'NRDEFJA', NULL, NULL, '2019-07-01 12:21:30', '2019-07-01 12:21:30'),
(69, 132, 'Deneme', 0, 1, 0, NULL, 0, 0, '1111111111', 111, 2, '2019-07-01', 0, NULL, 'Uebersicht', 'verkuerzt', '[\"DSLHW1\",\"VVLINTMRK\",\"PROM10RA1\"]', '[\"24NAVPD\",\"24NAVPTEU\"]', 'MAILBOXP', 'SO_SO', 'NRDEFNEIN', NULL, NULL, '2019-07-01 12:43:04', '2019-07-01 12:43:04'),
(70, 132, 'Deneme', 0, 1, 0, NULL, 0, 1, '22222222', 4, 4, '2019-07-02', 0, NULL, 'Uebersicht Mini', 'vollstaendig', '[\"PROM10RA1\"]', '[\"24NAVPD\"]', 'MAILBOX', 'KEINE', 'NRDEFJA', NULL, NULL, '2019-07-01 12:43:04', '2019-07-01 12:43:04'),
(71, 133, 'Deneme', 0, 1, 0, NULL, 0, 0, '99999', 9999, 2, '2019-07-07', 0, NULL, 'Uebersicht', 'verkuerzt', '[\"DSLHW1\",\"VVLINTMRK\",\"PROMO006\"]', '[\"24NAVPD\",\"24NAVPTEU\"]', 'MAILBOX', 'KEINE', 'NRDEFJA', NULL, NULL, '2019-07-01 13:16:14', '2019-07-01 13:16:14'),
(72, 133, 'Deneme', 0, 1, 0, NULL, 0, 1, NULL, 2147483647, 3, '2019-07-09', 0, NULL, 'Uebersicht', 'vollstaendig', '[\"BEWPLURL1\"]', '[\"24NAVPD\",\"24NAVPEU\",\"24NAVPTD\",\"24NAVPTEU\"]', 'MAILBOX', 'SO_SO', 'NRDEFNEIN', NULL, NULL, '2019-07-01 13:16:14', '2019-07-01 13:16:14'),
(73, 134, 'Deneme', 0, 0, 0, NULL, 0, 0, '55555', 4, 2, '2019-07-02', 0, NULL, 'Uebersicht Mini', 'vollstaendig', '[\"AROAM\",\"BEWPLURL1\",\"DSLHW1\",\"DSLHW2\",\"GPRS_BB\",\"GPRS_BPRO\",\"MOBTV\"]', '[\"24NAVPD\",\"24NAVPEU\",\"24NAVPTD\",\"24NAVPTEU\"]', 'MAILBOX', 'KEINE', 'NRDEFJA', NULL, NULL, '2019-07-02 12:41:02', '2019-07-02 12:41:02'),
(74, 134, 'Deneme', 0, 0, 0, NULL, 0, 1, '7777777', NULL, 3, '2019-07-02', 0, NULL, 'keine', 'verkuerzt', '[\"AROAM\",\"BEWPLURL1\",\"DSLHW1\"]', '[\"24NAVPD\",\"24NAVPEU\",\"24NAVPTD\"]', 'MAILBOXP', 'SO_SO', 'NRDEFNEIN', NULL, NULL, '2019-07-02 12:41:02', '2019-07-02 12:41:02'),
(75, 135, 'Deneme', 0, 1, 1, 33333, 0, 0, '1111', 11111, 2, '2019-07-07', 0, NULL, 'Uebersicht Mini', 'vollstaendig', '[\"DSLHW1\"]', '[\"24NAVPD\",\"24NAVPTD\",\"24NAVPTEU\"]', 'MAILBOX', 'KEINE', 'NRDEFJA', NULL, NULL, '2019-07-03 07:09:40', '2019-07-03 07:09:40'),
(76, 135, 'Deneme', 0, 1, 1, 33333, 0, 1, '2222', 2147483647, 3, '2019-07-09', 0, NULL, 'Uebersicht', 'vollstaendig', '[\"AROAM\",\"VVLINTMRK\",\"PROMO007\"]', NULL, 'MAILBOX', 'KEINE', 'NRDEFJA', NULL, NULL, '2019-07-03 07:09:40', '2019-07-03 07:09:40'),
(77, 136, 'Deneme', 0, 1, 1, 122, 0, 0, '1111', 11111, 2, '2019-07-07', 0, NULL, 'Uebersicht Mini', 'vollstaendig', '[\"DSLHW1\"]', '[\"24NAVPD\",\"24NAVPTD\",\"24NAVPTEU\"]', 'MAILBOX', 'KEINE', 'NRDEFJA', NULL, NULL, '2019-07-03 07:21:55', '2019-07-03 07:21:55'),
(78, 136, 'Deneme', 0, 1, 1, 122, 0, 1, '223', 333, 3, '2019-07-07', 0, NULL, 'Uebersicht Mini', 'vollstaendig', '[\"AROAM\",\"VVLINTMRK\",\"PROMO007\"]', '[\"24NAVPD\"]', 'MAILBOX', 'KEINE', 'NRDEFJA', NULL, NULL, '2019-07-03 07:21:55', '2019-07-03 07:21:55'),
(79, 137, 'Deneme', 0, 0, 0, NULL, 0, 0, '111', NULL, 2, '2019-07-09', 0, NULL, 'Uebersicht Mini', 'vollstaendig', '[\"DSLHW1\"]', '[\"24NAVPD\"]', 'MAILBOX', 'KEINE', 'NRDEFJA', NULL, NULL, '2019-07-03 11:32:12', '2019-07-03 11:32:12'),
(80, 137, 'Deneme', 0, 0, 0, NULL, 0, 1, '222', 2147483647, 3, '2019-07-11', 0, NULL, 'Uebersicht Mini', 'vollstaendig', '[\"DSLHW2\"]', '[\"24NAVPTEU\"]', 'MAILBOX', 'KEINE', 'NRDEFJA', NULL, NULL, '2019-07-03 11:32:12', '2019-07-03 11:32:12'),
(81, 140, 'Deneme', 0, 0, 0, NULL, 0, 1, '33333333333333', 4, 29, '2019-10-24', 0, NULL, 'Uebersicht Mini', 'vollstaendig', '[\"01INTMIN6\"]', '[\"01LI\",\"24EMFL_HL\"]', 'MAILBOX', 'KEINE', 'NRDEFJA', NULL, NULL, '2019-10-07 14:12:58', '2019-10-07 14:12:58'),
(82, 143, 'Deneme', 0, 0, 0, NULL, 0, 1, '33333333333333', 4, 29, '2019-10-24', 0, NULL, 'Uebersicht Mini', 'vollstaendig', '[\"01INTMIN6\"]', '[\"01LI\",\"24EMFL_HL\"]', 'MAILBOX', 'KEINE', 'NRDEFJA', NULL, NULL, '2019-10-07 14:34:55', '2019-10-07 14:34:55'),
(83, 146, 'Deneme', 0, 0, 0, NULL, 0, 1, '33333333333333', 4, 29, '2019-10-24', 0, NULL, 'Uebersicht Mini', 'vollstaendig', '[\"01INTMIN6\"]', '[\"01LI\",\"24EMFL_HL\"]', 'MAILBOX', 'KEINE', 'NRDEFJA', NULL, NULL, '2019-10-07 14:37:11', '2019-10-07 14:37:11'),
(84, 148, 'Deneme', 0, 0, 0, NULL, 0, 1, '33333333333333', 4, 29, '2019-10-24', 0, NULL, 'Uebersicht Mini', 'vollstaendig', '[\"01INTMIN6\"]', '[\"01LI\",\"24EMFL_HL\"]', 'MAILBOX', 'KEINE', 'NRDEFJA', NULL, NULL, '2019-10-07 14:39:07', '2019-10-07 14:39:07'),
(85, 154, 'Deneme', 0, 0, 0, NULL, 0, 0, '11111111111111', 4, 5, '2019-10-16', 0, NULL, 'Uebersicht Mini', 'vollstaendig', '[\"GPRS_BPRO\"]', '[\"24NAVPD\"]', 'MAILBOX', 'KEINE', 'NRDEFJA', NULL, NULL, '2019-10-08 07:13:02', '2019-10-08 07:13:02'),
(86, 156, 'Deneme', 0, 0, 0, NULL, 0, 0, '22222222222222', 4, 9, '2019-10-16', 0, NULL, 'Uebersicht Mini', 'vollstaendig', NULL, NULL, 'MAILBOX', 'KEINE', 'NRDEFJA', NULL, NULL, '2019-10-09 07:08:23', '2019-10-09 07:08:23'),
(87, 156, 'Deneme', 0, 0, 0, NULL, 0, 1, '23333333333333', 4, 3, '2019-10-09', 0, NULL, 'Uebersicht', 'vollstaendig', '[\"DSLHW1\"]', '[\"24NAVPEU\"]', 'MAILBOX', 'KEINE', 'NRDEFJA', NULL, NULL, '2019-10-09 07:08:23', '2019-10-09 07:08:23'),
(88, 157, 'Deneme', 0, 0, 0, NULL, 0, 0, '22222222222222', 4, 9, '2019-10-16', 0, NULL, 'Uebersicht Mini', 'vollstaendig', NULL, NULL, 'MAILBOX', 'KEINE', 'NRDEFJA', NULL, NULL, '2019-10-09 07:13:08', '2019-10-09 07:13:08'),
(89, 157, 'Deneme', 0, 0, 0, NULL, 0, 1, '23333333333333', 4, 3, '2019-10-09', 0, NULL, 'Uebersicht', 'vollstaendig', '[\"DSLHW1\"]', '[\"24NAVPEU\"]', 'MAILBOX', 'KEINE', 'NRDEFJA', NULL, NULL, '2019-10-09 07:13:08', '2019-10-09 07:13:08'),
(90, 158, 'Deneme', 0, 0, 0, NULL, 0, 0, '22222222222222', 4, 9, '2019-10-16', 0, NULL, 'Uebersicht Mini', 'vollstaendig', NULL, NULL, 'MAILBOX', 'KEINE', 'NRDEFJA', NULL, NULL, '2019-10-09 07:21:55', '2019-10-09 07:21:55'),
(91, 158, 'Deneme', 0, 0, 0, NULL, 0, 1, '23333333333333', 4, 3, '2019-10-09', 0, NULL, 'Uebersicht', 'vollstaendig', '[\"DSLHW1\"]', '[\"24NAVPEU\"]', 'MAILBOX', 'KEINE', 'NRDEFJA', NULL, NULL, '2019-10-09 07:21:55', '2019-10-09 07:21:55'),
(92, 159, 'Deneme', 0, 0, 0, NULL, 0, 0, '22222222222222', 4, 9, '2019-10-16', 0, NULL, 'Uebersicht Mini', 'vollstaendig', NULL, NULL, 'MAILBOX', 'KEINE', 'NRDEFJA', NULL, NULL, '2019-10-09 07:27:35', '2019-10-09 07:27:35'),
(93, 159, 'Deneme', 0, 0, 0, NULL, 0, 1, '23333333333333', 4, 3, '2019-10-09', 0, NULL, 'Uebersicht', 'vollstaendig', '[\"DSLHW1\"]', '[\"24NAVPEU\"]', 'MAILBOX', 'KEINE', 'NRDEFJA', NULL, NULL, '2019-10-09 07:27:35', '2019-10-09 07:27:35'),
(94, 160, 'Deneme', 0, 0, 0, NULL, 0, 0, '22222222222222', 4, 9, '2019-10-16', 0, NULL, 'Uebersicht Mini', 'vollstaendig', NULL, NULL, 'MAILBOX', 'KEINE', 'NRDEFJA', NULL, NULL, '2019-10-09 07:34:54', '2019-10-09 07:34:54'),
(95, 160, 'Deneme', 0, 0, 0, NULL, 0, 1, '23333333333333', 4, 3, '2019-10-09', 0, NULL, 'Uebersicht', 'vollstaendig', '[\"DSLHW1\"]', '[\"24NAVPEU\"]', 'MAILBOX', 'KEINE', 'NRDEFJA', NULL, NULL, '2019-10-09 07:34:54', '2019-10-09 07:34:54'),
(96, 161, 'Deneme', 0, 0, 0, NULL, 0, 0, '33333333333333', 4, 11, '2019-10-09', 0, NULL, 'Uebersicht Mini', 'vollstaendig', NULL, '[\"24NAVPD\",\"24NAVPEU\",\"24NAVPTD\",\"24NAVPTEU\"]', 'MAILBOX', 'KEINE', 'NRDEFJA', NULL, NULL, '2019-10-09 07:38:45', '2019-10-09 07:38:45'),
(97, 161, 'Deneme', 0, 0, 0, NULL, 0, 1, '33333333333330', 4, 13, '2019-10-09', 0, NULL, 'Uebersicht Mini', 'vollstaendig', '[\"GPRS_BPRO\"]', '[\"24NAVPTD\"]', 'MAILBOX', 'KEINE', 'NRDEFJA', NULL, NULL, '2019-10-09 07:38:45', '2019-10-09 07:38:45'),
(98, 162, 'Deneme', 0, 0, 0, NULL, 0, 0, '22222222222222', 4, 11, '2019-10-09', 0, NULL, 'Uebersicht Mini', 'vollstaendig', NULL, '[\"24NAVPD\",\"24NAVPEU\"]', 'MAILBOX', 'KEINE', 'NRDEFJA', NULL, NULL, '2019-10-09 07:41:24', '2019-10-09 07:41:24'),
(99, 163, 'Deneme', 0, 0, 0, NULL, 0, 1, '23333333333333', 4, 3, '2019-10-09', 0, NULL, 'Uebersicht', 'vollstaendig', '[\"DSLHW1\"]', '[\"24NAVPEU\"]', 'MAILBOX', 'KEINE', 'NRDEFJA', NULL, NULL, '2019-10-09 07:48:22', '2019-10-09 07:48:22'),
(100, 164, 'Deneme', 0, 0, 0, NULL, 0, 0, '33333333333333', 4, 3, '2019-10-09', 0, NULL, 'Uebersicht Mini', 'vollstaendig', '[\"AROAM\"]', '[\"24NAVPD\"]', 'MAILBOX', 'KEINE', 'NRDEFJA', NULL, NULL, '2019-10-09 07:50:11', '2019-10-09 07:50:11'),
(101, 165, 'Deneme', 0, 0, 0, NULL, 0, 0, '33333333333333', 4, 1, '2019-10-09', 0, NULL, 'Uebersicht Mini', 'vollstaendig', '[\"DSLHW1\"]', '[\"24NAVPD\",\"24NAVPEU\"]', 'MAILBOX', 'KEINE', 'NRDEFJA', NULL, NULL, '2019-10-09 08:10:06', '2019-10-09 08:10:06'),
(102, 165, 'Deneme', 0, 0, 0, NULL, 0, 1, '11111111111111', 4, 2, '2019-10-10', 0, NULL, 'Uebersicht Mini', 'vollstaendig', '[\"VVLINTMRK\",\"PROM10RA2\",\"PROMO029\"]', '[\"24NAVPD\",\"24NAVPTD\",\"24NAVPTEU\"]', 'MAILBOX', 'KEINE', 'NRDEFJA', NULL, NULL, '2019-10-09 08:10:06', '2019-10-09 08:10:06'),
(103, 166, 'Deneme', 0, 0, 0, NULL, 0, 0, '11111111111111', 4, 2, '2019-10-17', 0, NULL, 'Uebersicht Mini', 'vollstaendig', '[\"VVLINTMRK\",\"PROMO029\"]', '[\"24NAVPD\",\"24NAVPTD\",\"24NAVPTEU\"]', 'MAILBOX', 'KEINE', 'NRDEFJA', NULL, NULL, '2019-10-16 08:09:09', '2019-10-16 08:09:09'),
(104, 167, 'Deneme', 0, 0, 0, NULL, 0, 0, '33333333333333', 4, 2, NULL, 0, NULL, 'Uebersicht Mini', 'vollstaendig', '[\"VVLINTMRK\",\"PROMO029\"]', '[\"24NAVPD\",\"24NAVPTD\",\"24NAVPTEU\"]', 'MAILBOX', 'KEINE', 'NRDEFJA', NULL, NULL, '2019-10-17 06:18:38', '2019-10-17 06:18:38'),
(105, 169, 'Deneme', 0, 0, 0, NULL, 0, 0, '33333333333333', 4, 2, '2019-10-18', 0, NULL, 'Uebersicht Mini', 'vollstaendig', '[\"VVLINTMRK\",\"PROMO029\"]', '[\"24NAVPD\",\"24NAVPTD\",\"24NAVPTEU\"]', 'MAILBOX', 'KEINE', 'NRDEFJA', NULL, NULL, '2019-10-17 17:35:39', '2019-10-17 17:35:39');

-- --------------------------------------------------------

--
-- Table structure for table `vf_gsm_fni_portings`
--

CREATE TABLE `vf_gsm_fni_portings` (
  `id` int(10) UNSIGNED NOT NULL,
  `VF_gsm_id` int(11) NOT NULL,
  `provider_id` int(11) NOT NULL,
  `porting_date` date NOT NULL,
  `analogue_conn_number` int(11) NOT NULL,
  `digital_conn_number` int(11) NOT NULL,
  `name_1` varchar(191) COLLATE utf8mb4_unicode_ci NOT NULL,
  `surname_1` varchar(191) COLLATE utf8mb4_unicode_ci NOT NULL,
  `name_2` varchar(191) COLLATE utf8mb4_unicode_ci NOT NULL,
  `surname_2` varchar(191) COLLATE utf8mb4_unicode_ci NOT NULL,
  `name_3` varchar(191) COLLATE utf8mb4_unicode_ci NOT NULL,
  `surname_3` varchar(191) COLLATE utf8mb4_unicode_ci NOT NULL,
  `name_4` varchar(191) COLLATE utf8mb4_unicode_ci NOT NULL,
  `surname_4` varchar(191) COLLATE utf8mb4_unicode_ci NOT NULL,
  `same_contact_address` tinyint(1) NOT NULL,
  `area_code` int(11) NOT NULL,
  `main_phone_number` varchar(191) COLLATE utf8mb4_unicode_ci NOT NULL,
  `next_number_1` varchar(191) COLLATE utf8mb4_unicode_ci NOT NULL,
  `next_number_2` varchar(191) COLLATE utf8mb4_unicode_ci NOT NULL,
  `next_number_3` varchar(191) COLLATE utf8mb4_unicode_ci NOT NULL,
  `next_number_4` varchar(191) COLLATE utf8mb4_unicode_ci NOT NULL,
  `next_number_5` varchar(191) COLLATE utf8mb4_unicode_ci NOT NULL,
  `next_number_6` varchar(191) COLLATE utf8mb4_unicode_ci NOT NULL,
  `next_number_7` varchar(191) COLLATE utf8mb4_unicode_ci NOT NULL,
  `next_number_8` varchar(191) COLLATE utf8mb4_unicode_ci NOT NULL,
  `next_number_9` varchar(191) COLLATE utf8mb4_unicode_ci NOT NULL,
  `porting_all_numbers` tinyint(1) NOT NULL,
  `created_at` timestamp NULL DEFAULT NULL,
  `updated_at` timestamp NULL DEFAULT NULL
) ENGINE=InnoDB DEFAULT CHARSET=utf8mb4 COLLATE=utf8mb4_unicode_ci;

-- --------------------------------------------------------

--
-- Table structure for table `vf_portings`
--

CREATE TABLE `vf_portings` (
  `id` int(10) UNSIGNED NOT NULL,
  `contract_id` int(11) NOT NULL,
  `phone_number_NDC` int(11) NOT NULL,
  `phone_number_MSISDN` int(11) NOT NULL,
  `subsequent_porting_type` smallint(6) NOT NULL,
  `entry_date` date NOT NULL,
  `previous_provider_name` varchar(191) COLLATE utf8mb4_unicode_ci NOT NULL,
  `previous_provider_contract_end_date` date NOT NULL,
  `previous_provider_termination_date` date NOT NULL,
  `previous_provider_customer_name` varchar(191) COLLATE utf8mb4_unicode_ci NOT NULL,
  `previous_provider_customer_surname` varchar(191) COLLATE utf8mb4_unicode_ci NOT NULL,
  `previous_provider_customer_birth_date` date NOT NULL,
  `previous_provider_company_name` varchar(191) COLLATE utf8mb4_unicode_ci NOT NULL,
  `desired_card_type` smallint(6) NOT NULL,
  `same_contact_address` tinyint(1) NOT NULL,
  `tariff_id` int(11) NOT NULL,
  `connection_overview` smallint(6) NOT NULL,
  `represent_destination_number` smallint(6) NOT NULL,
  `objection` smallint(6) NOT NULL,
  `additional_contract` tinyint(1) NOT NULL,
  `customer_number` int(11) NOT NULL,
  `password` varchar(191) COLLATE utf8mb4_unicode_ci NOT NULL,
  `supplementary_services` varchar(191) COLLATE utf8mb4_unicode_ci NOT NULL,
  `data _services` varchar(191) COLLATE utf8mb4_unicode_ci NOT NULL,
  `mailbox` smallint(6) NOT NULL,
  `call_barring` smallint(6) NOT NULL,
  `show_phone_numbers` tinyint(1) NOT NULL,
  `porting_with_hardware` tinyint(1) NOT NULL,
  `created_at` timestamp NULL DEFAULT NULL,
  `updated_at` timestamp NULL DEFAULT NULL
) ENGINE=InnoDB DEFAULT CHARSET=utf8mb4 COLLATE=utf8mb4_unicode_ci;

-- --------------------------------------------------------

--
-- Table structure for table `vodafone_tariffs`
--

CREATE TABLE `vodafone_tariffs` (
  `id` int(10) UNSIGNED NOT NULL,
  `tariff_id` smallint(6) NOT NULL,
  `created_at` timestamp NULL DEFAULT NULL,
  `updated_at` timestamp NULL DEFAULT NULL
) ENGINE=InnoDB DEFAULT CHARSET=utf8mb4 COLLATE=utf8mb4_unicode_ci;

--
-- Dumping data for table `vodafone_tariffs`
--

INSERT INTO `vodafone_tariffs` (`id`, `tariff_id`, `created_at`, `updated_at`) VALUES
(1, 1, '2019-02-18 13:52:32', '2019-02-18 13:52:32'),
(2, 2, '2019-02-19 09:35:16', '2019-02-19 09:35:16'),
(3, 3, '2019-02-19 12:24:53', '2019-02-19 12:24:53'),
(4, 4, '2019-02-19 12:27:11', '2019-02-19 12:27:11'),
(5, 5, '2019-02-19 12:41:08', '2019-02-19 12:41:08'),
(6, 6, '2019-02-19 12:44:55', '2019-02-19 12:44:55'),
(7, 7, '2019-02-19 12:51:36', '2019-02-19 12:51:36'),
(8, 8, '2019-02-19 12:52:11', '2019-02-19 12:52:11'),
(9, 9, '2019-02-20 08:47:59', '2019-02-20 08:47:59'),
(10, 10, '2019-02-20 08:53:55', '2019-02-20 08:53:55'),
(11, 11, '2019-02-20 08:57:26', '2019-02-20 08:57:26'),
(12, 12, '2019-02-20 09:12:43', '2019-02-20 09:12:43'),
(13, 13, '2019-02-20 09:14:58', '2019-02-20 09:14:58'),
(14, 14, '2019-02-20 09:17:16', '2019-02-20 09:17:16'),
(15, 15, '2019-02-20 09:21:05', '2019-02-20 09:21:05'),
(16, 16, '2019-02-20 09:23:46', '2019-02-20 09:23:46'),
(17, 17, '2019-02-20 09:25:22', '2019-02-20 09:25:22'),
(18, 18, '2019-02-20 09:26:26', '2019-02-20 09:26:26'),
(140, 28, '2019-09-30 12:27:58', '2019-09-30 12:27:58'),
(141, 29, '2019-09-30 12:39:51', '2019-09-30 12:39:51');

--
-- Indexes for dumped tables
--

--
-- Indexes for table `addresses`
--
ALTER TABLE `addresses`
  ADD PRIMARY KEY (`id`);

--
-- Indexes for table `bank_accounts`
--
ALTER TABLE `bank_accounts`
  ADD PRIMARY KEY (`id`);

--
-- Indexes for table `contracts`
--
ALTER TABLE `contracts`
  ADD PRIMARY KEY (`id`);

--
-- Indexes for table `contract_related_addresses`
--
ALTER TABLE `contract_related_addresses`
  ADD PRIMARY KEY (`id`);

--
-- Indexes for table `customers`
--
ALTER TABLE `customers`
  ADD PRIMARY KEY (`id`);

--
-- Indexes for table `customer_contacts`
--
ALTER TABLE `customer_contacts`
  ADD PRIMARY KEY (`id`);

--
-- Indexes for table `customer_invoice_addresses`
--
ALTER TABLE `customer_invoice_addresses`
  ADD PRIMARY KEY (`id`);

--
-- Indexes for table `customer_payment_tools`
--
ALTER TABLE `customer_payment_tools`
  ADD PRIMARY KEY (`id`);

--
-- Indexes for table `dealers`
--
ALTER TABLE `dealers`
  ADD PRIMARY KEY (`id`);

--
-- Indexes for table `dealers_member_codes`
--
ALTER TABLE `dealers_member_codes`
  ADD PRIMARY KEY (`id`);

--
-- Indexes for table `dealer_region_vbs`
--
ALTER TABLE `dealer_region_vbs`
  ADD PRIMARY KEY (`id`);

--
-- Indexes for table `imeis`
--
ALTER TABLE `imeis`
  ADD PRIMARY KEY (`id`);

--
-- Indexes for table `imei_on_demands`
--
ALTER TABLE `imei_on_demands`
  ADD PRIMARY KEY (`id`);

--
-- Indexes for table `imei_pools`
--
ALTER TABLE `imei_pools`
  ADD PRIMARY KEY (`id`);

--
-- Indexes for table `law_texts`
--
ALTER TABLE `law_texts`
  ADD PRIMARY KEY (`id`);

--
-- Indexes for table `law_text_vodafone_tariff`
--
ALTER TABLE `law_text_vodafone_tariff`
  ADD PRIMARY KEY (`id`);

--
-- Indexes for table `migrations`
--
ALTER TABLE `migrations`
  ADD PRIMARY KEY (`id`);

--
-- Indexes for table `networks`
--
ALTER TABLE `networks`
  ADD PRIMARY KEY (`id`);

--
-- Indexes for table `offices`
--
ALTER TABLE `offices`
  ADD PRIMARY KEY (`id`);

--
-- Indexes for table `ontop`
--
ALTER TABLE `ontop`
  ADD PRIMARY KEY (`id`);

--
-- Indexes for table `outputs`
--
ALTER TABLE `outputs`
  ADD PRIMARY KEY (`id`);

--
-- Indexes for table `password_resets`
--
ALTER TABLE `password_resets`
  ADD KEY `password_resets_email_index` (`email`);

--
-- Indexes for table `plausibilities`
--
ALTER TABLE `plausibilities`
  ADD PRIMARY KEY (`id`);

--
-- Indexes for table `postcodes`
--
ALTER TABLE `postcodes`
  ADD PRIMARY KEY (`id`);

--
-- Indexes for table `postcode_region_vbs`
--
ALTER TABLE `postcode_region_vbs`
  ADD PRIMARY KEY (`id`);

--
-- Indexes for table `properties`
--
ALTER TABLE `properties`
  ADD PRIMARY KEY (`id`);

--
-- Indexes for table `property_tariff`
--
ALTER TABLE `property_tariff`
  ADD PRIMARY KEY (`id`);

--
-- Indexes for table `providers`
--
ALTER TABLE `providers`
  ADD PRIMARY KEY (`id`);

--
-- Indexes for table `regions`
--
ALTER TABLE `regions`
  ADD PRIMARY KEY (`id`);

--
-- Indexes for table `registries`
--
ALTER TABLE `registries`
  ADD PRIMARY KEY (`id`);

--
-- Indexes for table `representatives`
--
ALTER TABLE `representatives`
  ADD PRIMARY KEY (`id`);

--
-- Indexes for table `roles`
--
ALTER TABLE `roles`
  ADD PRIMARY KEY (`id`);

--
-- Indexes for table `roles_authorizations`
--
ALTER TABLE `roles_authorizations`
  ADD PRIMARY KEY (`id`);

--
-- Indexes for table `services`
--
ALTER TABLE `services`
  ADD PRIMARY KEY (`id`);

--
-- Indexes for table `service_vodafonetariff`
--
ALTER TABLE `service_vodafonetariff`
  ADD PRIMARY KEY (`id`);

--
-- Indexes for table `service_vodafone_tariff`
--
ALTER TABLE `service_vodafone_tariff`
  ADD PRIMARY KEY (`id`);

--
-- Indexes for table `shopping_carts`
--
ALTER TABLE `shopping_carts`
  ADD PRIMARY KEY (`id`);

--
-- Indexes for table `system_features`
--
ALTER TABLE `system_features`
  ADD PRIMARY KEY (`id`);

--
-- Indexes for table `system_variables`
--
ALTER TABLE `system_variables`
  ADD PRIMARY KEY (`id`);

--
-- Indexes for table `tariffs`
--
ALTER TABLE `tariffs`
  ADD PRIMARY KEY (`id`);

--
-- Indexes for table `tariffs_groups`
--
ALTER TABLE `tariffs_groups`
  ADD PRIMARY KEY (`id`);

--
-- Indexes for table `tariffs_highlights`
--
ALTER TABLE `tariffs_highlights`
  ADD PRIMARY KEY (`id`);

--
-- Indexes for table `tariffs_limits`
--
ALTER TABLE `tariffs_limits`
  ADD PRIMARY KEY (`id`);

--
-- Indexes for table `tariffs_provisions`
--
ALTER TABLE `tariffs_provisions`
  ADD PRIMARY KEY (`id`);

--
-- Indexes for table `tariff_property`
--
ALTER TABLE `tariff_property`
  ADD PRIMARY KEY (`id`);

--
-- Indexes for table `tariff_region`
--
ALTER TABLE `tariff_region`
  ADD PRIMARY KEY (`id`);

--
-- Indexes for table `users`
--
ALTER TABLE `users`
  ADD PRIMARY KEY (`id`),
  ADD UNIQUE KEY `users_email_unique` (`email`);

--
-- Indexes for table `users_authorizations`
--
ALTER TABLE `users_authorizations`
  ADD PRIMARY KEY (`id`);

--
-- Indexes for table `vf_credit_activations`
--
ALTER TABLE `vf_credit_activations`
  ADD PRIMARY KEY (`id`);

--
-- Indexes for table `vf_dc_changes`
--
ALTER TABLE `vf_dc_changes`
  ADD PRIMARY KEY (`id`);

--
-- Indexes for table `vf_dsls`
--
ALTER TABLE `vf_dsls`
  ADD PRIMARY KEY (`id`);

--
-- Indexes for table `vf_gsms`
--
ALTER TABLE `vf_gsms`
  ADD PRIMARY KEY (`id`);

--
-- Indexes for table `vf_gsm_fni_portings`
--
ALTER TABLE `vf_gsm_fni_portings`
  ADD PRIMARY KEY (`id`);

--
-- Indexes for table `vf_portings`
--
ALTER TABLE `vf_portings`
  ADD PRIMARY KEY (`id`);

--
-- Indexes for table `vodafone_tariffs`
--
ALTER TABLE `vodafone_tariffs`
  ADD PRIMARY KEY (`id`);

--
-- AUTO_INCREMENT for dumped tables
--

--
-- AUTO_INCREMENT for table `addresses`
--
ALTER TABLE `addresses`
  MODIFY `id` int(10) UNSIGNED NOT NULL AUTO_INCREMENT, AUTO_INCREMENT=100;

--
-- AUTO_INCREMENT for table `bank_accounts`
--
ALTER TABLE `bank_accounts`
  MODIFY `id` int(10) UNSIGNED NOT NULL AUTO_INCREMENT, AUTO_INCREMENT=35;

--
-- AUTO_INCREMENT for table `contracts`
--
ALTER TABLE `contracts`
  MODIFY `id` int(10) UNSIGNED NOT NULL AUTO_INCREMENT, AUTO_INCREMENT=170;

--
-- AUTO_INCREMENT for table `contract_related_addresses`
--
ALTER TABLE `contract_related_addresses`
  MODIFY `id` int(10) UNSIGNED NOT NULL AUTO_INCREMENT;

--
-- AUTO_INCREMENT for table `customers`
--
ALTER TABLE `customers`
  MODIFY `id` int(10) UNSIGNED NOT NULL AUTO_INCREMENT, AUTO_INCREMENT=241;

--
-- AUTO_INCREMENT for table `customer_contacts`
--
ALTER TABLE `customer_contacts`
  MODIFY `id` int(10) UNSIGNED NOT NULL AUTO_INCREMENT, AUTO_INCREMENT=194;

--
-- AUTO_INCREMENT for table `customer_invoice_addresses`
--
ALTER TABLE `customer_invoice_addresses`
  MODIFY `id` int(10) UNSIGNED NOT NULL AUTO_INCREMENT, AUTO_INCREMENT=57;

--
-- AUTO_INCREMENT for table `customer_payment_tools`
--
ALTER TABLE `customer_payment_tools`
  MODIFY `id` int(10) UNSIGNED NOT NULL AUTO_INCREMENT, AUTO_INCREMENT=185;

--
-- AUTO_INCREMENT for table `dealers`
--
ALTER TABLE `dealers`
  MODIFY `id` int(10) UNSIGNED NOT NULL AUTO_INCREMENT, AUTO_INCREMENT=76;

--
-- AUTO_INCREMENT for table `dealers_member_codes`
--
ALTER TABLE `dealers_member_codes`
  MODIFY `id` int(10) UNSIGNED NOT NULL AUTO_INCREMENT, AUTO_INCREMENT=68;

--
-- AUTO_INCREMENT for table `dealer_region_vbs`
--
ALTER TABLE `dealer_region_vbs`
  MODIFY `id` int(10) UNSIGNED NOT NULL AUTO_INCREMENT, AUTO_INCREMENT=15;

--
-- AUTO_INCREMENT for table `imeis`
--
ALTER TABLE `imeis`
  MODIFY `id` int(10) UNSIGNED NOT NULL AUTO_INCREMENT, AUTO_INCREMENT=101;

--
-- AUTO_INCREMENT for table `imei_on_demands`
--
ALTER TABLE `imei_on_demands`
  MODIFY `id` int(10) UNSIGNED NOT NULL AUTO_INCREMENT, AUTO_INCREMENT=101;

--
-- AUTO_INCREMENT for table `imei_pools`
--
ALTER TABLE `imei_pools`
  MODIFY `id` int(10) UNSIGNED NOT NULL AUTO_INCREMENT, AUTO_INCREMENT=101;

--
-- AUTO_INCREMENT for table `law_texts`
--
ALTER TABLE `law_texts`
  MODIFY `id` int(10) UNSIGNED NOT NULL AUTO_INCREMENT, AUTO_INCREMENT=54;

--
-- AUTO_INCREMENT for table `law_text_vodafone_tariff`
--
ALTER TABLE `law_text_vodafone_tariff`
  MODIFY `id` int(10) UNSIGNED NOT NULL AUTO_INCREMENT, AUTO_INCREMENT=65;

--
-- AUTO_INCREMENT for table `migrations`
--
ALTER TABLE `migrations`
  MODIFY `id` int(10) UNSIGNED NOT NULL AUTO_INCREMENT, AUTO_INCREMENT=75;

--
-- AUTO_INCREMENT for table `networks`
--
ALTER TABLE `networks`
  MODIFY `id` int(10) UNSIGNED NOT NULL AUTO_INCREMENT, AUTO_INCREMENT=6;

--
-- AUTO_INCREMENT for table `offices`
--
ALTER TABLE `offices`
  MODIFY `id` int(10) UNSIGNED NOT NULL AUTO_INCREMENT, AUTO_INCREMENT=53;

--
-- AUTO_INCREMENT for table `ontop`
--
ALTER TABLE `ontop`
  MODIFY `id` int(10) UNSIGNED NOT NULL AUTO_INCREMENT, AUTO_INCREMENT=2331;

--
-- AUTO_INCREMENT for table `outputs`
--
ALTER TABLE `outputs`
  MODIFY `id` int(10) UNSIGNED NOT NULL AUTO_INCREMENT, AUTO_INCREMENT=3058;

--
-- AUTO_INCREMENT for table `plausibilities`
--
ALTER TABLE `plausibilities`
  MODIFY `id` int(10) UNSIGNED NOT NULL AUTO_INCREMENT, AUTO_INCREMENT=140;

--
-- AUTO_INCREMENT for table `postcodes`
--
ALTER TABLE `postcodes`
  MODIFY `id` int(10) UNSIGNED NOT NULL AUTO_INCREMENT;

--
-- AUTO_INCREMENT for table `postcode_region_vbs`
--
ALTER TABLE `postcode_region_vbs`
  MODIFY `id` int(10) UNSIGNED NOT NULL AUTO_INCREMENT, AUTO_INCREMENT=26;

--
-- AUTO_INCREMENT for table `properties`
--
ALTER TABLE `properties`
  MODIFY `id` int(10) UNSIGNED NOT NULL AUTO_INCREMENT, AUTO_INCREMENT=8;

--
-- AUTO_INCREMENT for table `property_tariff`
--
ALTER TABLE `property_tariff`
  MODIFY `id` int(10) UNSIGNED NOT NULL AUTO_INCREMENT, AUTO_INCREMENT=441;

--
-- AUTO_INCREMENT for table `providers`
--
ALTER TABLE `providers`
  MODIFY `id` int(10) UNSIGNED NOT NULL AUTO_INCREMENT, AUTO_INCREMENT=4;

--
-- AUTO_INCREMENT for table `regions`
--
ALTER TABLE `regions`
  MODIFY `id` int(10) UNSIGNED NOT NULL AUTO_INCREMENT, AUTO_INCREMENT=10;

--
-- AUTO_INCREMENT for table `registries`
--
ALTER TABLE `registries`
  MODIFY `id` int(10) UNSIGNED NOT NULL AUTO_INCREMENT;

--
-- AUTO_INCREMENT for table `representatives`
--
ALTER TABLE `representatives`
  MODIFY `id` int(10) UNSIGNED NOT NULL AUTO_INCREMENT, AUTO_INCREMENT=67;

--
-- AUTO_INCREMENT for table `roles`
--
ALTER TABLE `roles`
  MODIFY `id` int(10) UNSIGNED NOT NULL AUTO_INCREMENT, AUTO_INCREMENT=7;

--
-- AUTO_INCREMENT for table `roles_authorizations`
--
ALTER TABLE `roles_authorizations`
  MODIFY `id` int(10) UNSIGNED NOT NULL AUTO_INCREMENT, AUTO_INCREMENT=11;

--
-- AUTO_INCREMENT for table `services`
--
ALTER TABLE `services`
  MODIFY `id` int(10) UNSIGNED NOT NULL AUTO_INCREMENT, AUTO_INCREMENT=326;

--
-- AUTO_INCREMENT for table `service_vodafonetariff`
--
ALTER TABLE `service_vodafonetariff`
  MODIFY `id` int(10) UNSIGNED NOT NULL AUTO_INCREMENT, AUTO_INCREMENT=4541;

--
-- AUTO_INCREMENT for table `service_vodafone_tariff`
--
ALTER TABLE `service_vodafone_tariff`
  MODIFY `id` int(10) UNSIGNED NOT NULL AUTO_INCREMENT;

--
-- AUTO_INCREMENT for table `shopping_carts`
--
ALTER TABLE `shopping_carts`
  MODIFY `id` int(10) UNSIGNED NOT NULL AUTO_INCREMENT, AUTO_INCREMENT=265;

--
-- AUTO_INCREMENT for table `system_features`
--
ALTER TABLE `system_features`
  MODIFY `id` int(10) UNSIGNED NOT NULL AUTO_INCREMENT, AUTO_INCREMENT=16;

--
-- AUTO_INCREMENT for table `system_variables`
--
ALTER TABLE `system_variables`
  MODIFY `id` int(10) UNSIGNED NOT NULL AUTO_INCREMENT, AUTO_INCREMENT=5;

--
-- AUTO_INCREMENT for table `tariffs`
--
ALTER TABLE `tariffs`
  MODIFY `id` int(10) UNSIGNED NOT NULL AUTO_INCREMENT, AUTO_INCREMENT=30;

--
-- AUTO_INCREMENT for table `tariffs_groups`
--
ALTER TABLE `tariffs_groups`
  MODIFY `id` int(10) UNSIGNED NOT NULL AUTO_INCREMENT, AUTO_INCREMENT=15;

--
-- AUTO_INCREMENT for table `tariffs_highlights`
--
ALTER TABLE `tariffs_highlights`
  MODIFY `id` int(10) UNSIGNED NOT NULL AUTO_INCREMENT, AUTO_INCREMENT=158;

--
-- AUTO_INCREMENT for table `tariffs_limits`
--
ALTER TABLE `tariffs_limits`
  MODIFY `id` int(10) UNSIGNED NOT NULL AUTO_INCREMENT, AUTO_INCREMENT=10;

--
-- AUTO_INCREMENT for table `tariffs_provisions`
--
ALTER TABLE `tariffs_provisions`
  MODIFY `id` int(10) UNSIGNED NOT NULL AUTO_INCREMENT, AUTO_INCREMENT=249;

--
-- AUTO_INCREMENT for table `tariff_property`
--
ALTER TABLE `tariff_property`
  MODIFY `id` int(10) UNSIGNED NOT NULL AUTO_INCREMENT, AUTO_INCREMENT=10;

--
-- AUTO_INCREMENT for table `tariff_region`
--
ALTER TABLE `tariff_region`
  MODIFY `id` int(10) UNSIGNED NOT NULL AUTO_INCREMENT, AUTO_INCREMENT=689;

--
-- AUTO_INCREMENT for table `users`
--
ALTER TABLE `users`
  MODIFY `id` int(10) UNSIGNED NOT NULL AUTO_INCREMENT, AUTO_INCREMENT=90;

--
-- AUTO_INCREMENT for table `users_authorizations`
--
ALTER TABLE `users_authorizations`
  MODIFY `id` int(10) UNSIGNED NOT NULL AUTO_INCREMENT, AUTO_INCREMENT=30;

--
-- AUTO_INCREMENT for table `vf_credit_activations`
--
ALTER TABLE `vf_credit_activations`
  MODIFY `id` int(10) UNSIGNED NOT NULL AUTO_INCREMENT;

--
-- AUTO_INCREMENT for table `vf_dc_changes`
--
ALTER TABLE `vf_dc_changes`
  MODIFY `id` int(10) UNSIGNED NOT NULL AUTO_INCREMENT;

--
-- AUTO_INCREMENT for table `vf_dsls`
--
ALTER TABLE `vf_dsls`
  MODIFY `id` int(10) UNSIGNED NOT NULL AUTO_INCREMENT;

--
-- AUTO_INCREMENT for table `vf_gsms`
--
ALTER TABLE `vf_gsms`
  MODIFY `id` int(10) UNSIGNED NOT NULL AUTO_INCREMENT, AUTO_INCREMENT=106;

--
-- AUTO_INCREMENT for table `vf_gsm_fni_portings`
--
ALTER TABLE `vf_gsm_fni_portings`
  MODIFY `id` int(10) UNSIGNED NOT NULL AUTO_INCREMENT;

--
-- AUTO_INCREMENT for table `vf_portings`
--
ALTER TABLE `vf_portings`
  MODIFY `id` int(10) UNSIGNED NOT NULL AUTO_INCREMENT;

--
-- AUTO_INCREMENT for table `vodafone_tariffs`
--
ALTER TABLE `vodafone_tariffs`
  MODIFY `id` int(10) UNSIGNED NOT NULL AUTO_INCREMENT, AUTO_INCREMENT=142;
COMMIT;

/*!40101 SET CHARACTER_SET_CLIENT=@OLD_CHARACTER_SET_CLIENT */;
/*!40101 SET CHARACTER_SET_RESULTS=@OLD_CHARACTER_SET_RESULTS */;
/*!40101 SET COLLATION_CONNECTION=@OLD_COLLATION_CONNECTION */;
